NVMe_from_ceph,NVMe_from_transfer,NVMe_total_util,num_workers,Goodput
0.5752921999999999,3.7195723,6.0333705,52,3.8856616
0.55713683,3.8173087,6.1247163,52,3.754859
0.79625475,3.030413,5.765443,52,3.4957006
0.64028126,3.144806,5.7062040000000005,52,3.4532363
