NVMe_from_ceph,NVMe_from_transfer,NVMe_total_util,num_workers,Goodput
1.8986065,3.5469267,6.0603989999999985,68,3.3421438
0.01627672,4.069381,6.4012400000000005,68,2.9920983
0.14380261,4.0351596,6.3925133,68,3.7287529
-0.019183032,3.9496343,6.205603,68,2.9994206
