NVMe_from_ceph,NVMe_from_transfer,NVMe_total_util
1.8986065,3.5469267,6.060399
0.01627672,4.069381,6.40124
0.14380261,4.0351596,6.3925133
-0.019183032,3.9496343,6.205603
