NVMe_from_ceph,NVMe_from_transfer,NVMe_total_util
0.6860669,2.848662,5.1339273
1.2742822,3.7548516,5.9319177
1.4491078,3.6022866,5.902198
1.2714924,3.9231157,6.3227916
