NVMe_from_ceph,NVMe_from_transfer,NVMe_total_util,num_workers,Goodput
0.6860669,2.848662,5.1339273,53,2.9547882
1.2742822,3.7548516,5.9319177000000005,53,3.6206107
1.4491078000000002,3.6022866,5.902198,53,3.590945
1.2714924,3.9231157,6.3227916,53,4.1161833
