NVMe_from_ceph,NVMe_from_transfer,NVMe_total_util,num_workers,Goodput
1.5364944,3.4808807,5.9571695,52,3.2951531
0.4064078,3.6567247,5.9005623,52,3.3406491
0.37381184,3.659131,5.916068,52,3.3412766
0.11757945,3.753556,6.001765,52,3.568665
