NVMe_from_ceph,NVMe_from_transfer,NVMe_total_util,num_workers,Goodput
0.8635564,0.83215934,2.3950274,54,0.9410912
0.27722237,0.763698,2.2134116,54,0.8676926
0.17258528,0.85832345,2.504836,54,0.81145006
0.1463963,0.8101065,2.3480284,54,0.95343256
