CPU,CPU_count,Goodput,Memory_total,Memory_used,NIC_speed,NVMe_from_ceph,NVMe_from_transfer,NVMe_total_util,Storage_count,network_throughput,num_workers
1.2773333333122232,16.0,0.0,34359738368.0,134361088.0,100000000000.0,0.0,1756364.8,0.015866666665533557,8.0,1280034.2666666666,60.0
1.8402437409545191,16.0,997163876.947663,34359738368.0,134361088.0,100000000000.0,14679187.17710955,417115392.2373824,0.7812955358307717,8.0,416810945.95310634,60.0
3.595893168678439,16.0,885361022.0946534,34359738368.0,134361088.0,100000000000.0,134115276.8755872,1280127811.0320761,3.201986310563341,8.0,1278430598.376057,60.0
2.9593333333420255,16.0,840905830.4000001,34359738368.0,591581184.0,100000000000.0,134222097.06666666,797578581.3333331,2.5548000000029183,8.0,808565980.8,60.0
2.98433437766221,16.0,855231419.7333333,34359738368.0,591581184.0,100000000000.0,134208780.7479501,844096558.8960737,2.5361642557151987,8.0,839524214.9856677,60.0
3.00366691116218,16.0,787152765.0050865,34359738368.0,584232960.0,100000000000.0,122513520.10134009,869953915.8610573,2.581972131478272,8.0,880239934.5956397,60.0
2.563333333314707,16.0,618422242.1524663,34359738368.0,584232960.0,100000000000.0,19922944.0,613386922.6666666,1.9489999999971286,8.0,615332859.2666667,60.0
2.6260000000397365,16.0,603658342.4000001,34359738368.0,582295552.0,100000000000.0,19949158.400000002,662779221.3333334,2.070066666669057,8.0,656874303.3333334,60.0
2.4666666666356227,16.0,691139925.3333333,34359738368.0,582295552.0,100000000000.0,19922944.0,588082107.7333333,1.8372666666652853,8.0,597939041.0666667,60.0
