CPU,CPU_count,Goodput,Memory_total,Memory_used,NIC_speed,NVMe_from_ceph,NVMe_from_transfer,NVMe_total_util,Storage_count,network_throughput,num_workers
1.2906666667200626,16.0,178997.46230780712,34359738368.0,119590912.0,100000000000.0,0.0,1668983.4666666668,0.014799999998649583,8.0,1884425.8666666667,70.0
1.5506666666517657,16.0,656321453.6734829,34359738368.0,137400320.0,100000000000.0,280712.5333333333,254214144.00000003,0.35439999999944116,8.0,249443969.53333333,70.0
3.3703086460778433,16.0,893196110.762661,34359738368.0,137400320.0,100000000000.0,134348581.56122923,1021985175.3883076,2.9832011199285047,8.0,1019862766.8822079,70.0
2.702313487568322,16.0,691086097.0666667,34359738368.0,578760704.0,100000000000.0,134089041.66944464,675187873.3248883,2.2559503966892014,8.0,689278387.0924728,70.0
3.130666666664183,16.0,700915977.6369735,34359738368.0,577527808.0,100000000000.0,134217728.0,856058811.7333333,2.743600000004517,8.0,853112428.7333333,70.0
2.8446666666616993,16.0,763510037.6924185,34359738368.0,577527808.0,100000000000.0,134012381.86666667,730756164.2666667,2.421799999997408,8.0,738499921.4,70.0
2.988000000019868,16.0,1147690407.8394773,34359738368.0,577527808.0,100000000000.0,19922944.0,918467652.2666667,2.158666666666977,8.0,914244251.8666667,70.0
2.7966666667411726,16.0,626079532.7688513,34359738368.0,580665344.0,100000000000.0,19927313.066666666,745609079.4666667,2.146066666666108,8.0,750907756.5333333,70.0
3.072995133585738,16.0,870745777.9679146,34359738368.0,580665344.0,100000000000.0,19921615.89227385,850061029.5313647,2.5298313445778042,8.0,867514760.6826212,70.0
