CPU,CPU_count,Goodput,Memory_total,Memory_used,NIC_speed,NVMe_from_ceph,NVMe_from_transfer,NVMe_total_util,Storage_count,network_throughput,num_workers
1.3606666666455567,16.0,128136.53333333333,34359738368.0,63938560.0,100000000000.0,0.0,1494220.7999999998,0.013000000004346172,8.0,900792.0,8.0
2.579333333298564,16.0,108773649.06666669,34359738368.0,502403072.0,100000000000.0,834913348.2666665,348650700.8,2.544866666663438,8.0,350489211.73333335,8.0
4.10133333336562,16.0,700394325.3333333,34359738368.0,502403072.0,100000000000.0,2008791995.7333333,675591782.4,5.512799999998727,8.0,671700903.9333333,8.0
3.8919999999925494,16.0,578532147.2,34359738368.0,520183808.0,100000000000.0,2033717521.0666668,584349013.3333334,5.432800000005713,8.0,595396841.4,8.0
4.012932471164864,16.0,633162308.2666668,34359738368.0,520302592.0,100000000000.0,2040288019.19872,621923031.2645824,5.487967468836187,8.0,623808312.0458636,8.0
3.3456897126437846,16.0,565447598.4267716,34359738368.0,520302592.0,100000000000.0,1452204180.0120008,570773326.2217481,4.385559037267847,8.0,564903080.3386892,8.0
2.8986666666654246,16.0,603797343.2895527,34359738368.0,520302592.0,100000000000.0,605028352.0,615106969.6,2.883399999999286,8.0,629699851.6,8.0
3.0653333333320916,16.0,676130250.5166322,34359738368.0,518422528.0,100000000000.0,604962816.0,669585681.0666666,2.9376000000008693,8.0,673772131.6666666,8.0
2.847333333361894,16.0,669528325.8883926,34359738368.0,518422528.0,100000000000.0,604993399.4666667,566584388.2666667,2.8195333333297947,8.0,569920611.8,8.0
