NVMe_from_ceph,NVMe_from_transfer,NVMe_total_util,num_workers,Goodput
1.3687136,0.5395794,1.7280861,54,0.7366059
0.34809044,0.64910877,1.9134548,54,0.82383287
0.7049191,0.59438914,1.7436763,54,0.79580116
0.4379676,0.6891961,1.9306517,54,0.8409115
