NVMe_from_ceph,NVMe_from_transfer,NVMe_total_util,num_workers,Goodput
0.5710774000000001,3.8442893,6.164934,54,3.9344218
0.63253695,4.0536737,6.3305306,54,3.2212055
0.5292747,3.6827452,5.9394817,54,3.2604368
0.6026638000000001,3.617089,5.9384155,54,3.3312347
