NVMe_from_ceph,NVMe_from_transfer,NVMe_total_util,num_workers,Goodput
0.81731176,1.6512179,3.7708683,64,1.0722337
1.3445708,2.310869,4.577858,64,2.5298414
1.7506553,2.5224037,4.940011,64,3.1453714
1.4778156999999998,2.6355093,4.988221599999998,64,3.0860825
