NVMe_from_ceph,NVMe_from_transfer,NVMe_total_util
1.656694,3.2546022,5.6809745
0.049327586,3.312815,5.623263
0.030490415,3.3221014,5.623064
0.047139756,3.8638365,6.1101937
