NVMe_from_ceph,NVMe_from_transfer,NVMe_total_util,num_workers,Goodput
1.656694,3.2546022,5.6809745000000005,65,3.3735213
0.049327586,3.312815,5.623263,65,3.4328241
0.030490415,3.3221014,5.623064,65,3.4967215
0.047139756,3.8638365,6.110193700000001,65,2.9227788
