NVMe_from_ceph,NVMe_from_transfer,NVMe_total_util,num_workers,Goodput
1.1444367,3.7911732,6.247319999999998,53,3.9907029
0.22086588,3.641083,6.1262164000000014,53,3.6790092
0.33930314,3.552435,6.0326104,53,3.7165976
0.31060603,3.7280755,6.176704,53,3.6866426
