NVMe_from_ceph,NVMe_from_transfer,NVMe_total_util
1.1444367,3.7911732,6.24732
0.22086588,3.641083,6.1262164
0.33930314,3.552435,6.0326104
0.31060603,3.7280755,6.176704
