NVMe_from_ceph,NVMe_from_transfer,NVMe_total_util,num_workers,Goodput
0.9871715,3.5923927000000004,5.985,85,3.4758852
0.7615725,3.0997689,5.6024184,85,3.674092
0.3445737,3.4436252,5.794429,85,3.4614062
0.33199093,3.4747994,5.809743,85,3.418716
