NVMe_from_ceph,NVMe_from_transfer,NVMe_total_util,num_workers,Goodput
0.95243275,2.7698748,4.778587,57,2.9638648
1.2124193,3.5217934,5.5968304,57,3.291495
1.3748274,3.4255797999999995,5.7729664000000005,57,3.645882
1.4514925,3.0388284,5.339904,57,3.2924619
