NVMe_from_ceph,NVMe_from_transfer,NVMe_total_util,num_workers,Goodput
1.9230123,3.6680522,6.1890745,53,3.9133732
-0.06593639400000001,4.1283097,6.4436374,53,3.0760903
-0.107439406,4.157901,6.439617,53,3.0155675
0.080395475,3.9278207,6.205291000000001,53,3.2220993
