NVMe_from_ceph,NVMe_from_transfer,NVMe_total_util
1.9230123,3.6680522,6.1890745
-0.065936394,4.1283097,6.4436374
-0.107439406,4.157901,6.439617
0.080395475,3.9278207,6.205291
