NVMe_from_ceph,NVMe_from_transfer,NVMe_total_util,num_workers,Goodput
0.95264614,0.7715535,2.1997051,54,0.8300531
0.15864472,0.83257014,2.3754764,54,0.9562666
0.13980058,0.8549023000000001,2.4072626,54,0.9660976
0.19292313,0.9498569,2.621336,54,0.91321754
