NVMe_from_ceph,NVMe_from_transfer,NVMe_total_util
0.95264614,0.7715535,2.1997051
0.15864472,0.83257014,2.3754764
0.13980058,0.8549023,2.4072626
0.19292313,0.9498569,2.621336
