NVMe_from_ceph,NVMe_from_transfer,NVMe_total_util,num_workers,Goodput
0.5734188,3.9174328,6.1619199999999985,49,3.7198868
0.60823643,3.5051703,5.8760295,49,3.5455556
0.596925,3.6651533,6.1436033,49,3.6010659
0.38203466,3.5275164,5.857659,49,3.3703785
