NVMe_from_ceph,NVMe_from_transfer,NVMe_total_util
0.5734188,3.9174328,6.16192
0.60823643,3.5051703,5.8760295
0.596925,3.6651533,6.1436033
0.38203466,3.5275164,5.857659
