CPU,CPU_count,Goodput,Memory_total,Memory_used,NIC_speed,NVMe_from_ceph,NVMe_from_transfer,NVMe_total_util,Storage_count,network_throughput,num_workers
1.1182078805117086,16.0,0.0,34359738368.0,104771584.0,100000000000.0,0.0,1905040.0693379554,0.017667844524869775,8.0,417879.8586572438,40.0
2.2846666666989526,16.0,774220185.6,34359738368.0,104771584.0,100000000000.0,78223769.60000001,675558468.2666668,1.386866666666659,8.0,671954241.2666667,40.0
3.180321311893914,16.0,941838866.0577372,34359738368.0,568025088.0,100000000000.0,134210965.13565761,1097354196.6535563,2.8122125191645195,8.0,1083134333.3111126,40.0
2.898326555071386,16.0,1007683954.9363375,34359738368.0,568025088.0,100000000000.0,134226676.44509634,849253536.3690913,2.4430962064137765,8.0,872067046.6031069,40.0
2.6995336443265225,16.0,868542327.4666666,34359738368.0,561553408.0,100000000000.0,134202533.77748169,843268161.4923385,2.146302465023341,8.0,856477018.5209861,40.0
2.9553035356208754,16.0,763994350.9333333,34359738368.0,561553408.0,100000000000.0,67573343.29553035,832950154.503002,2.5190126751183364,8.0,821700379.653102,40.0
2.9239999999913078,16.0,952850841.6,34359738368.0,564240384.0,100000000000.0,19997218.133333333,923070464.0,2.4362666666662944,8.0,933902036.9333333,40.0
2.6950203320039434,16.0,709530173.4782318,34359738368.0,564240384.0,100000000000.0,19921615.89227385,762995158.1894541,2.140657289513613,8.0,755976075.7282848,40.0
2.9890851359396704,16.0,820634970.1265153,34359738368.0,564240384.0,100000000000.0,19911811.073625717,926329759.6083878,2.5363498048547752,8.0,951993691.6716279,40.0
