NVMe_from_ceph,NVMe_from_transfer,NVMe_total_util
0.687,3.431796,5.754203
0.66992736,3.402403,5.7442474
0.3298245,3.4092472,5.707375
0.6243498,3.2813253,5.612389
