NVMe_from_ceph,NVMe_from_transfer,NVMe_total_util,num_workers,Goodput
0.687,3.431796,5.754203,68,3.5978763
0.66992736,3.402403,5.7442474,68,3.6729615
0.3298245,3.4092472000000003,5.707375,68,3.1393416
0.6243498000000001,3.2813253,5.612389,68,3.69105
