NVMe_from_ceph,NVMe_from_transfer,NVMe_total_util,num_workers,Goodput
0.392211,3.0677884,5.826064,53,3.6084309
0.19982323,3.6501749,6.1904309999999985,53,3.774562
-0.06286825,3.6458457,6.178121599999999,53,3.5273468
1.1779369,3.6226106,6.303505,53,3.9472675
