NVMe_from_ceph,NVMe_from_transfer,NVMe_total_util
0.392211,3.0677884,5.826064
0.19982323,3.6501749,6.190431
-0.06286825,3.6458457,6.1781216
1.1779369,3.6226106,6.303505
