NVMe_from_ceph,NVMe_from_transfer,NVMe_total_util
0.7587769,3.865039,6.1002154
0.72058046,3.9656801,6.123358
0.3407295,3.8656046,6.1924686
0.47643408,3.4955924,5.863459
