NVMe_from_ceph,NVMe_from_transfer,NVMe_total_util,num_workers,Goodput
0.7587769,3.865039,6.1002154000000015,52,3.8265102
0.72058046,3.9656801,6.1233580000000005,52,3.6245346
0.3407295,3.8656046,6.1924686,52,3.8373258
0.47643408,3.4955924,5.863459,52,3.2938433
