NVMe_from_ceph,NVMe_from_transfer,NVMe_total_util,num_workers,Goodput
0.33783713,0.5868034000000001,1.7851908,54,0.6622946
0.10139842,0.5977815,1.7597327,54,0.78608
0.17885509,0.61279726,1.818126,54,0.78421366
0.43968794,0.6164828,1.8255521,54,0.8164662
