CPU,CPU_count,Goodput,Memory_total,Memory_used,NIC_speed,NVMe_from_ceph,NVMe_from_transfer,NVMe_total_util,Storage_count,network_throughput,num_workers
1.1882125474460423,16.0,111206.21134359784,34359738368.0,110788608.0,100000000000.0,0.0,1843869.0579371955,0.016334422294509193,8.0,446900.92672844854,30.0
1.2513333333345753,16.0,597374287.798946,34359738368.0,110788608.0,100000000000.0,1092.2666666666667,105878323.19999999,0.16213333333143964,8.0,103746873.93333334,30.0
3.032000000060846,16.0,809715045.536369,34359738368.0,110788608.0,100000000000.0,111009245.86666666,972259601.0666666,2.556200000001506,8.0,969094681.5333333,30.0
2.6326666666505236,16.0,817140395.440304,34359738368.0,570085376.0,100000000000.0,134219912.53333333,782317704.5333333,2.044466666667722,8.0,797202675.0666667,30.0
2.602666666638106,16.0,829252096.0,34359738368.0,570085376.0,100000000000.0,134217728.0,750590361.6,2.0110666666664962,8.0,748452811.5333333,30.0
3.130666666664183,16.0,669083061.004067,34359738368.0,565780480.0,100000000000.0,134361907.2,868309674.6666667,2.43106666666572,8.0,862655359.0,30.0
2.4623691753373986,16.0,710974566.3999999,34359738368.0,565780480.0,100000000000.0,39563630.15798947,668815009.1327244,1.7858809412730654,8.0,689840862.6758217,30.0
2.4396293087199226,16.0,801109993.2004533,34359738368.0,570449920.0,100000000000.0,19928641.642776184,682535494.89966,1.7461164077587321,8.0,687500529.9686645,30.0
2.921333333260069,16.0,876421794.5196346,34359738368.0,570449920.0,100000000000.0,19922944.0,868426001.0666666,2.2927999999975626,8.0,873513187.6666666,30.0
