NVMe_from_ceph,NVMe_from_transfer,NVMe_total_util
0.94533134,0.4659516,1.5864606
0.33179706,0.6654716,2.091403
0.12418468,0.82696533,2.3285253
0.19758126,0.8829153,2.407963
