NVMe_from_ceph,NVMe_from_transfer,NVMe_total_util,num_workers,Goodput
0.94533134,0.4659516,1.5864606,54,0.3785274
0.33179706,0.6654715999999999,2.091403,54,0.83414185
0.12418468,0.82696533,2.3285253,54,0.91981447
0.19758126,0.8829153000000001,2.407963,54,0.9796411
