NVMe_from_ceph,NVMe_from_transfer,NVMe_total_util,num_workers,Goodput
0.76720876,3.2397234,5.6612434,68,3.481973
0.5748598,3.4674788,5.8407087,68,3.5717878
0.59241015,3.3161120000000004,5.668732,68,3.5465338
0.5601863,3.2269316000000003,5.6002502,68,3.8231318
