NVMe_from_ceph,NVMe_from_transfer,NVMe_total_util
0.76720876,3.2397234,5.6612434
0.5748598,3.4674788,5.8407087
0.59241015,3.316112,5.668732
0.5601863,3.2269316,5.6002502
