NVMe_from_ceph,NVMe_from_transfer,NVMe_total_util
1.1712627,3.388768,5.942593
0.79569054,3.4862375,6.0688534
-0.1416036,3.5858924,5.999918
-0.05483022,3.7502103,6.228573
