NVMe_from_ceph,NVMe_from_transfer,NVMe_total_util,num_workers,Goodput
1.1712627,3.388768,5.9425930000000005,66,3.570291
0.79569054,3.4862375,6.068853400000001,66,3.7368112
-0.1416036,3.5858924,5.999918,66,3.446072
-0.05483022,3.7502103,6.228573,66,3.1676686
