NVMe_from_ceph,NVMe_from_transfer,NVMe_total_util
0.7928407,3.8123138,6.3161187
0.4889402,3.6960833,6.113066
0.83208746,3.9235604,6.41238
0.3981942,3.5240104,5.9200563
