NVMe_from_ceph,NVMe_from_transfer,NVMe_total_util,num_workers,Goodput
0.7928407,3.8123138,6.3161187000000005,53,4.0341587
0.4889402,3.6960833,6.113066000000001,53,3.5773253
0.83208746,3.9235604,6.4123800000000015,53,3.9852974
0.3981942,3.5240104,5.9200563,53,3.4048147
