CPU,CPU_count,Goodput,Memory_total,Memory_used,NIC_speed,NVMe_from_ceph,NVMe_from_transfer,NVMe_total_util,Storage_count,network_throughput,num_workers
1.2360000000024838,16.0,0.0,34359738368.0,122585088.0,100000000000.0,0.0,1756364.8,0.015799999999580906,8.0,707454.6666666666,80.0
1.8860000000024835,16.0,650615457.5638375,34359738368.0,122585088.0,100000000000.0,9997516.799999999,436770952.5333333,0.7616666666678309,8.0,428636563.0,80.0
2.7946666666927436,16.0,646010743.4666667,34359738368.0,585744384.0,100000000000.0,134217728.0,756406135.4666668,2.25946666666617,8.0,763465088.9333333,80.0
2.4879217408924705,16.0,769487394.1333333,34359738368.0,585744384.0,100000000000.0,134327648.1000865,541066690.0911691,1.821720902375724,8.0,534840645.3051175,80.0
3.3022106457769116,16.0,873448789.3333333,34359738368.0,584912896.0,100000000000.0,134109599.9465705,976019379.9505777,3.0154277699875296,8.0,993491577.5061778,80.0
3.1799999999813737,16.0,876639334.4,34359738368.0,584912896.0,100000000000.0,125693678.93333334,843491464.5333333,2.807466666666248,8.0,843646406.6,80.0
3.094666666723788,16.0,961943688.5333334,34359738368.0,584912896.0,100000000000.0,19922944.0,910043272.5333333,2.695066666667117,8.0,894031842.6,80.0
3.0209986000970517,16.0,842507127.4666666,34359738368.0,584179712.0,100000000000.0,19925984.667688824,869696763.6824211,2.470168655422506,8.0,895721989.3340445,80.0
2.9574071609508206,16.0,940631477.9014733,34359738368.0,584601600.0,100000000000.0,19958254.758418743,867152040.4631971,2.5315453214440873,8.0,870309208.3056036,80.0
