NVMe_from_ceph,NVMe_from_transfer,NVMe_total_util,num_workers,Goodput
1.1843649,0.78547496,2.1837826,54,0.85977936
0.45136464,0.9898416,2.6737633,54,1.0280385
0.19137615,0.981074,2.600368,54,1.0163543
0.1346083,0.94452983,2.5541150000000004,54,0.97350323
