NVMe_from_ceph,NVMe_from_transfer,NVMe_total_util
1.1843649,0.78547496,2.1837826
0.45136464,0.9898416,2.6737633
0.19137615,0.981074,2.600368
0.1346083,0.94452983,2.554115
