NVMe_from_ceph,NVMe_from_transfer,NVMe_total_util,num_workers,Goodput
1.4926271,3.4914093,6.218184,85,3.7333088
0.55928457,4.1341324,6.801556,85,4.3333445
0.081773154,3.5947089999999995,6.195602,85,3.3472807
0.10725026,3.5113685,6.1187925000000005,85,3.585465
