NVMe_from_ceph,NVMe_from_transfer,NVMe_total_util,num_workers,Goodput
1.0845875,3.5746043,5.9482903,48,3.45236
0.051853795,3.7313905,6.0072765,48,3.265527
-0.09596533,3.611032,5.9208913,48,3.5807183
-0.13728012,3.3590848,5.805584,48,3.261644
