NVMe_from_ceph,NVMe_from_transfer,NVMe_total_util
1.0845875,3.5746043,5.9482903
0.051853795,3.7313905,6.0072765
-0.09596533,3.611032,5.9208913
-0.13728012,3.3590848,5.805584
