NVMe_from_ceph,NVMe_from_transfer,NVMe_total_util,num_workers,Goodput
0.5209489,2.7132251,5.0411353,53,2.9655354
1.080622,3.0099998,5.489418,53,3.2470806
1.53651,3.1995718,5.6764903,53,3.3815184
1.4800129,3.490170200000001,6.0419874,53,3.7392151
