NVMe_from_ceph,NVMe_from_transfer,NVMe_total_util
0.73159003,3.5724251,5.7504306
0.6842267,4.159047,6.128736
0.44577157,4.2401934,6.268992
0.78168446,3.700302,5.8084874
