NVMe_from_ceph,NVMe_from_transfer,NVMe_total_util,num_workers,Goodput
0.73159003,3.5724251,5.7504306,69,3.410821
0.6842267,4.159047,6.128736,69,3.0616791
0.44577157,4.2401934,6.268992,69,3.8258395
0.78168446,3.700302,5.8084874000000015,69,3.5231783
