NVMe_from_ceph,NVMe_from_transfer,NVMe_total_util,num_workers,Goodput
2.2206228,2.8400557,5.345717400000002,65,3.1846178
0.11046701,3.2729337000000003,5.4220169999999985,65,3.4574876
-0.08358439999999999,3.4056866,5.534095,65,2.9925492
0.012162893,3.394826,5.527619400000002,65,2.9300125
