NVMe_from_ceph,NVMe_from_transfer,NVMe_total_util,num_workers,Goodput
0.8131438,3.953325,6.5260477,66,4.188695
0.42693588,3.89163,6.3981442,66,3.87423
0.18824345,3.9160202000000006,6.377004,66,3.7736404
0.3675853,3.7225215,6.135735,66,3.377295
