NVMe_from_ceph,NVMe_from_transfer,NVMe_total_util
0.71691006,3.5455344,6.173086
0.5320967,3.5813262,6.169029
0.6255277,3.3236408,6.000298
0.5722025,3.2021408,5.8863406
