NVMe_from_ceph,NVMe_from_transfer,NVMe_total_util,num_workers,Goodput
0.71691006,3.5455344,6.173086,54,3.8951871
0.5320967,3.5813262000000003,6.169029,54,3.8846738
0.6255276999999999,3.3236408,6.000298,54,3.5911267
0.5722025,3.2021408,5.8863406,54,3.6590154
