NVMe_from_ceph,NVMe_from_transfer,NVMe_total_util,num_workers,Goodput
1.4240646,0.4174826,1.4718989,54,0.38210315
0.15748355,0.6284953000000001,1.8604405,54,0.806793
-0.040417843,0.567948,1.6286521,54,0.6405006
0.024779748,0.619808,1.8110225,54,0.8000051
