NVMe_from_ceph,NVMe_from_transfer,NVMe_total_util
1.4240646,0.4174826,1.4718989
0.15748355,0.6284953,1.8604405
-0.040417843,0.567948,1.6286521
0.024779748,0.619808,1.8110225
