NVMe_from_ceph,NVMe_from_transfer,NVMe_total_util,num_workers,Goodput
1.2516396,4.081159,6.4459805,69,4.116742
1.2670102,3.139528,5.8551455,69,3.6570997
1.1673272,2.5176115,4.9107037,69,2.9399586
1.3526226,4.1947765,6.8615155,69,4.2722855
