NVMe_from_ceph,NVMe_from_transfer,NVMe_total_util,num_workers,Goodput
1.1370165,4.2650757000000015,6.4701023,85,4.0436463
0.35233587,3.8203123,6.284992,85,3.556644
-0.1896874,4.038048000000002,6.3163157,85,2.870803
0.6557395,4.2296014,6.5934677,85,4.197398
