NVMe_from_ceph,NVMe_from_transfer,NVMe_total_util
0.6808001,3.6537123,5.8852844
0.69112456,3.668664,5.8821855
0.4717107,4.237205,6.46109
0.460827,4.1044855,6.2748404
