NVMe_from_ceph,NVMe_from_transfer,NVMe_total_util,num_workers,Goodput
0.6808001,3.6537123,5.8852844000000015,85,3.3861716
0.69112456,3.668664,5.8821855,85,3.533607
0.4717107,4.237205,6.46109,85,3.9690332
0.460827,4.1044855,6.2748404,85,3.6469116
