NVMe_from_ceph,NVMe_from_transfer,NVMe_total_util,num_workers,Goodput
0.6406348000000001,1.0271719,2.9706,33,1.0355525
0.17653753,1.0766553,3.0896695,33,1.0992316
0.08377043,1.0479994,3.0088584,33,1.0554223
0.2169955,1.07827,3.0414822,33,1.1042602
