NVMe_from_ceph,NVMe_from_transfer,NVMe_total_util,num_workers,Goodput
0.8500558000000001,1.4380006,3.8588333,41,1.766646
1.397271,2.1692832,5.073848,41,2.4678636
1.5981562,1.8590138,4.6287794,41,2.4031172
1.4190284,1.9829113,4.7298517,41,2.3226626
