NVMe_from_ceph,NVMe_from_transfer,NVMe_total_util,num_workers,Goodput
0.9085408,3.1615818,6.1696887,85,3.6718173
0.39583993,3.3763087,6.282414,85,3.4655674
0.3690844,3.182022,6.139743,85,3.7138784
0.20259474,3.42192,6.3950143,85,3.429447
