NVMe_from_ceph,NVMe_from_transfer,NVMe_total_util,num_workers,Goodput
0.6250826,3.2867794000000004,6.174333,65,3.759295
0.6540901,2.9931433,5.8299627,65,3.4233985
0.5574779000000001,2.8928888,5.7535787,65,3.3533227
0.4145406,3.631057,6.6756597000000015,65,3.7281106
