NVMe_from_ceph,NVMe_from_transfer,NVMe_total_util
0.6250826,3.2867794,6.174333
0.6540901,2.9931433,5.8299627
0.5574779,2.8928888,5.7535787
0.4145406,3.631057,6.6756597
