NVMe_from_ceph,NVMe_from_transfer,NVMe_total_util
0.9916899,3.6063073,5.9958014
1.336242,4.0143204,6.5268745
1.5066617,3.643059,6.226574
1.3398827,3.61189,6.092091
