NVMe_from_ceph,NVMe_from_transfer,NVMe_total_util,num_workers,Goodput
0.9916899,3.6063073,5.9958014,66,3.622761
1.336242,4.0143204,6.5268745,66,4.383333
1.5066617,3.643059,6.2265739999999985,66,3.799057
1.3398827,3.61189,6.092091,66,3.847967
