NVMe_from_ceph,NVMe_from_transfer,NVMe_total_util,num_workers,Goodput
0.52236575,0.93677276,2.503773,54,0.97867584
0.3047704,0.86597085,2.27633,54,0.93354297
0.34126687,0.743657,1.9686507,54,0.85543084
0.21076015,0.7946314,2.1012027,54,0.96615446
