NVMe_from_ceph,NVMe_from_transfer,NVMe_total_util
0.52236575,0.93677276,2.503773
0.3047704,0.86597085,2.27633
0.34126687,0.743657,1.9686507
0.21076015,0.7946314,2.1012027
