NVMe_from_ceph,NVMe_from_transfer,NVMe_total_util,num_workers,Goodput
2.3134944,2.9964310000000003,5.6708455,69,3.5001576
1.328998,3.0178907,5.5246415,69,3.628058
-0.16904876,3.6172633,5.814605,69,3.160846
0.043763015,3.9126196,6.128634,69,2.6849108
