NVMe_from_ceph,NVMe_from_transfer,NVMe_total_util
2.3134944,2.996431,5.6708455
1.328998,3.0178907,5.5246415
-0.16904876,3.6172633,5.814605
0.043763015,3.9126196,6.128634
