NVMe_from_ceph,NVMe_from_transfer,NVMe_total_util,num_workers,Goodput
0.5626986999999999,3.6673825,6.088065599999998,54,3.6719627
0.525702,3.822316,6.2642946,54,4.013124
0.66781515,3.2463868,5.8566965999999985,54,3.5788703
0.39375022,3.2548065,5.715219,54,3.5469544
