NVMe_from_ceph,NVMe_from_transfer,NVMe_total_util
0.5626987,3.6673825,6.0880656
0.525702,3.822316,6.2642946
0.66781515,3.2463868,5.8566966
0.39375022,3.2548065,5.715219
