NVMe_from_ceph,NVMe_from_transfer,NVMe_total_util,num_workers,Goodput
0.31498787,3.7271235,6.1811137,52,3.7028909
0.17382449,3.636318,6.065353400000001,52,3.6934385
0.030190513,3.8125303,6.2028349999999985,52,3.4439015
0.116430484,3.780482,6.1664330000000005,52,3.9124477
