NVMe_from_ceph,NVMe_from_transfer,NVMe_total_util
0.31498787,3.7271235,6.1811137
0.17382449,3.636318,6.0653534
0.030190513,3.8125303,6.202835
0.116430484,3.780482,6.166433
