NVMe_from_ceph,NVMe_from_transfer,NVMe_total_util
0.65165466,3.6208234,5.9642515
0.67943746,3.3231745,5.786891
0.516508,3.2070503,5.6891003
0.5943111,3.188166,5.673021
