NVMe_from_ceph,NVMe_from_transfer,NVMe_total_util,num_workers,Goodput
0.65165466,3.6208234,5.9642515,68,3.6285117
0.67943746,3.3231745000000004,5.786891000000002,68,3.8737416
0.516508,3.2070503,5.6891003,68,3.605561
0.5943111,3.188166,5.673021,68,3.5878665
