NVMe_from_ceph,NVMe_from_transfer,NVMe_total_util,num_workers,Goodput
1.1079954,2.9451275000000003,4.950759400000001,48,3.1795015
1.5808086,3.978673,6.1611147000000015,48,3.9324596
1.4811496000000002,3.7972498,6.053966,48,3.7388372
1.2441725,3.7332175,6.0151075999999986,48,3.5898051
