NVMe_from_ceph,NVMe_from_transfer,NVMe_total_util
1.1079954,2.9451275,4.9507594
1.5808086,3.978673,6.1611147
1.4811496,3.7972498,6.053966
1.2441725,3.7332175,6.0151076
