NVMe_from_ceph,NVMe_from_transfer,NVMe_total_util,num_workers,Goodput
0.9249552,0.752606,2.107698,54,0.8586472
0.17438398,0.9072429,2.5322487,54,0.9376234
0.1185602,0.93483716,2.6258476,54,0.9521452
0.26014063,0.91249377,2.5425744,54,0.94486713
