NVMe_from_ceph,NVMe_from_transfer,NVMe_total_util,num_workers,Goodput
1.1952955,2.4615555,4.937379,66,2.8930256
1.6211298,2.6904128,5.433929,66,3.528682
1.5225402,2.9500766,5.6188993,66,3.5351443
1.3774945,2.9544662999999995,5.6315055,66,3.555672
