NVMe_from_ceph,NVMe_from_transfer,NVMe_total_util,num_workers,Goodput
0.5461749,3.7943802,6.37197,85,3.6191788
0.16404735,4.2337537,6.5012155,85,4.2350388
0.19511668,4.036133,6.301553,85,3.577769
0.29962468,3.6784155,6.011757,85,3.4890218
