NVMe_from_ceph,NVMe_from_transfer,NVMe_total_util
0.5461749,3.7943802,6.37197
0.16404735,4.2337537,6.5012155
0.19511668,4.036133,6.301553
0.29962468,3.6784155,6.011757
