NVMe_from_ceph,NVMe_from_transfer,NVMe_total_util
0.2604624,3.554283,5.928015
0.0014803351,3.6414344,5.9212437
-0.21590567,3.7456405,6.0136714
0.1782613,3.7437754,6.0457387
