NVMe_from_ceph,NVMe_from_transfer,NVMe_total_util,num_workers,Goodput
0.2604624,3.5542830000000003,5.928015,52,3.4332213
0.0014803351000000002,3.6414344,5.9212437000000016,52,2.9497874
-0.21590567,3.7456405,6.0136714000000016,52,3.1706116
0.17826129999999998,3.7437754,6.0457387,52,3.7291563
