NVMe_from_ceph,NVMe_from_transfer,NVMe_total_util,num_workers,Goodput
0.77799535,3.6027484,5.86489,69,3.3365629
0.73809844,4.114381,6.2804,69,3.765976
0.44663653,3.3317602,5.6803665,69,3.447045
0.41537297,3.47795,5.730814499999998,69,3.5099804
