CPU,CPU_count,Goodput,Memory_total,Memory_used,NIC_speed,NVMe_from_ceph,NVMe_from_transfer,NVMe_total_util,Storage_count,network_throughput,num_workers
1.1937870808550672,16.0,0.0,34359738368.0,120692736.0,100000000000.0,0.0,1502858.7427504833,0.012132524496473212,8.0,528414.7723485101,60.0
1.232727030459567,16.0,370058308.26666665,34359738368.0,120692736.0,100000000000.0,0.0,1414728.7627423548,0.013258711443231099,8.0,1449420.7475514691,60.0
3.1600426780425117,16.0,908642747.7333333,34359738368.0,580218880.0,100000000000.0,112087711.92317952,1061126487.0632167,2.473259535874774,8.0,1056290666.5110695,60.0
3.2337445815135113,16.0,981659101.8666667,34359738368.0,580218880.0,100000000000.0,134192553.78459488,943606132.1773926,2.9661220406811273,8.0,946968421.2737579,60.0
2.9953333333445094,16.0,745463808.0,34359738368.0,580218880.0,100000000000.0,134219912.53333333,848200499.1999999,2.6249333333301665,8.0,852621879.9333333,60.0
2.8340000000161427,16.0,807742022.4915383,34359738368.0,579465216.0,100000000000.0,134217728.0,720465373.8666666,2.4585333333350716,8.0,735681582.4666667,60.0
2.6139999999975165,16.0,519723298.4678592,34359738368.0,579465216.0,100000000000.0,38871586.13333333,657116364.8000001,2.0012000000007295,8.0,657962273.6,60.0
2.8539999999726806,16.0,808446190.8127209,34359738368.0,579035136.0,100000000000.0,19922944.0,779499656.5333333,2.4208666666643697,8.0,786777054.7333333,60.0
3.0933333333271245,16.0,688464930.1333333,34359738368.0,579035136.0,100000000000.0,19927313.066666666,858891878.4,2.652199999999721,8.0,865394251.6,60.0
