NVMe_from_ceph,NVMe_from_transfer,NVMe_total_util,num_workers,Goodput
0.6488619000000001,0.97215104,2.4944031000000004,52,0.9462719
0.15681171,1.0494139999999998,2.7909813,52,1.0664747
0.17862979,1.0224731,2.689523,52,1.0100858
0.26087558,0.9835555,2.563811,52,0.97766757
