NVMe_from_ceph,NVMe_from_transfer,NVMe_total_util,num_workers,Goodput
0.61990595,3.860872,6.482595,54,4.177906
0.6672165,3.4773970000000003,6.1844816,54,3.4754243
0.521289,3.5141957,6.1833277,54,3.8075132
0.5612374,3.0124295,5.741584,54,3.57251
