NVMe_from_ceph,NVMe_from_transfer,NVMe_total_util
0.61990595,3.860872,6.482595
0.6672165,3.477397,6.1844816
0.521289,3.5141957,6.1833277
0.5612374,3.0124295,5.741584
