NVMe_from_ceph,NVMe_from_transfer,NVMe_total_util,num_workers,Goodput
0.96352017,3.3439522000000004,5.840798,52,3.3729787
0.25100544,3.7074378,6.1089754,52,3.7052524
0.32329643,3.569785,5.9924602999999985,52,3.6537418
0.37546557,3.5399077000000005,5.91648,52,3.4441872
