NVMe_from_ceph,NVMe_from_transfer,NVMe_total_util
0.96352017,3.3439522,5.840798
0.25100544,3.7074378,6.1089754
0.32329643,3.569785,5.9924603
0.37546557,3.5399077,5.91648
