NVMe_from_ceph,NVMe_from_transfer,NVMe_total_util,num_workers,Goodput
1.0485726999999998,3.671735500000001,6.057125599999999,53,3.7381752
0.109088905,3.7335947,6.1328654,53,3.685409
0.6688673,3.3658488,5.8672934,53,3.5262835
0.10922208,3.7347488,6.1015324999999985,53,3.6994357
