NVMe_from_ceph,NVMe_from_transfer,NVMe_total_util
1.0485727,3.6717355,6.0571256
0.109088905,3.7335947,6.1328654
0.6688673,3.3658488,5.8672934
0.10922208,3.7347488,6.1015325
