NVMe_from_ceph,NVMe_from_transfer,NVMe_total_util,num_workers,Goodput
0.61325747,3.6193988,6.1044540000000005,52,3.7528467
0.612294,3.3985550000000004,5.9051642,52,3.2911587
0.4583985,3.6805022,6.145397,52,3.6462612
0.6943293,3.5807722,6.130631,52,3.7725244
