NVMe_from_ceph,NVMe_from_transfer,NVMe_total_util
0.61325747,3.6193988,6.104454
0.612294,3.398555,5.9051642
0.4583985,3.6805022,6.145397
0.6943293,3.5807722,6.130631
