NVMe_from_ceph,NVMe_from_transfer,NVMe_total_util,num_workers,Goodput
0.03486841,3.6563988,6.2389410000000005,52,3.5035124
0.10052865,3.5898504,6.0881195,52,3.7365086
0.15983495,3.6364715,6.112826,52,3.765063
0.04016781,3.6832213,6.1497636,52,3.2735283
