NVMe_from_ceph,NVMe_from_transfer,NVMe_total_util,num_workers,Goodput
1.4586705,0.6695024,2.0509267,54,0.95464814
0.19308636,0.7160778,2.017281,54,0.8088392
0.14802374,0.7859765000000001,2.2702332000000003,54,0.88972783
0.053543877,0.79571676,2.28326,54,0.94705
