NVMe_from_ceph,NVMe_from_transfer,NVMe_total_util
1.4586705,0.6695024,2.0509267
0.19308636,0.7160778,2.017281
0.14802374,0.7859765,2.2702332
0.053543877,0.79571676,2.28326
