NVMe_from_ceph,NVMe_from_transfer,NVMe_total_util,num_workers,Goodput
0.57133245,3.6959565,6.2298837,68,3.5998983
0.53169906,3.4569216,6.040076999999998,68,3.5882225
0.60616136,3.265822,5.9241943,68,3.7580771
0.6183970999999999,3.1911116,5.896375,68,3.620484
