NVMe_from_ceph,NVMe_from_transfer,NVMe_total_util,num_workers,Goodput
0.7081079,3.1318502,5.3825,62,3.276677
1.2859486,3.965411,6.2009926,62,4.0647345
1.4537808,3.6293733,6.048945400000001,62,3.5719879
1.376447,3.703442,6.061935,62,3.6797423
