NVMe_from_ceph,NVMe_from_transfer,NVMe_total_util
0.7081079,3.1318502,5.3825
1.2859486,3.965411,6.2009926
1.4537808,3.6293733,6.0489454
1.376447,3.703442,6.061935
