NVMe_from_ceph,NVMe_from_transfer,NVMe_total_util,num_workers,Goodput
2.182067,3.0767002,5.7834682,68,3.5245557
0.3407495,3.118487,5.566136,68,3.613215
0.3591344,3.2549703,5.668561,68,3.6852136
0.102650665,3.5576317000000004,5.942022,68,3.5133162
