NVMe_from_ceph,NVMe_from_transfer,NVMe_total_util,num_workers,Goodput
0.67536473,3.665337,5.9395266,52,3.3627844
0.16786220000000002,3.725151,6.0351677000000015,52,3.8160124
0.20119679,3.8473334,6.126357,52,3.7368405
0.29787156,3.7494254,6.0397453,52,3.706062
