NVMe_from_ceph,NVMe_from_transfer,NVMe_total_util
0.67536473,3.665337,5.9395266
0.1678622,3.725151,6.0351677
0.20119679,3.8473334,6.126357
0.29787156,3.7494254,6.0397453
