CPU,CPU_count,Goodput,Memory_total,Memory_used,NIC_speed,NVMe_from_ceph,NVMe_from_transfer,NVMe_total_util,Storage_count,network_throughput,num_workers
1.3020000000173848,16.0,171956.9144309895,34359738368.0,44769280.0,100000000000.0,0.0,1494220.7999999998,0.013266666664276271,8.0,1061070.8666666667,100.0
2.239717352166588,16.0,751603438.9333334,34359738368.0,510701568.0,100000000000.0,18523607.759482697,385263190.4539698,0.7430837944135196,8.0,383305176.7215519,100.0
3.070338022569607,16.0,857347140.2666668,34359738368.0,510701568.0,100000000000.0,134231045.80305356,818080352.0234683,2.398159877323292,8.0,775374926.7284485,100.0
3.172988467425571,16.0,840281867.0755284,34359738368.0,504102912.0,100000000000.0,134208780.7479501,876151629.358043,2.7556829544650765,8.0,913309557.6961536,100.0
2.875658377233842,16.0,848486440.9627308,34359738368.0,504102912.0,100000000000.0,134231045.80305356,732463329.0219347,2.3088872591579683,8.0,733907871.991466,100.0
2.954666666655491,16.0,744385262.9333333,34359738368.0,504102912.0,100000000000.0,118419182.93333331,745654681.5999999,2.419933333333271,8.0,757341516.8666667,100.0
2.987667488806761,16.0,848544017.0666667,34359738368.0,506650624.0,100000000000.0,19925984.667688824,829214325.4449704,2.277381507903385,8.0,845230867.5421638,100.0
3.2240000000223517,16.0,898946218.6666667,34359738368.0,506650624.0,100000000000.0,19922944.0,929109879.4666667,2.7623999999991304,8.0,917608431.2666667,100.0
3.096339756058243,16.0,1042916797.5468303,34359738368.0,508678144.0,100000000000.0,19998551.37009134,886722146.2764184,2.5031668777868856,8.0,899174539.5026335,100.0
