NVMe_from_ceph,NVMe_from_transfer,NVMe_total_util,num_workers,Goodput
1.2139013,0.39375675,1.3833839,54,0.33927512
0.09964519,0.6747695,2.007362,54,0.80381584
0.17992312,0.651708,1.9719074,54,0.8103099
0.21390721,0.544245,1.7050648000000002,54,0.65039986
