NVMe_from_ceph,NVMe_from_transfer,NVMe_total_util
0.8451273,2.553699,4.87229
1.353782,2.6729157,5.3730583
1.1628639,2.6552012,5.167483
1.5931894,2.4126735,4.866133
