NVMe_from_ceph,NVMe_from_transfer,NVMe_total_util,num_workers,Goodput
0.09917643,4.0639377,6.2461905,85,3.72961
0.08929194,3.9149716,6.039625,85,3.526523
0.26990753,4.6318874,6.692660000000001,85,4.4886827
0.9837741,4.612899,6.681283500000001,85,4.302876
