NVMe_from_ceph,NVMe_from_transfer,NVMe_total_util
0.09917643,4.0639377,6.2461905
0.08929194,3.9149716,6.039625
0.26990753,4.6318874,6.69266
0.9837741,4.612899,6.6812835
