NVMe_from_ceph,NVMe_from_transfer,NVMe_total_util,num_workers,Goodput
0.65110266,4.1364193,6.199368,85,3.4852662
0.72262955,3.4215124,5.624103,85,3.2063751
0.601549,2.9787831,5.3070683,85,2.8808835
0.6101406,2.9626734,5.290097,85,2.95645
