NVMe_from_ceph,NVMe_from_transfer,NVMe_total_util,num_workers,Goodput
0.9326716,0.8935808000000001,2.2929654,54,0.92118144
0.47340295,1.0214808000000002,2.5039232000000005,54,0.8824384
0.70074224,0.8358684000000001,2.2712865,54,0.8966551
0.5516101999999999,0.88764787,2.3352437000000004,54,1.0056367
