NVMe_from_ceph,NVMe_from_transfer,NVMe_total_util
0.9326716,0.8935808,2.2929654
0.47340295,1.0214808,2.5039232
0.70074224,0.8358684,2.2712865
0.5516102,0.88764787,2.3352437
