NVMe_from_ceph,NVMe_from_transfer,NVMe_total_util,num_workers,Goodput
0.3821754000000001,3.5575774,5.9503536,54,3.393306
0.24200791,3.6646392,6.008535,54,3.636414
0.41398332,3.7022302,6.123749299999999,54,3.5175624
0.58455163,3.7556043,6.2075877,54,3.8231137
