NVMe_from_ceph,NVMe_from_transfer,NVMe_total_util
0.3821754,3.5575774,5.9503536
0.24200791,3.6646392,6.008535
0.41398332,3.7022302,6.1237493
0.58455163,3.7556043,6.2075877
