NVMe_from_ceph,NVMe_from_transfer,NVMe_total_util,num_workers,Goodput
0.68744946,3.6962814,6.3124056,62,3.463752
0.61969227,3.0659113,5.629787,62,3.5373352
0.71774626,3.3832505,5.937408400000002,62,3.4312015
0.52575445,3.876383,6.453519,62,4.060551
