NVMe_from_ceph,NVMe_from_transfer,NVMe_total_util
0.68744946,3.6962814,6.3124056
0.61969227,3.0659113,5.629787
0.71774626,3.3832505,5.9374084
0.52575445,3.876383,6.453519
