NVMe_from_ceph,NVMe_from_transfer,NVMe_total_util,num_workers,Goodput
0.38927823,3.557181,6.1685553,53,3.8151658
-0.25819397,3.5707235,6.096566,53,3.4462297
0.42354384,3.3094835,6.069309,53,3.5232928
0.14540763,3.6219327,6.2732453,53,3.88484
