CPU,CPU_count,Goodput,Memory_total,Memory_used,NIC_speed,NVMe_from_ceph,NVMe_from_transfer,NVMe_total_util,Storage_count,network_throughput,num_workers
1.2059999999590216,16.0,0.0,34359738368.0,84901888.0,100000000000.0,0.0,1756364.8,0.014866666664602235,8.0,567563.2666666667,10.0
1.2073333334177734,16.0,350740888.20745283,34359738368.0,540704768.0,100000000000.0,1092.2666666666667,28726067.2,0.0877333333347148,8.0,27921604.466666665,10.0
2.784666666636864,16.0,802457749.271137,34359738368.0,540704768.0,100000000000.0,112686967.46666668,764992989.8666666,2.1322666666645094,8.0,764571734.2666667,10.0
2.880666666664183,16.0,687388696.3171663,34359738368.0,538808320.0,100000000000.0,134219912.53333333,837459148.8000001,2.4011333333328366,8.0,843036306.6666666,10.0
2.580666666695227,16.0,730104354.1333332,34359738368.0,538808320.0,100000000000.0,134217728.0,685665211.7333332,1.9121333333333799,8.0,682605199.1333333,10.0
2.436666666654249,16.0,616231913.1535132,34359738368.0,538304512.0,100000000000.0,134222097.06666666,603170406.4000001,1.7528666666689483,8.0,610341765.4,10.0
2.532508151983163,16.0,582506688.0213547,34359738368.0,539336704.0,100000000000.0,38239146.0704066,645028278.1659678,1.773075131430108,8.0,647812749.3844414,10.0
2.339811660958682,16.0,688551082.6666666,34359738368.0,539336704.0,100000000000.0,19963246.91110666,576487995.1913445,1.5840512923257515,8.0,587241299.6059574,10.0
2.6963535764555546,16.0,710307293.8666668,34359738368.0,539336704.0,100000000000.0,19921615.89227385,738345981.2012533,2.0891273915057744,8.0,738187408.9727352,10.0
