NVMe_from_ceph,NVMe_from_transfer,NVMe_total_util
0.4939745,3.876372,6.3780003
0.517888,4.0659122,6.602639
0.5705973,3.3155577,5.9815
0.40682065,3.578495,6.1441107
