NVMe_from_ceph,NVMe_from_transfer,NVMe_total_util,num_workers,Goodput
0.4939745,3.876372,6.3780003,85,3.803486
0.517888,4.0659122000000005,6.602639,85,4.093642
0.5705973000000001,3.3155577000000003,5.9815,85,3.6118362
0.40682065,3.578495,6.1441107000000015,85,3.5170002
