NVMe_from_ceph,NVMe_from_transfer,NVMe_total_util
1.265949,3.4640949,5.9025054
0.30197594,3.704742,5.993937
0.30835664,3.8349702,6.100165
0.31111458,3.8211577,6.07003
