NVMe_from_ceph,NVMe_from_transfer,NVMe_total_util,num_workers,Goodput
1.265949,3.4640949,5.902505400000001,52,3.4288929
0.30197594,3.704742,5.993937,52,3.5819447
0.30835664,3.8349702,6.1001650000000005,52,3.7794201
0.31111458,3.821157700000001,6.07003,52,3.653418
