NVMe_from_ceph,NVMe_from_transfer,NVMe_total_util
1.0196526,3.1662328,5.445934
1.193284,3.711769,5.949404
1.4806844,3.6266613,6.1077204
1.1644882,3.3576448,5.7482085
