NVMe_from_ceph,NVMe_from_transfer,NVMe_total_util,num_workers,Goodput
1.0196526,3.1662328,5.4459339999999985,52,3.363496
1.193284,3.711769,5.949404,52,3.6469033
1.4806844,3.6266613,6.107720400000002,52,3.9440362
1.1644882,3.3576448,5.7482085,52,3.5655117
