NVMe_from_ceph,NVMe_from_transfer,NVMe_total_util,num_workers,Goodput
0.9274948,0.82370424,2.6257734,54,0.91226256
0.19820456,0.83646953,2.6043665000000003,54,0.9244275
0.16618738,0.83739054,2.6047492,54,0.9244275
0.12020606,0.8335207,2.5892222,54,0.9244275
