NVMe_from_ceph,NVMe_from_transfer,NVMe_total_util
0.9274948,0.82370424,2.6257734
0.19820456,0.83646953,2.6043665
0.16618738,0.83739054,2.6047492
0.12020606,0.8335207,2.5892222
