NVMe_from_ceph,NVMe_from_transfer,NVMe_total_util,num_workers,Goodput
0.70166254,0.89997685,2.288332,33,0.88770115
0.12281638,0.97236544,2.390512,33,0.99171484
0.16582967,1.0203056,2.4934318,33,0.97413534
0.22119226,0.9578744,2.3696973,33,0.92777205
