NVMe_from_ceph,NVMe_from_transfer,NVMe_total_util
1.2350328,2.3031418,5.0526733
1.5772772,2.68174,5.777108
1.4846693,2.3509786,5.261495
1.4757965,2.469588,5.4540005
