NVMe_from_ceph,NVMe_from_transfer,NVMe_total_util,num_workers,Goodput
1.2350328000000002,2.3031418,5.0526733,66,2.5375128
1.5772772,2.68174,5.777108,66,3.279314
1.4846693000000002,2.3509786,5.261495,66,2.9183462
1.4757965,2.469588,5.4540004999999985,66,2.987377
