NVMe_from_ceph,NVMe_from_transfer,NVMe_total_util,num_workers,Goodput
0.4914368,3.7988074,6.301925700000001,54,3.947818
0.61704725,3.5927224,6.200796,54,3.8384418
0.57630014,3.0019438,5.6976314000000015,54,3.259322
0.5984832,2.970314,5.7791705,54,3.4677346
