NVMe_from_ceph,NVMe_from_transfer,NVMe_total_util
0.4914368,3.7988074,6.3019257
0.61704725,3.5927224,6.200796
0.57630014,3.0019438,5.6976314
0.5984832,2.970314,5.7791705
