CPU,CPU_count,Goodput,Memory_total,Memory_used,NIC_speed,NVMe_from_ceph,NVMe_from_transfer,NVMe_total_util,Storage_count,network_throughput,num_workers
1.1306666666641831,16.0,168172.1083270058,34359738368.0,69459968.0,100000000000.0,0.0,1668983.4666666668,0.013999999997516473,8.0,907187.2666666667,40.0
3.0946666666616993,16.0,439479998.30950207,34359738368.0,531419136.0,100000000000.0,101925956.26666667,1073899110.3999999,2.444799999999426,8.0,1059525910.5333333,40.0
2.65266666666915,16.0,988880486.4,34359738368.0,531419136.0,100000000000.0,134217728.0,699763370.6666667,2.2010666666668843,8.0,705780146.4,40.0
2.779999999981374,16.0,744500637.1091406,34359738368.0,528703488.0,100000000000.0,134361907.2,826217267.1999999,2.2613333333303065,8.0,847268004.8,40.0
2.777333333312223,16.0,732315462.6865672,34359738368.0,529080320.0,100000000000.0,134077917.86666667,869493418.6666666,2.4004666666674894,8.0,865221170.7333333,40.0
3.008666666721304,16.0,966920073.0715382,34359738368.0,529080320.0,100000000000.0,47469909.333333336,916751155.2,2.3801333333365617,8.0,924384332.4666667,40.0
2.9683691815904725,16.0,849321465.7506835,34359738368.0,529080320.0,100000000000.0,19900390.22441233,888378131.4510223,2.383565292665999,8.0,895121561.8965173,40.0
2.602549556125114,16.0,907205017.5999999,34359738368.0,526237696.0,100000000000.0,19949922.97937663,702844403.3905091,1.8950143495949967,8.0,701522464.6599479,40.0
3.6046666666865352,16.0,689247703.4864342,34359738368.0,526237696.0,100000000000.0,19922944.0,992506129.0666666,2.552200000003601,8.0,3396616138.9333334,40.0
