CPU,CPU_count,Goodput,Memory_total,Memory_used,NIC_speed,NVMe_from_ceph,NVMe_from_transfer,NVMe_total_util,Storage_count,network_throughput,num_workers
1.1893333332613112,16.0,0.0,34359738368.0,93749248.0,100000000000.0,1092.2666666666667,1572864.0,0.01306666666835857,8.0,752908.9333333333,8.0
1.8446666666616998,16.0,498204467.1999999,34359738368.0,549724160.0,100000000000.0,19084083.199999996,246821683.2,0.7521999999938999,8.0,247757723.13333333,8.0
2.4553333333383005,16.0,628625954.1333333,34359738368.0,549724160.0,100000000000.0,134219912.53333333,578242423.4666667,1.7919333333382381,8.0,578324347.2666667,8.0
2.46733333338052,16.0,586812825.6,34359738368.0,549724160.0,100000000000.0,134217728.0,583267942.4,1.7789999999979047,8.0,589437757.3333334,8.0
2.436370908608576,16.0,665150638.8425895,34359738368.0,548552704.0,100000000000.0,134213149.52336508,583578016.3989067,1.7794813679099857,8.0,587663919.6053597,8.0
2.744982998877768,16.0,665394551.4666667,34359738368.0,548552704.0,100000000000.0,118007619.70798053,696334746.5831054,2.0024668311203673,8.0,699666731.5154344,8.0
2.582666666650524,16.0,621832573.1956052,34359738368.0,548040704.0,100000000000.0,19927313.066666666,686295449.6,1.8784666666683432,8.0,690813075.8,8.0
2.5673333332873876,16.0,671898513.1738955,34359738368.0,548040704.0,100000000000.0,19922944.0,649004100.2666667,1.7589333333346682,8.0,653382913.6666666,8.0
2.451333333334575,16.0,589385152.610174,34359738368.0,548040704.0,100000000000.0,19927313.066666666,587846178.1333333,1.5991999999988669,8.0,591768831.2,8.0
