CPU,CPU_count,Goodput,Memory_total,Memory_used,NIC_speed,NVMe_from_ceph,NVMe_from_transfer,NVMe_total_util,Storage_count,network_throughput,num_workers
1.9550696620423986,16.0,0.0,34359738368.0,27353088.0,100000000000.0,0.0,1834885.6742883807,0.015532297847306888,8.0,9777484.234384375,50.0
3.966397759819611,16.0,738716330.6666667,34359738368.0,490508288.0,100000000000.0,99450956.46376425,1102895311.9541302,2.902326821788554,8.0,1115821127.9418628,50.0
3.6549563362330746,16.0,854236057.6,34359738368.0,490508288.0,100000000000.0,134243730.9512699,843309087.1275249,2.617825478302688,8.0,835869539.6306913,50.0
3.527035135685647,16.0,738720876.7415507,34359738368.0,490295296.0,100000000000.0,134261631.30875394,718569043.80292,2.3248883258834874,8.0,757671136.0757383,50.0
3.3179999999701977,16.0,494276791.7861191,34359738368.0,490295296.0,100000000000.0,134357538.13333333,554052266.6666666,1.8748666666680944,8.0,562317815.1333333,50.0
4.040930604679751,16.0,982013653.0924067,34359738368.0,490680320.0,100000000000.0,49394467.035530955,977446329.1780548,2.8398773415121807,8.0,994670843.3437771,50.0
3.467333333287388,16.0,767116100.3545862,34359738368.0,490680320.0,100000000000.0,19922944.0,705154525.8666667,1.9708666666682497,8.0,727667736.2666667,50.0
3.4720000000670552,16.0,704746803.2,34359738368.0,493293568.0,100000000000.0,19968819.2,698833032.5333334,2.0587333333329294,8.0,714301606.8666667,50.0
3.6810454029784365,16.0,850430907.7333333,34359738368.0,493293568.0,100000000000.0,19924272.284818985,808351703.4468964,2.4108940596054325,8.0,827748460.764051,50.0
