CPU,CPU_count,Goodput,Memory_total,Memory_used,NIC_speed,NVMe_from_ceph,NVMe_from_transfer,NVMe_total_util,Storage_count,network_throughput,num_workers
1.2352400220515818,16.0,0.0,34359738368.0,48328704.0,100000000000.0,2008.9510146526884,1446444.7305499357,0.01287474710089799,8.0,476291.45975108823,100.0
1.877565928809881,16.0,725980128.2581162,34359738368.0,48328704.0,100000000000.0,8349388.85236321,408233469.7932647,0.7273723427565839,8.0,361645854.9200088,100.0
2.9906666667200623,16.0,1000463634.1089406,34359738368.0,511315968.0,100000000000.0,134217728.0,848908014.9333333,2.4780666666726274,8.0,868901269.3333334,100.0
3.2079999999764066,16.0,617856930.0713286,34359738368.0,510459904.0,100000000000.0,134292002.13333333,922089608.5333332,2.757799999997951,8.0,915069575.7333333,100.0
2.8346666666989524,16.0,966920892.3261551,34359738368.0,510459904.0,100000000000.0,134147822.93333334,698926694.4000001,2.334133333328646,8.0,708568393.8,100.0
3.2686666666530066,16.0,896437764.9490035,34359738368.0,510459904.0,100000000000.0,127720925.86666667,921798792.5333333,2.8466666666674425,8.0,922649359.6666666,100.0
3.189333333292355,16.0,711909869.1912794,34359738368.0,511090688.0,100000000000.0,19922944.0,921518626.1333333,2.7549999999968957,8.0,956215077.2,100.0
2.7690153990218267,16.0,907899315.5122992,34359738368.0,509763584.0,100000000000.0,19925984.66768882,694947931.4712353,2.0255982934508907,8.0,676014059.9293381,100.0
3.147009800650893,16.0,668886712.9808654,34359738368.0,509763584.0,100000000000.0,19924272.284818985,895687522.6348422,2.600706713779087,8.0,915126248.6832455,100.0
