NVMe_from_ceph,NVMe_from_transfer,NVMe_total_util
-0.07731951,3.7470632,6.298817
0.19315866,3.7219048,6.21787
0.0727261,3.583605,6.1011686
-0.0774115,3.6533694,6.117024
