NVMe_from_ceph,NVMe_from_transfer,NVMe_total_util
0.31981674,0.7109945,2.0638397
0.14204763,0.7684416,2.1089485
0.17569104,0.84447795,2.3593662
0.28217492,0.80664766,2.3256755
