NVMe_from_ceph,NVMe_from_transfer,NVMe_total_util
0.60625714,3.7005355,6.0487747
0.3263096,3.3566196,5.7593975
0.53853744,3.3497574,5.8738637
0.30289358,3.7172177,6.058037
