NVMe_from_ceph,NVMe_from_transfer,NVMe_total_util
0.807732,3.2729175,5.595488
0.53480333,3.8296983,6.0592136
0.38554537,3.4058173,5.752835
0.64326847,3.4851687,5.735623
