NVMe_from_ceph,NVMe_from_transfer,NVMe_total_util,num_workers,Goodput
0.5145219,0.7346822,2.0322812,54,0.8757757
0.20066349,0.6965588,1.9406663,54,0.82997787
0.27424344,0.7257519,2.0506558,54,0.86008173
0.48441136,0.72927773,2.0607393,54,0.8568455
