NVMe_from_ceph,NVMe_from_transfer,NVMe_total_util
0.5329264,3.736746,6.4275694
0.5419478,3.4703586,6.1459913
0.13142796,3.9897146,6.583155
0.39323008,3.9318602,6.568326
