NVMe_from_ceph,NVMe_from_transfer,NVMe_total_util,num_workers,Goodput
1.1547914,2.262436,4.6828747,65,2.5397146
1.4018371,1.7845428,4.283403,65,1.3753853
1.3326123,2.760992,5.279086,65,3.371886
1.6265196000000002,2.7547083,5.222174,65,3.4287634
