NVMe_from_ceph,NVMe_from_transfer,NVMe_total_util
1.1547914,2.262436,4.6828747
1.4018371,1.7845428,4.283403
1.3326123,2.760992,5.279086
1.6265196,2.7547083,5.222174
