NVMe_from_ceph,NVMe_from_transfer,NVMe_total_util,num_workers,Goodput
0.29516414,3.5715218,6.2817497000000015,53,3.7820852
0.15764938,3.7472954,6.2457676,53,3.9649072
-0.3038181,3.970906,6.3328485,53,3.1262078
0.11039272,3.7515595,6.255042,53,3.9841785
