NVMe_from_ceph,NVMe_from_transfer,NVMe_total_util
0.29516414,3.5715218,6.2817497
0.15764938,3.7472954,6.2457676
-0.3038181,3.970906,6.3328485
0.11039272,3.7515595,6.255042
