NVMe_from_ceph,NVMe_from_transfer,NVMe_total_util
0.6949305,3.9611921,6.2846184
0.74591064,2.7365828,5.2384825
0.33561292,2.5868852,5.31965
0.50086904,3.6367018,5.951201
