NVMe_from_ceph,NVMe_from_transfer,NVMe_total_util,num_workers,Goodput
0.6949305,3.9611921,6.2846184,66,3.913333
0.74591064,2.7365828,5.2384825,66,3.224276
0.33561292,2.5868852,5.31965,66,3.0356164
0.50086904,3.6367018,5.951201,66,3.5519135
