NVMe_from_ceph,NVMe_from_transfer,NVMe_total_util
1.3085623,0.6712294,1.9822055
0.14339784,0.9196835,2.5149632
0.06077338,0.7678341,2.1160781
0.17425273,0.9556376,2.6937313
