NVMe_from_ceph,NVMe_from_transfer,NVMe_total_util
0.77547014,3.3901017,6.269467
0.69498074,3.0192158,5.872878
0.36447507,3.78794,6.5718226
0.6822846,3.0611103,5.8678055
