NVMe_from_ceph,NVMe_from_transfer,NVMe_total_util
-0.389817,3.321987,5.987029
0.0111144,3.7844236,6.186494
0.052135155,3.6222184,6.056946
0.08275088,3.2457476,5.818182
