CPU,CPU_count,Goodput,Memory_total,Memory_used,NIC_speed,NVMe_from_ceph,NVMe_from_transfer,NVMe_total_util,Storage_count,network_throughput,num_workers
1.2480000000447036,16.0,0.0,34359738368.0,105934848.0,100000000000.0,847598.9333333333,1591432.5333333334,0.01573333332974774,8.0,625474.0,50.0
2.571333333384245,16.0,209294013.6018136,34359738368.0,105934848.0,100000000000.0,87660953.60000001,783985595.7333333,1.810533333333054,8.0,770402521.4,50.0
2.7739999999292198,16.0,734587016.5333333,34359738368.0,568131584.0,100000000000.0,134222097.06666666,682338986.6666667,2.179133333335631,8.0,688755953.9333333,50.0
2.7713333333532018,16.0,701098120.5333333,34359738368.0,568131584.0,100000000000.0,134217728.0,799758199.4666667,2.132133333334544,8.0,808987358.4,50.0
2.9146666666803256,16.0,865732710.4000001,34359738368.0,563396608.0,100000000000.0,134251588.26666665,785790566.4000001,2.619399999997889,8.0,800349762.8,50.0
2.5953333333445094,16.0,658944000.0,34359738368.0,563396608.0,100000000000.0,59559116.800000004,661336064.0,2.170066666667117,8.0,659500366.5333333,50.0
2.955669622030165,16.0,824658397.8666667,34359738368.0,565538816.0,100000000000.0,19967488.034131058,832282297.9801347,2.1542563829072474,8.0,862074353.4431038,50.0
2.8976598439101213,16.0,915702033.0666667,34359738368.0,566571008.0,100000000000.0,19924272.284818985,891717414.760984,2.4311620774715985,8.0,898362934.8623241,50.0
2.9900000000062086,16.0,883297723.7333332,34359738368.0,566571008.0,100000000000.0,20039816.53333333,847797998.9333332,2.394066666664245,8.0,854649303.4666667,50.0
