CPU,CPU_count,Goodput,Memory_total,Memory_used,NIC_speed,NVMe_from_ceph,NVMe_from_transfer,NVMe_total_util,Storage_count,network_throughput,num_workers
1.3273333333432675,16.0,130628.26666666665,34359738368.0,494829568.0,100000000000.0,0.0,1502958.933333333,0.012000000007295362,8.0,1771429.9333333333,60.0
1.6138317009421819,16.0,537280512.0,34359738368.0,42590208.0,100000000000.0,1091.6116996468786,216138843.62715703,0.31088013858334584,8.0,168128510.82683724,60.0
3.0910546328206703,16.0,779551554.1630558,34359738368.0,42590208.0,100000000000.0,128073020.87919419,877043465.5459943,2.5710092722252367,8.0,928920614.7688613,60.0
3.096666666616996,16.0,752338719.1146076,34359738368.0,503103488.0,100000000000.0,134219912.53333333,908071731.1999999,2.7060666666715405,8.0,896271820.7333333,60.0
2.608000000038494,16.0,675490542.9333334,34359738368.0,501456896.0,100000000000.0,134217728.0,664148650.6666667,1.986533333332045,8.0,669277898.0,60.0
2.8173333333184325,16.0,833841015.4666668,34359738368.0,501456896.0,100000000000.0,134223189.3333333,763320456.5333333,2.357266666664509,8.0,772472530.6666666,60.0
3.0000000000000004,16.0,952538498.3353308,34359738368.0,501456896.0,100000000000.0,25235729.066666666,856436189.8666667,2.440066666668281,8.0,867766813.7333333,60.0
2.7506666666517656,16.0,603175232.1452409,34359738368.0,502509568.0,100000000000.0,19927313.066666666,685413171.1999999,2.1862666666662944,8.0,672299423.8666667,60.0
2.5170321978845185,16.0,702142020.2666667,34359738368.0,502509568.0,100000000000.0,19921615.89227385,602409349.7766817,1.7888807412833714,8.0,625849175.6549563,60.0
