NVMe_from_ceph,NVMe_from_transfer,NVMe_total_util
0.7182893,1.0537846,2.5585961
0.35394204,0.93980706,2.4353995
0.41857353,0.9463086,2.4214911
1.2755597,0.9962361,2.4965093
