NVMe_from_ceph,NVMe_from_transfer,NVMe_total_util,num_workers,Goodput
0.7182893,1.0537846000000002,2.5585961,33,1.0087687
0.35394204,0.93980706,2.4353995,33,0.92463005
0.41857353,0.9463086,2.4214911,33,0.9549045
1.2755597,0.9962360999999998,2.4965093,33,0.97518444
