NVMe_from_ceph,NVMe_from_transfer,NVMe_total_util,num_workers,Goodput
0.5764060000000001,3.9476838,6.532304,68,4.0905237
0.2638659,4.038286,6.425078,68,3.648899
0.55538934,4.013882,6.5177875,68,4.1973476
0.4660944,3.679295,6.0918527000000005,68,3.6383283
