NVMe_from_ceph,NVMe_from_transfer,NVMe_total_util,num_workers,Goodput
0.35372722,3.1739533,5.584599,53,3.6502562
0.1906753,3.4225066,5.8617225,53,3.4255302
0.24745247,3.4296906000000003,5.9152694000000015,53,3.3496904
0.39567143,3.8450084,6.3494477,53,4.0578284
