NVMe_from_ceph,NVMe_from_transfer,NVMe_total_util,num_workers,Goodput
0.62772465,3.800916200000001,6.332000700000001,54,3.9358895
0.6078531999999999,3.3777723,5.9934645,54,3.4213576
0.31918156,3.661685,6.306792,54,3.8384387
0.3816232,3.698805,6.256766000000002,54,3.7320619
