NVMe_from_ceph,NVMe_from_transfer,NVMe_total_util
0.27047938,0.79383594,2.277911
0.23579335,0.8977399,2.5012412
0.27760604,0.84659934,2.4105392
0.26327413,0.8395764,2.3919806
