NVMe_from_ceph,NVMe_from_transfer,NVMe_total_util
0.6836171,3.8858104,6.394347
0.44413456,4.348758,6.830307
0.40798965,4.353758,6.751104
0.32806197,3.6139624,6.3703685
