CPU,CPU_count,Goodput,Memory_total,Memory_used,NIC_speed,NVMe_from_ceph,NVMe_from_transfer,NVMe_total_util,Storage_count,network_throughput,num_workers
1.298666666665425,16.0,0.0,34359738368.0,70627328.0,100000000000.0,2184.5333333333333,1738888.5333333334,0.01606666666921228,8.0,1688430.2,90.0
2.783333333333333,16.0,56701542.4,34359738368.0,70627328.0,100000000000.0,78153864.53333333,872898013.8666667,1.8856666666688393,8.0,840395359.2,90.0
3.1413333333097397,16.0,908864443.7333332,34359738368.0,70627328.0,100000000000.0,134222097.06666666,925643025.0666667,2.723399999999674,8.0,953259136.4666667,90.0
3.0053333333693444,16.0,931540665.4323065,34359738368.0,515805184.0,100000000000.0,134217728.0,841130530.1333333,2.5937333333306016,8.0,856737867.8,90.0
3.4340000000161424,16.0,1069871701.732775,34359738368.0,515805184.0,100000000000.0,134222097.06666666,1038433484.8000001,3.1012000000007296,8.0,1027463765.0,90.0
3.4539999999726807,16.0,986974355.3096461,34359738368.0,516116480.0,100000000000.0,67668104.53333332,1079774685.8666668,3.094466666665782,8.0,1092988151.0,90.0
2.977999999995033,16.0,946520052.8035202,34359738368.0,516116480.0,100000000000.0,19927313.066666666,786734557.8666667,2.2481333333319826,8.0,782975288.2666667,90.0
2.7346666666679083,16.0,755519821.8687873,34359738368.0,513060864.0,100000000000.0,19922944.0,717423138.1333334,2.1372666666672258,8.0,740895626.3333334,90.0
3.0193333333358168,16.0,856017567.611336,34359738368.0,513060864.0,100000000000.0,19927313.066666666,853571174.4,2.5137999999996588,8.0,843067748.4,90.0
