NVMe_from_ceph,NVMe_from_transfer,NVMe_total_util,num_workers,Goodput
0.5927859999999999,3.9853764,6.1536207,66,3.2782567
0.58281565,3.638189,5.9665545999999985,66,3.5788393
0.7434805999999999,3.0642147,5.897268,66,3.5173829
0.7631408000000001,3.3864727,5.986896,66,3.6662905
