NVMe_from_ceph,NVMe_from_transfer,NVMe_total_util
0.592786,3.9853764,6.1536207
0.58281565,3.638189,5.9665546
0.7434806,3.0642147,5.897268
0.7631408,3.3864727,5.986896
