NVMe_from_ceph,NVMe_from_transfer,NVMe_total_util,num_workers,Goodput
0.6006024,2.7007122000000003,4.7628064000000006,54,2.8032596
1.6061244,3.4022472,5.5542727,54,3.230555
1.5280212,3.4542117,5.7595673,54,3.4310842
1.2203218,3.2527552,5.566765,54,3.6540534
