NVMe_from_ceph,NVMe_from_transfer,NVMe_total_util
1.7844137,3.0747945,5.749964
0.31636065,3.233961,5.739298
0.15437521,3.5537558,6.0774903
0.031926587,3.685918,6.188591
