NVMe_from_ceph,NVMe_from_transfer,NVMe_total_util,num_workers,Goodput
1.7844137,3.0747945,5.749964,68,3.4068427
0.31636065,3.233961,5.739298000000002,68,3.725859
0.15437521,3.5537558,6.0774903,68,3.5156333
0.031926587,3.685918,6.1885910000000015,68,3.1805832
