NVMe_from_ceph,NVMe_from_transfer,NVMe_total_util
0.63683134,3.6213503,5.941531
0.07588384,3.7334316,6.0364428
0.14016593,3.3885257,5.7329206
0.11096909,3.983986,6.2055235
