NVMe_from_ceph,NVMe_from_transfer,NVMe_total_util,num_workers,Goodput
0.63683134,3.6213503,5.941531,48,3.4440804
0.07588384,3.7334316,6.0364428,48,3.3844724
0.14016593,3.3885257000000006,5.7329206,48,3.4255564
0.11096909,3.983986,6.2055235,48,3.8520346
