NVMe_from_ceph,NVMe_from_transfer,NVMe_total_util,num_workers,Goodput
0.91427076,0.890735,2.1311083,52,0.7586136
0.14555942,0.8728684000000001,2.0865984,52,0.8433787
0.12617263,0.8807638000000001,2.1842878,52,0.83639467
0.109129496,1.0567403999999998,2.5467103,52,1.010711
