NVMe_from_ceph,NVMe_from_transfer,NVMe_total_util
0.91427076,0.890735,2.1311083
0.14555942,0.8728684,2.0865984
0.12617263,0.8807638,2.1842878
0.109129496,1.0567404,2.5467103
