CPU,CPU_count,Goodput,Memory_total,Memory_used,NIC_speed,NVMe_from_ceph,NVMe_from_transfer,NVMe_total_util,Storage_count,network_throughput,num_workers
1.1348756583325188,16.0,0.0,34359738368.0,81969152.0,100000000000.0,0.0,1590446.2964197611,0.012934195614220623,8.0,152099.47329821988,8.0
1.7326666666815678,16.0,574273181.945463,34359738368.0,81969152.0,100000000000.0,31319654.400000002,243784089.60000002,0.7318000000047807,8.0,240069535.4,8.0
2.5303646423075086,16.0,549611929.6,34359738368.0,537821184.0,100000000000.0,134208780.7479501,646607977.6014934,1.9376041597201863,8.0,645743210.3193121,8.0
2.4460000000583633,16.0,614910225.0666666,34359738368.0,537821184.0,100000000000.0,134229742.93333334,563560994.1333333,1.7722000000028248,8.0,575103322.1333333,8.0
2.3849589972528245,16.0,614562474.6666667,34359738368.0,537821184.0,100000000000.0,134226676.44509634,594698018.8012534,1.9399959997293106,8.0,597614069.0712714,8.0
2.557333333324641,16.0,709227963.7333333,34359738368.0,535691264.0,100000000000.0,107603558.39999999,637295820.8000001,1.9423333333339543,8.0,638101296.8666667,8.0
2.513699086708926,16.0,567800081.0666667,34359738368.0,537559040.0,100000000000.0,19921615.89227385,673795959.2027198,1.790813945737044,8.0,672550910.6726218,8.0
2.1689445963399505,16.0,516583219.20000005,34359738368.0,537559040.0,100000000000.0,19945026.735115673,476513440.0960064,1.3407560504043692,8.0,484106896.2597506,8.0
2.2586666665971276,16.0,537762201.6000001,34359738368.0,537559040.0,100000000000.0,19995033.6,549733990.3999999,1.4854666666671013,8.0,554538028.3333334,8.0
