NVMe_from_ceph,NVMe_from_transfer,NVMe_total_util,num_workers,Goodput
0.6351392,4.1534900000000015,6.5524187000000005,85,4.126311
0.6870046999999999,3.7933156,6.3461013,85,3.533652
0.41164875,3.9573123,6.4279795,85,3.820071
0.44058865,4.1231837,6.534356,85,4.085191
