NVMe_from_ceph,NVMe_from_transfer,NVMe_total_util
0.6351392,4.15349,6.5524187
0.6870047,3.7933156,6.3461013
0.41164875,3.9573123,6.4279795
0.44058865,4.1231837,6.534356
