NVMe_from_ceph,NVMe_from_transfer,NVMe_total_util,num_workers,Goodput
0.9178974,2.74555,5.1530867,66,3.1854043
1.1659703,3.4900900000000004,5.9845690000000005,66,3.7132344
1.4250225,3.353768,6.1151633,66,3.5385945
1.4202237,3.2283933,6.021601,66,3.3127813
