NVMe_from_ceph,NVMe_from_transfer,NVMe_total_util
0.54782397,4.0174556,6.376545
0.3495553,3.8313475,6.233284
0.4350548,3.4706142,5.907796
0.22994512,3.97745,6.261411
