NVMe_from_ceph,NVMe_from_transfer,NVMe_total_util,num_workers,Goodput
0.54782397,4.017455600000001,6.376545,53,3.4319513
0.3495553,3.8313475,6.2332839999999985,53,3.9936044
0.4350548,3.4706142,5.907796,53,3.2133143
0.22994512,3.97745,6.261411,53,3.875331
