NVMe_from_ceph,NVMe_from_transfer,NVMe_total_util
1.6624383,3.4172516,5.8418126
-0.061910693,3.8298936,6.041145
-0.34674793,4.0156903,6.2000537
-0.23298141,4.036471,6.162574
