NVMe_from_ceph,NVMe_from_transfer,NVMe_total_util,num_workers,Goodput
1.6624383000000005,3.4172516,5.8418126,57,3.5087197
-0.061910693,3.8298936,6.041144999999998,57,3.0507026
-0.34674793,4.0156903,6.2000537000000016,57,2.6220267
-0.23298141,4.036471,6.162574,57,2.4613838
