NVMe_from_ceph,NVMe_from_transfer,NVMe_total_util,num_workers,Goodput
0.76986474,0.82907516,2.4203465,54,0.9427063
0.10379173,0.89125544,2.6476429,54,0.959848
0.19009534,0.87150025,2.565027,54,0.9539389
0.22159433,0.8711783000000001,2.5669303,54,0.9560843
