NVMe_from_ceph,NVMe_from_transfer,NVMe_total_util,num_workers,Goodput
0.7799803000000001,2.5630565,4.83144,52,3.021709
1.1957678,1.8093032,4.2893667,52,2.2748294
1.2027769,2.3919344,4.9130507,52,2.7019525
1.4968886,2.4078658,4.8182554,52,2.8615904
