NVMe_from_ceph,NVMe_from_transfer,NVMe_total_util
0.7799803,2.5630565,4.83144
1.1957678,1.8093032,4.2893667
1.2027769,2.3919344,4.9130507
1.4968886,2.4078658,4.8182554
