NVMe_from_ceph,NVMe_from_transfer,NVMe_total_util
0.7436938,3.6124086,6.056553
0.36380738,3.6898677,6.1399636
0.6463145,4.067614,6.4779925
0.08604832,3.6868598,6.1432366
