NVMe_from_ceph,NVMe_from_transfer,NVMe_total_util,num_workers,Goodput
0.7436938,3.6124086,6.056553,85,3.5502393
0.36380738,3.6898677,6.1399636,85,3.4389424
0.6463145,4.067614,6.4779925,85,3.9214125
0.08604832,3.6868598,6.1432366,85,3.3601372
