NVMe_from_ceph,NVMe_from_transfer,NVMe_total_util
0.6451279,3.691181,6.4689517
0.6821795,3.754112,6.4461946
0.5725132,3.447889,6.0872645
0.44793743,4.10017,6.7207866
