NVMe_from_ceph,NVMe_from_transfer,NVMe_total_util,num_workers,Goodput
0.6451279000000001,3.691181,6.4689517,85,3.7815433
0.6821795,3.754112,6.446194599999999,85,3.7256799
0.5725131999999999,3.447889,6.0872645,85,3.5498133
0.44793743,4.1001699999999985,6.7207865999999985,85,4.067901
