NVMe_from_ceph,NVMe_from_transfer,NVMe_total_util,num_workers,Goodput
1.1200936,4.484224299999998,6.604516,69,4.415435
0.4695572,3.6646848,6.0697535999999985,69,3.661254
0.4916492,3.688739,6.058521,69,3.544977
0.277006,3.8296916,6.1156263,69,3.4985168
