NVMe_from_ceph,NVMe_from_transfer,NVMe_total_util
1.1200936,4.4842243,6.604516
0.4695572,3.6646848,6.0697536
0.4916492,3.688739,6.058521
0.277006,3.8296916,6.1156263
