NVMe_from_ceph,NVMe_from_transfer,NVMe_total_util,num_workers,Goodput
0.55551225,0.5076185000000001,1.6042576000000002,48,0.70415354
0.025585324,0.49714565,1.4928325,48,0.6429049
0.10857482,0.46978313,1.4289527,48,0.51529163
0.20144070000000006,0.46382153,1.447412,48,0.5252827
