NVMe_from_ceph,NVMe_from_transfer,NVMe_total_util
0.55551225,0.5076185,1.6042576
0.025585324,0.49714565,1.4928325
0.10857482,0.46978313,1.4289527
0.2014407,0.46382153,1.447412
