NVMe_from_ceph,NVMe_from_transfer,NVMe_total_util,num_workers,Goodput
0.19769518,0.83455944,2.2474682,54,0.90190357
0.19625299,0.8533222,2.283091,54,0.91004246
0.28060287,0.9431181,2.4488657000000003,54,0.98582363
0.22879234,0.87605566,2.3193026000000003,54,0.9714508
