NVMe_from_ceph,NVMe_from_transfer,NVMe_total_util,num_workers,Goodput
1.0279355,2.8000097000000004,5.1709285000000005,66,3.228407
1.4012183,3.250391,5.794674400000001,66,3.457802
1.4442803999999998,3.930571,6.410773000000002,66,3.9136946
1.5565011999999998,3.6340523,6.055523,66,3.5194767
