NVMe_from_ceph,NVMe_from_transfer,NVMe_total_util
1.0279355,2.8000097,5.1709285
1.4012183,3.250391,5.7946744
1.4442804,3.930571,6.410773
1.5565012,3.6340523,6.055523
