NVMe_from_ceph,NVMe_from_transfer,NVMe_total_util,num_workers,Goodput
0.6684504,3.22061,5.992042,66,3.6296523
0.40470326,3.3827946000000004,6.2177370000000005,66,3.7094936
0.6058259,2.7086315,5.554968,66,3.0753176
0.5082439999999999,2.5555706,5.5658355,66,3.0535514
