NVMe_from_ceph,NVMe_from_transfer,NVMe_total_util
0.6684504,3.22061,5.992042
0.40470326,3.3827946,6.217737
0.6058259,2.7086315,5.554968
0.508244,2.5555706,5.5658355
