NVMe_from_ceph,NVMe_from_transfer,NVMe_total_util,num_workers,Goodput
0.76023966,2.360039200000001,4.7145314,65,2.7307076
1.4865541000000002,3.4219284,6.125595,65,3.401553
1.4467293,3.3390343,6.1908574,65,3.6861255
1.4878951,2.9917426,5.8814383,65,3.33655
