NVMe_from_ceph,NVMe_from_transfer,NVMe_total_util
0.76023966,2.3600392,4.7145314
1.4865541,3.4219284,6.125595
1.4467293,3.3390343,6.1908574
1.4878951,2.9917426,5.8814383
