NVMe_from_ceph,NVMe_from_transfer,NVMe_total_util
0.58132213,3.3901181,5.676727
0.61814576,2.9308717,5.3571563
0.44434705,3.115945,5.477543
0.5267418,3.477045,5.776996
