NVMe_from_ceph,NVMe_from_transfer,NVMe_total_util,num_workers,Goodput
0.58132213,3.3901181000000005,5.676727,54,3.0693817
0.61814576,2.9308717,5.3571563,54,3.3653042
0.44434705,3.115945,5.477543,54,3.635218
0.5267418,3.4770449999999995,5.776996,54,3.2715786
