NVMe_from_ceph,NVMe_from_transfer,NVMe_total_util,num_workers,Goodput
1.0663604,3.4967268,5.6896105000000015,65,3.2951505
0.23593852,3.4834392,5.827465,65,3.5473475
0.3554541,3.3414822,5.543679,65,3.6260068
0.1297085,3.5327442,5.727743,65,3.163295
