NVMe_from_ceph,NVMe_from_transfer,NVMe_total_util,num_workers,Goodput
1.1422926000000002,0.73384655,2.2353275000000004,54,0.8201524
0.14479671,0.6844720000000001,2.118826,54,0.8335508
0.110893555,0.7231098000000001,2.1667292,54,0.88259566
0.2176786,0.573702,1.6937046000000002,54,0.7175375
