NVMe_from_ceph,NVMe_from_transfer,NVMe_total_util
1.1422926,0.73384655,2.2353275
0.14479671,0.684472,2.118826
0.110893555,0.7231098,2.1667292
0.2176786,0.573702,1.6937046
