CPU,CPU_count,Goodput,Memory_total,Memory_used,NIC_speed,NVMe_from_ceph,NVMe_from_transfer,NVMe_total_util,Storage_count,network_throughput,num_workers
1.2492324122503855,16.0,109731.35124325044,34359738368.0,119541760.0,100000000000.0,2187.1579228407422,1583502.336136697,0.014016820185619729,8.0,1378207.9829128287,70.0
1.59399999997889,16.0,675166471.9280719,34359738368.0,582737920.0,100000000000.0,0.0,311627229.8666667,0.4580666666637019,8.0,299167459.93333334,70.0
3.1273333333743114,16.0,813965232.5534893,34359738368.0,582737920.0,100000000000.0,131495799.46666668,896058709.3333333,2.637066666665487,8.0,908962444.5333333,70.0
3.2809812678509047,16.0,949799300.493926,34359738368.0,580071424.0,100000000000.0,134278681.15458968,957748066.9288716,3.006799546697585,8.0,965543029.331378,70.0
3.1303420228300824,16.0,813080987.2658178,34359738368.0,580071424.0,100000000000.0,134092318.68791254,818463217.0144676,2.75131675445174,8.0,811850325.9550636,70.0
3.00466666665549,16.0,775615010.1333334,34359738368.0,582467584.0,100000000000.0,134217728.0,800602521.6000001,2.6398666666665425,8.0,808491321.6,70.0
2.8036797547016463,16.0,723756032.0,34359738368.0,582467584.0,100000000000.0,22302598.493433774,725558575.5616293,2.1350576628218887,8.0,707891837.2108526,70.0
2.905660377348556,16.0,791618355.2,34359738368.0,584273920.0,100000000000.0,19924272.284818985,791544968.0645376,2.4566971131446325,8.0,831638941.1294086,70.0
2.713333333376795,16.0,604762931.1999999,34359738368.0,584273920.0,100000000000.0,19927313.066666666,698366634.6666666,2.073599999997532,8.0,683997826.9333333,70.0
