NVMe_from_ceph,NVMe_from_transfer,NVMe_total_util
1.3516514,0.59383136,1.8383977
0.05000985,0.6983492,2.035777
-0.24346338,0.7347729,1.9670188
0.01509274,0.75454587,2.0543504
