NVMe_from_ceph,NVMe_from_transfer,NVMe_total_util,num_workers,Goodput
0.76318055,3.416443,6.165783,68,3.7391474
0.6545514,3.761091200000001,6.3517985,68,3.7015896
0.5484415,2.7802827000000003,5.637221299999998,68,3.3980849
0.43668726,4.01318,6.459448,68,3.953558
