NVMe_from_ceph,NVMe_from_transfer,NVMe_total_util
0.76318055,3.416443,6.165783
0.6545514,3.7610912,6.3517985
0.5484415,2.7802827,5.6372213
0.43668726,4.01318,6.459448
