NVMe_from_ceph,NVMe_from_transfer,NVMe_total_util
0.20571055,3.3940547,5.7731323
-0.042005736,3.3586683,5.71493
0.099848725,3.3266418,5.749623
0.024093438,3.6312888,5.927211
