NVMe_from_ceph,NVMe_from_transfer,NVMe_total_util,num_workers,Goodput
0.20571055,3.3940547,5.7731322999999986,65,3.4422276
-0.042005736,3.3586683,5.714930000000002,65,3.3944833
0.099848725,3.3266418,5.7496230000000015,65,3.842117
0.024093438,3.6312888,5.927211,65,2.9701426
