NVMe_from_ceph,NVMe_from_transfer,NVMe_total_util,num_workers,Goodput
1.8090577,3.233977,5.675735,52,3.367157
0.6331966,3.680032,6.032453,52,3.9116943
0.3609829,3.4770648,5.811102,52,3.2373495
0.0844224,3.5589707,5.8060493,52,3.339519
