CPU,CPU_count,Goodput,Memory_total,Memory_used,NIC_speed,NVMe_from_ceph,NVMe_from_transfer,NVMe_total_util,Storage_count,network_throughput,num_workers
1.237333333368103,16.0,124279.46666666666,34359738368.0,121835520.0,100000000000.0,2184.5333333333333,2079675.7333333339,0.017399999999906865,8.0,877650.3333333334,60.0
1.7646666666803261,16.0,544258457.5999999,34359738368.0,584445952.0,100000000000.0,22439526.400000002,368117077.3333334,0.771333333333799,8.0,339880483.8,60.0
3.0113333333594103,16.0,917516218.9187386,34359738368.0,584445952.0,100000000000.0,134222097.06666666,883726745.6,2.4714000000036322,8.0,901669330.5333333,60.0
2.674978331881342,16.0,708908393.3595574,34359738368.0,584769536.0,100000000000.0,134226676.44509634,706434790.5860392,2.1521434762316716,8.0,714891958.8639243,60.0
3.1876541563932985,16.0,962166988.8,34359738368.0,584769536.0,100000000000.0,134213149.52336508,990425960.9359376,2.7578161455861037,8.0,993719336.8442104,60.0
2.9880000000509126,16.0,968441036.8,34359738368.0,580251648.0,100000000000.0,115133644.8,890964923.7333332,2.4768000000020645,8.0,912814768.4666667,60.0
2.921999999942879,16.0,959098094.9333333,34359738368.0,580251648.0,100000000000.0,19927313.066666666,960841591.4666666,2.102133333333768,8.0,953695667.4,60.0
2.716000000014901,16.0,736243319.06637,34359738368.0,580395008.0,100000000000.0,19922944.0,778396467.2,1.9825333333341406,8.0,789190986.7333333,60.0
2.934666666636864,16.0,728804690.8712031,34359738368.0,580395008.0,100000000000.0,19927313.066666666,850398412.8000001,2.2072666666664493,8.0,841601737.1333333,60.0
