CPU,CPU_count,Goodput,Memory_total,Memory_used,NIC_speed,NVMe_from_ceph,NVMe_from_transfer,NVMe_total_util,Storage_count,network_throughput,num_workers
1.2902193478857453,16.0,286905.67295513634,34359738368.0,123895808.0,100000000000.0,2184.678978598573,1651617.3078205215,0.014734315622345341,8.0,1033553.0368691246,100.0
2.5323645091246156,16.0,209919522.1014734,34359738368.0,123895808.0,100000000000.0,50677794.813679084,683408630.3579761,1.545830277978457,8.0,651443348.7767483,100.0
2.8989932662326505,16.0,967381504.0,34359738368.0,587014144.0,100000000000.0,134161136.0757384,751230813.7875857,2.388425895061161,8.0,766304817.454497,100.0
3.4289714018866726,16.0,722708343.4666667,34359738368.0,587014144.0,100000000000.0,134348581.56122923,957661783.6144257,2.984934337714824,8.0,958126557.5628291,100.0
3.2136809120893663,16.0,946236616.7588828,34359738368.0,588337152.0,100000000000.0,133986361.7574505,872491693.579572,2.741182745511866,8.0,896283453.630242,100.0
3.3479999999205274,16.0,853480344.0229349,34359738368.0,588337152.0,100000000000.0,91261064.53333336,998783385.5999999,2.849133333338735,8.0,993857843.4,100.0
2.6146666666803258,16.0,813914900.1527935,34359738368.0,586887168.0,100000000000.0,19927313.066666666,672099805.8666667,1.80366666665844,8.0,684251347.9333333,100.0
3.8966666666790846,16.0,723995609.0185323,34359738368.0,586887168.0,100000000000.0,19922944.0,785433395.2,2.4251333333357863,8.0,772404952.3333334,100.0
2.779333333329608,16.0,767798476.8,34359738368.0,586260480.0,100000000000.0,19927313.066666666,709811404.8000001,2.055133333336562,8.0,735025952.6,100.0
