CPU,CPU_count,Goodput,Memory_total,Memory_used,NIC_speed,NVMe_from_ceph,NVMe_from_transfer,NVMe_total_util,Storage_count,network_throughput,num_workers
1.143542902932218,16.0,0.0,34359738368.0,109432832.0,100000000000.0,0.0,1415671.9781318754,0.011867457831484464,8.0,403027.8685245683,40.0
1.6897540163579312,16.0,712031118.8745917,34359738368.0,109432832.0,100000000000.0,14329583.361109264,312236378.9080728,0.6762882474475315,8.0,298830613.22578496,40.0
2.4229615307438808,16.0,804371933.8666668,34359738368.0,109432832.0,100000000000.0,134089041.66944464,665732036.535769,1.7761850790054843,8.0,680645028.6019068,40.0
2.7066666667039194,16.0,832990890.6666666,34359738368.0,565985280.0,100000000000.0,134217728.0,812115012.2666668,2.139000000003337,8.0,817775876.4,40.0
3.310666666645557,16.0,992858112.0000001,34359738368.0,569798656.0,100000000000.0,134292002.13333333,1174011084.8,2.8723999999987426,8.0,1156813804.9333334,40.0
2.969333333304773,16.0,992858112.0000001,34359738368.0,567037952.0,100000000000.0,122124151.46666665,888792678.4,2.5763333333306946,8.0,917300130.6666666,40.0
4.885333333350718,16.0,541204920.8496047,34359738368.0,567037952.0,100000000000.0,19927313.066666666,1000931054.9333334,2.6559333333357547,8.0,8050951062.4,40.0
3.732284514395509,16.0,855070619.6413093,34359738368.0,567037952.0,100000000000.0,19921615.89227385,714125763.3491101,1.8432771148579072,8.0,4422013213.519099,40.0
2.7129808653723986,16.0,793316448.5065235,34359738368.0,564629504.0,100000000000.0,19928641.642776184,776751687.4458297,2.223681578775985,8.0,785015420.8280551,40.0
