NVMe_from_ceph,NVMe_from_transfer,NVMe_total_util,num_workers,Goodput
0.49391058,4.0221353,6.383634,54,3.4124944
0.6125455,3.926551,6.3433905,54,3.9112272
0.45610443,3.877143,6.282483,54,4.0052404
0.4191547000000001,3.958288,6.367107,54,3.7088823
