NVMe_from_ceph,NVMe_from_transfer,NVMe_total_util
0.49391058,4.0221353,6.383634
0.6125455,3.926551,6.3433905
0.45610443,3.877143,6.282483
0.4191547,3.958288,6.367107
