NVMe_from_ceph,NVMe_from_transfer,NVMe_total_util,num_workers,Goodput
1.0444639999999998,3.7346256,6.274322,53,3.760384
0.7583135999999999,3.5113764,6.031576,53,3.677866
0.18147898,3.9317973,6.3857017,53,3.990583
0.34193254,3.8357425,6.2833157,53,4.062932
