NVMe_from_ceph,NVMe_from_transfer,NVMe_total_util
1.044464,3.7346256,6.274322
0.7583136,3.5113764,6.031576
0.18147898,3.9317973,6.3857017
0.34193254,3.8357425,6.2833157
