NVMe_from_ceph,NVMe_from_transfer,NVMe_total_util,num_workers,Goodput
0.93739116,0.9057436,2.7167368,54,0.93504465
0.32540044,0.9267729,2.6700528,54,0.95440495
0.18679166,0.7789138000000001,2.3978553,54,0.9399055
0.24361295,0.9775504,2.785293,54,1.0071534
