NVMe_from_ceph,NVMe_from_transfer,NVMe_total_util
0.93739116,0.9057436,2.7167368
0.32540044,0.9267729,2.6700528
0.18679166,0.7789138,2.3978553
0.24361295,0.9775504,2.785293
