NVMe_from_ceph,NVMe_from_transfer,NVMe_total_util
0.6205543,3.6684904,6.0379286
0.7383863,2.8577905,5.5327773
0.64957434,3.3324502,5.9294853
0.82178843,3.1539774,5.8513865
