NVMe_from_ceph,NVMe_from_transfer,NVMe_total_util,num_workers,Goodput
0.6205543,3.6684904,6.037928599999999,53,3.8492215
0.7383863,2.8577905,5.5327773,53,3.1847715
0.64957434,3.3324502000000003,5.9294853,53,3.3249257
0.82178843,3.1539774,5.8513864999999985,53,3.5689685
