NVMe_from_ceph,NVMe_from_transfer,NVMe_total_util,num_workers,Goodput
1.1681603,3.053949,5.449172,66,3.5571835
1.4888192,3.9378855,6.6463675,66,4.077505
1.3252102,3.4194410000000004,6.1590050000000005,66,3.573395
1.2435205,3.1286373,5.761839,66,3.6631107
