NVMe_from_ceph,NVMe_from_transfer,NVMe_total_util,num_workers,Goodput
0.48576164,0.8913529,2.6664183,54,0.9644122
0.13895327,0.9082231,2.6761382,54,0.9384988
0.16575894,0.8247761,2.4620314,54,0.9405153
0.16050167,0.93896616,2.739089,54,0.95126224
