NVMe_from_ceph,NVMe_from_transfer,NVMe_total_util
0.48576164,0.8913529,2.6664183
0.13895327,0.9082231,2.6761382
0.16575894,0.8247761,2.4620314
0.16050167,0.93896616,2.739089
