NVMe_from_ceph,NVMe_from_transfer,NVMe_total_util,num_workers,Goodput
-0.0435052,3.586507,6.160533999999998,85,3.2900312
-0.066589646,3.816799,6.314853,85,2.886542
0.24533878,3.166567,5.749007,85,3.7436812
0.08517858,4.2625866,6.723926,85,4.222173
