NVMe_from_ceph,NVMe_from_transfer,NVMe_total_util
-0.0435052,3.586507,6.160534
-0.066589646,3.816799,6.314853
0.24533878,3.166567,5.749007
0.08517858,4.2625866,6.723926
