NVMe_from_ceph,NVMe_from_transfer,NVMe_total_util
0.57593185,4.0635695,6.299099
0.36235768,3.8945906,6.1523385
0.33542642,3.9253893,6.191522
0.2380273,3.6764407,5.9657598
