NVMe_from_ceph,NVMe_from_transfer,NVMe_total_util,num_workers,Goodput
0.61773574,3.4333396,5.9960976,66,3.5984976
0.0024818273,3.6398046,6.093968,66,3.3127193
0.056340523,3.5908186,6.0491066,66,3.3503659
0.05205189,3.6830325,6.159985,66,3.1457717
