NVMe_from_ceph,NVMe_from_transfer,NVMe_total_util,num_workers,Goodput
1.2297935,3.4755764,5.7670183,53,3.5321858
1.3559802,3.809289,6.210865,53,4.297468
1.4776089,3.6290047,6.150047,53,3.8161469
1.2262632,3.2677503,5.699016599999998,53,3.548062
