NVMe_from_ceph,NVMe_from_transfer,NVMe_total_util,num_workers,Goodput
0.66838914,0.82831377,2.4523797000000003,54,0.9527497
0.15019608,0.8844920000000001,2.534385,54,0.9415347
0.095924504,0.9021784,2.5333247,54,0.9540378
0.18029384,0.92009586,2.6040742000000003,54,0.94166434
