NVMe_from_ceph,NVMe_from_transfer,NVMe_total_util
0.66838914,0.82831377,2.4523797
0.15019608,0.884492,2.534385
0.095924504,0.9021784,2.5333247
0.18029384,0.92009586,2.6040742
