NVMe_from_ceph,NVMe_from_transfer,NVMe_total_util,num_workers,Goodput
0.5746463,3.7096546,5.9838014,54,3.30547
0.6154605,3.8215747,6.265487,54,4.0214376
0.74256325,3.1432943,5.7470393,54,3.6900287
0.7700726,3.0735106,5.7141,54,3.5033143
