NVMe_from_ceph,NVMe_from_transfer,NVMe_total_util,num_workers,Goodput
0.9811035,0.9132649,2.4001467,54,0.90613025
0.21412678,0.8310584999999999,2.1866632000000004,54,0.9043736
0.09370657,0.6301996,1.7742816000000003,54,0.81228983
0.2592045,0.59936637,1.746806,54,0.8005157
