NVMe_from_ceph,NVMe_from_transfer,NVMe_total_util
1.2337309,4.3612285,6.611883
0.8821767,3.8194683,6.2302938
0.36182833,4.1500163,6.385851
0.5588147,4.044146,6.34764
