NVMe_from_ceph,NVMe_from_transfer,NVMe_total_util,num_workers,Goodput
1.2337309,4.3612285,6.611883,69,4.349737
0.8821767,3.8194683,6.230293799999999,69,3.921259
0.36182833,4.1500163,6.3858510000000015,69,3.7235696
0.5588147,4.044146,6.34764,69,3.649778
