NVMe_from_ceph,NVMe_from_transfer,NVMe_total_util
0.64917,3.639241,6.1328096
0.7823472,3.0585785,5.576727
0.49613056,3.0117261,5.5908065
0.4707543,3.7006028,6.14218
