NVMe_from_ceph,NVMe_from_transfer,NVMe_total_util,num_workers,Goodput
0.64917,3.639241,6.1328096,54,3.6732576
0.7823472,3.0585785,5.576727,54,3.5750568
0.49613056,3.0117261,5.5908065,54,3.4279163
0.4707543,3.7006028,6.1421800000000015,54,3.4670315
