CPU,CPU_count,Goodput,Memory_total,Memory_used,NIC_speed,NVMe_from_ceph,NVMe_from_transfer,NVMe_total_util,Storage_count,network_throughput,num_workers
2.1569437962754368,16.0,0.0,34359738368.0,103362560.0,100000000000.0,0.0,1677833.4555637043,0.012867524503527258,8.0,3099216.2144142943,90.0
2.142390507292063,16.0,0.0,34359738368.0,103362560.0,100000000000.0,16776097.593493763,452464239.98400116,0.9378708086178189,8.0,418108083.52776486,90.0
3.169011267420312,16.0,901319748.2666665,34359738368.0,563343360.0,100000000000.0,134226676.44509634,890692527.2351489,2.445829721977429,8.0,916668146.8097873,90.0
2.943003799786417,16.0,829393851.7333335,34359738368.0,564531200.0,100000000000.0,134210965.13565761,719055107.2595161,2.265582294512054,8.0,715949451.169922,90.0
3.7870524701063113,16.0,1005402157.1895207,34359738368.0,564531200.0,100000000000.0,134226676.44509634,1132037291.019401,3.3087539169372953,8.0,1145774055.9370625,90.0
3.2903139790432276,16.0,951314091.8727915,34359738368.0,564531200.0,100000000000.0,119973126.05826278,885253972.9351376,2.6922205186242376,8.0,893186799.880008,90.0
3.518367891241178,16.0,1002387285.3333335,34359738368.0,567390208.0,100000000000.0,19924272.28481899,1112906057.2038136,2.919994666312453,8.0,1124845501.9667978,90.0
3.1159999999838566,16.0,944804659.2,34359738368.0,566259712.0,100000000000.0,19948066.133333337,834677964.8000001,2.4829333333337367,8.0,844705914.0666667,90.0
3.7373333333060144,16.0,866769134.9333333,34359738368.0,566259712.0,100000000000.0,19922944.0,841661644.8,2.5309999999978268,8.0,850916682.9333333,90.0
