NVMe_from_ceph,NVMe_from_transfer,NVMe_total_util,num_workers,Goodput
0.6142321,3.2376702,5.5417447,66,3.4519172
1.4143263,3.6137805,6.4664087,66,3.8377528
0.8836093,2.9896767000000004,5.5740056,66,3.473434
1.0952233,3.0017662,5.5489187000000015,66,3.5520282
