NVMe_from_ceph,NVMe_from_transfer,NVMe_total_util,num_workers,Goodput
1.1650862,4.219650700000001,6.624589,69,4.216423
0.3150752,3.5617573,6.054238,69,3.4479897
0.24050425,3.5179527000000004,6.0866055,69,3.588522
0.11120625,3.3689432,5.768956,69,3.4803543
