NVMe_from_ceph,NVMe_from_transfer,NVMe_total_util
1.1650862,4.2196507,6.624589
0.3150752,3.5617573,6.054238
0.24050425,3.5179527,6.0866055
0.11120625,3.3689432,5.768956
