NVMe_from_ceph,NVMe_from_transfer,NVMe_total_util,num_workers,Goodput
0.6880454,3.654456,6.282287,68,3.60975
0.60772103,5.344543,7.565022999999999,68,3.7843382
0.5154502000000001,3.1508954,5.7762017,68,3.8639991
0.46742165,2.8748434,5.6895432,68,3.2671287
