NVMe_from_ceph,NVMe_from_transfer,NVMe_total_util
0.6880454,3.654456,6.282287
0.60772103,5.344543,7.565023
0.5154502,3.1508954,5.7762017
0.46742165,2.8748434,5.6895432
