NVMe_from_ceph,NVMe_from_transfer,NVMe_total_util
1.1514636,0.42986527,1.5193219
0.11080398,0.59656054,1.8310295
0.07140952,0.50653434,1.618215
0.09448398,0.5331078,1.7248055
