NVMe_from_ceph,NVMe_from_transfer,NVMe_total_util,num_workers,Goodput
0.44718108,0.80112886,2.0911918000000003,54,0.9261418
0.18953718,0.8783523999999999,2.2501915,54,0.9353682
0.49358758,0.91895086,2.3373623,54,0.93978953
0.8643337,0.9209301,2.3487918,54,0.8950702
