NVMe_from_ceph,NVMe_from_transfer,NVMe_total_util,num_workers,Goodput
0.27259192,4.1508822,6.7113886,85,4.217861
0.7298696,3.6900146,6.4434505,85,3.879732
-0.081983335,4.145964,6.6761155,85,3.3623862
0.9910354,4.1710663,6.7847184999999985,85,4.155365
