NVMe_from_ceph,NVMe_from_transfer,NVMe_total_util,num_workers,Goodput
0.6909394,3.5099150000000003,6.01106,68,3.4542387
0.56456596,3.1408854,5.713215,68,3.572112
0.6270768,3.2825596,5.7831397,68,3.8311112
0.42336956,3.3758109,5.971419999999998,68,3.5233192
