NVMe_from_ceph,NVMe_from_transfer,NVMe_total_util,num_workers,Goodput
0.18679081,3.2975016000000004,5.6316185,68,3.760331
0.50675297,3.3141985000000003,5.7475777,68,3.7680295
0.259325,3.8898294,6.016795,68,3.634892
0.16766338,3.759698600000001,5.881412,68,3.6204264
