NVMe_from_ceph,NVMe_from_transfer,NVMe_total_util
0.18679081,3.2975016,5.6316185
0.50675297,3.3141985,5.7475777
0.259325,3.8898294,6.016795
0.16766338,3.7596986,5.881412
