CPU,CPU_count,Goodput,Memory_total,Memory_used,NIC_speed,NVMe_from_ceph,NVMe_from_transfer,NVMe_total_util,Storage_count,network_throughput,num_workers
1.2906666665958864,16.0,0.0,34359738368.0,59068416.0,100000000000.0,0.0,1668983.4666666668,0.014933333330554887,8.0,1805271.0,90.0
2.172666666687777,16.0,876075932.5288352,34359738368.0,59068416.0,100000000000.0,21183419.733333334,642774357.3333334,1.1488000000031509,8.0,625591218.8,90.0
3.3246666667051614,16.0,1080903338.6666667,34359738368.0,59068416.0,100000000000.0,134217728.0,1099898333.8666668,2.811266666666294,8.0,1091542553.2666667,90.0
3.322000000004967,16.0,854669994.6666667,34359738368.0,522518528.0,100000000000.0,134359722.66666666,987205632.0000001,2.930666666668064,8.0,1018191703.7333333,90.0
2.82599999991556,16.0,791923404.8,34359738368.0,522518528.0,100000000000.0,134080102.4,657012872.5333333,2.087733333328894,8.0,649395945.9333333,90.0
3.7000000000620883,16.0,929126536.5333333,34359738368.0,520355840.0,100000000000.0,116182220.80000001,882903176.5333333,2.8410666666692124,8.0,2821530411.0,90.0
5.227333333312224,16.0,799477199.3558775,34359738368.0,520355840.0,100000000000.0,19927313.066666666,843524232.5333333,2.6612000000081024,8.0,9463333252.533333,90.0
3.2426666666443147,16.0,1014587547.6338515,34359738368.0,520056832.0,100000000000.0,19922944.0,1007724134.4,2.7751333333241437,8.0,1033424306.9333333,90.0
2.8793333333606523,16.0,805476386.1333334,34359738368.0,520056832.0,100000000000.0,19927313.066666666,810470604.8,2.3363333333361274,8.0,811490544.8,90.0
