NVMe_from_ceph,NVMe_from_transfer,NVMe_total_util,num_workers,Goodput
0.6881088000000001,4.407962,6.8110914000000005,85,4.1979427
0.52571654,3.2632158,6.002036,85,3.7183738
0.38530806,3.808067,6.361528,85,3.6104054
0.45570704,3.4274378,6.165026,85,3.7457266
