NVMe_from_ceph,NVMe_from_transfer,NVMe_total_util
0.6881088,4.407962,6.8110914
0.52571654,3.2632158,6.002036
0.38530806,3.808067,6.361528
0.45570704,3.4274378,6.165026
