NVMe_from_ceph,NVMe_from_transfer,NVMe_total_util,num_workers,Goodput
0.48064184,3.7740867,6.143642,52,3.6686769
0.36214304,3.5278733,5.9281483,52,3.4975624
0.3205894,3.568929,5.9846773,52,3.586861
0.36635563,3.824566,6.186141,52,3.9218416
