CPU,CPU_count,Goodput,Memory_total,Memory_used,NIC_speed,NVMe_from_ceph,NVMe_from_transfer,NVMe_total_util,Storage_count,network_throughput,num_workers
1.3011325783245788,16.0,2218.6666666666665,34359738368.0,64270336.0,100000000000.0,2217.188540972685,1833785.476349101,0.016788807464143053,8.0,706819.453697535,8.0
1.414715495919515,16.0,445001006.33291113,34359738368.0,64270336.0,100000000000.0,0.0,95348737.77599895,0.2607564538752122,8.0,93020841.37148957,8.0
3.7350490033153165,16.0,540001747.3164878,34359738368.0,520228864.0,100000000000.0,1952091500.5000334,562466630.5753716,5.211280752049453,8.0,559419922.194813,8.0
3.8186666666530074,16.0,661267949.6033598,34359738368.0,520228864.0,100000000000.0,1973804509.8666666,553206306.1333333,5.314799999996709,8.0,563497190.7333333,8.0
4.0386666666716335,16.0,619011413.560904,34359738368.0,520118272.0,100000000000.0,1954654890.6666665,660572569.5999999,5.337666666670703,8.0,664391669.1333333,8.0
4.3662422504694485,16.0,575805964.935671,34359738368.0,520880128.0,100000000000.0,1965214982.4678354,618918405.9729352,5.381507899473554,8.0,2483639329.711353,8.0
2.8303220215277065,16.0,521187326.08840585,34359738368.0,520880128.0,100000000000.0,475669607.84052277,606948879.2586172,2.4506967131123756,8.0,703790821.3880925,8.0
2.5993333332861464,16.0,589638041.6,34359738368.0,520880128.0,100000000000.0,402688682.6666667,509748565.3333334,2.207333333332402,8.0,511036907.8666667,8.0
2.640666666689018,16.0,527878212.26666665,34359738368.0,520118272.0,100000000000.0,402587648.0,541523421.8666667,2.2691333333340786,8.0,542855346.8,8.0
