CPU,CPU_count,Goodput,Memory_total,Memory_used,NIC_speed,NVMe_from_ceph,NVMe_from_transfer,NVMe_total_util,Storage_count,network_throughput,num_workers
1.2706666666083037,16.0,0.0,34359738368.0,69517312.0,100000000000.0,0.0,1756364.8,0.01573333333556851,8.0,759328.0,10.0
1.7313599553592744,16.0,614110993.0666666,34359738368.0,526929920.0,100000000000.0,23604672.6612678,289013348.2267523,0.7396816531665928,8.0,290131641.88774085,10.0
2.860353660498106,16.0,615092812.2625791,34359738368.0,526929920.0,100000000000.0,134212875.88828292,835678429.3505205,2.2239299289365193,8.0,818417321.7649975,10.0
2.355365837398237,16.0,792805998.7995999,34359738368.0,525684736.0,100000000000.0,134280392.1830187,593974638.8314548,1.693590342161119,8.0,613276972.5872073,10.0
2.730000000012418,16.0,607885994.6666666,34359738368.0,525684736.0,100000000000.0,134047334.4,741382553.6,2.13179999999896,8.0,747294496.3333334,10.0
2.4873333333370584,16.0,676296089.6,34359738368.0,525860864.0,100000000000.0,132505053.86666666,580440064.0,1.794066666670066,8.0,584383828.8666667,10.0
2.5226666667188207,16.0,671636145.8569429,34359738368.0,525860864.0,100000000000.0,19927313.066666666,679717819.7333333,1.7533999999985102,8.0,683292248.2666667,10.0
2.601999999924253,16.0,677559444.7629843,34359738368.0,524632064.0,100000000000.0,19922944.0,715507302.4,1.9325999999962127,8.0,712055235.1333333,10.0
2.4770153231241263,16.0,614085427.1999999,34359738368.0,524632064.0,100000000000.0,19914037.04197202,641553669.2871418,1.7396402398455049,8.0,652653519.4536976,10.0
