CPU,CPU_count,Goodput,Memory_total,Memory_used,NIC_speed,NVMe_from_ceph,NVMe_from_transfer,NVMe_total_util,Storage_count,network_throughput,num_workers
1.1175411694746287,16.0,0.0,34359738368.0,111726592.0,100000000000.0,0.0,1826391.626108407,0.015467697847733901,8.0,63689.91266084406,30.0
2.614359042728001,16.0,113479735.98239882,34359738368.0,570957824.0,100000000000.0,104573192.72048531,762395543.7637491,1.8548096793542599,8.0,763170942.470502,30.0
3.045333333313465,16.0,746970216.9188721,34359738368.0,570957824.0,100000000000.0,134147822.93333334,980876219.7333335,2.6162666666631895,8.0,986259796.0666667,30.0
2.5359999999714393,16.0,976756882.4895494,34359738368.0,568754176.0,100000000000.0,134222097.06666666,685261892.2666667,1.9302000000025143,8.0,681399230.6666666,30.0
2.788319221286386,16.0,611309067.5241158,34359738368.0,568754176.0,100000000000.0,134226676.44509634,901041624.6416428,2.242349489968047,8.0,906396337.0224681,30.0
2.8280000000571213,16.0,935201636.1575896,34359738368.0,573214720.0,100000000000.0,45232947.199999996,845774028.8,2.0446666666655804,8.0,853694925.7333333,30.0
3.0959999999652306,16.0,906368759.5173011,34359738368.0,568614912.0,100000000000.0,19922944.0,1009864430.9333333,2.460999999998603,8.0,994040413.4,30.0
2.630357976178383,16.0,847613423.4072825,34359738368.0,568614912.0,100000000000.0,19925984.667688824,698608146.1235919,1.865808946070355,8.0,713248026.3315779,30.0
2.5843056203759334,16.0,723139268.8015968,34359738368.0,568614912.0,100000000000.0,19924272.28481899,772296034.668978,1.859590639377402,8.0,777802616.4410961,30.0
