CPU,CPU_count,Goodput,Memory_total,Memory_used,NIC_speed,NVMe_from_ceph,NVMe_from_transfer,NVMe_total_util,Storage_count,network_throughput,num_workers
1.2583444592952036,16.0,0.0,34359738368.0,133603328.0,100000000000.0,2221.628838451268,1417467.556742323,0.01248331107985656,8.0,729746.3951935915,100.0
2.5519999999863403,16.0,170973113.4075605,34359738368.0,594735104.0,100000000000.0,58440635.73333334,660844817.0666666,1.6936000000025766,8.0,628053022.0,100.0
2.9830011332105983,16.0,835366912.0,34359738368.0,594735104.0,100000000000.0,134280865.54229715,748751312.0458636,2.4545696953533946,8.0,764114207.4528365,100.0
3.271018067860015,16.0,835925924.9383376,34359738368.0,594034688.0,100000000000.0,134226676.44509634,905245493.1662111,2.9189945996365303,8.0,905116807.0538036,100.0
3.4793333333916965,16.0,980805346.4897659,34359738368.0,594034688.0,100000000000.0,134169668.26666667,933244381.8666667,2.9074666666681876,8.0,943066448.5333333,100.0
3.1073333333246413,16.0,735787246.9333334,34359738368.0,596865024.0,100000000000.0,84445320.53333332,848531182.9333333,2.6265333333324334,8.0,862424674.3333334,100.0
2.8966666666790846,16.0,1000913305.5999999,34359738368.0,596865024.0,100000000000.0,19951342.933333334,750899200.0,2.1569333333328053,8.0,743171402.8666667,100.0
3.1073333333246413,16.0,724075315.2,34359738368.0,597929984.0,100000000000.0,19922944.0,867194197.3333334,2.5993333333404736,8.0,874510372.2,100.0
3.216985534297713,16.0,969068612.2666668,34359738368.0,597929984.0,100000000000.0,19942367.57549497,870215009.6660224,2.589494033725342,8.0,875687841.2772483,100.0
