NVMe_from_ceph,NVMe_from_transfer,NVMe_total_util
0.4541493,3.3203363,5.680896
0.43343195,3.3652709,5.7110887
0.3787651,3.4684763,5.8299522
0.46875712,3.3820822,5.7297997
