NVMe_from_ceph,NVMe_from_transfer,NVMe_total_util,num_workers,Goodput
0.4541492999999999,3.3203363,5.680896,68,3.6413352
0.43343195,3.3652709,5.7110887,68,3.4067698
0.3787651,3.4684763,5.8299522,68,3.5967705
0.46875712,3.3820822,5.7297997,68,3.5510874
