NVMe_from_ceph,NVMe_from_transfer,NVMe_total_util
0.6635219,3.4273283,5.9509387
0.072366744,3.698692,6.101227
0.16709901,3.7699707,6.129022
0.3594022,3.7534823,6.0949545
