NVMe_from_ceph,NVMe_from_transfer,NVMe_total_util,num_workers,Goodput
0.6635219,3.4273283,5.9509387,52,3.1155796
0.07236674400000001,3.698692,6.101227,52,3.3999376
0.16709901,3.7699707,6.129022,52,3.7987406
0.3594022,3.7534823,6.0949545,52,3.7465591
