NVMe_from_ceph,NVMe_from_transfer,NVMe_total_util
0.6619151,3.6624742,6.010587
0.6040983,3.4090838,5.785069
0.5131947,3.402763,5.721713
0.4554182,3.3790047,5.6752977
