NVMe_from_ceph,NVMe_from_transfer,NVMe_total_util,num_workers,Goodput
0.6619151,3.6624742,6.010587,49,3.4307926
0.6040983,3.4090837999999994,5.785069,49,3.439802
0.5131947,3.402763,5.7217129999999985,49,3.656555
0.4554182,3.3790047,5.6752977,49,3.241684
