NVMe_from_ceph,NVMe_from_transfer,NVMe_total_util,num_workers,Goodput
0.55089825,0.93211895,2.8711991,54,0.99571335
0.08202387400000001,1.0063498,3.0199597,54,1.0479412
0.045274153,0.96999353,2.9347267,54,0.98373747
0.18075319,1.0120174000000002,3.0207765,54,1.0314926
