NVMe_from_ceph,NVMe_from_transfer,NVMe_total_util
0.55089825,0.93211895,2.8711991
0.082023874,1.0063498,3.0199597
0.045274153,0.96999353,2.9347267
0.18075319,1.0120174,3.0207765
