CPU,CPU_count,Goodput,Memory_total,Memory_used,NIC_speed,NVMe_from_ceph,NVMe_from_transfer,NVMe_total_util,Storage_count,network_throughput,num_workers
1.3331111259087964,16.0,121030.58980339886,34359738368.0,116109312.0,100000000000.0,2184.3877074861675,1826148.1234584358,0.015998933409639243,8.0,984444.3037130858,80.0
2.9249949996902394,16.0,383190292.23074365,34359738368.0,116109312.0,100000000000.0,98502805.78705247,1050337670.5113674,2.277151810120597,8.0,1006483271.3514234,80.0
3.432666666650524,16.0,1020075281.0666666,34359738368.0,577810432.0,100000000000.0,134292002.13333333,1041756433.0666665,3.1779333333310205,8.0,1089832780.1333334,80.0
3.4686666666840513,16.0,1076833757.8666666,34359738368.0,577810432.0,100000000000.0,134147822.93333334,1045509461.3333334,3.1267333333341716,8.0,1039999976.0666667,80.0
3.0746666666741174,16.0,996056610.1333333,34359738368.0,575389696.0,100000000000.0,134222097.06666666,758898414.9333334,2.5180666666671945,8.0,769759543.6,80.0
2.881999999967714,16.0,671414408.5333332,34359738368.0,577441792.0,100000000000.0,50331648.0,762252765.8666667,2.4275333333333644,8.0,758895456.4,80.0
2.9786666666778423,16.0,793357755.7333333,34359738368.0,577441792.0,100000000000.0,19927313.06666667,790002073.5999999,2.2377333333288942,8.0,796623736.2,80.0
3.2706666667324797,16.0,854415223.4666666,34359738368.0,577564672.0,100000000000.0,19922944.0,1052878165.3333333,2.6860666666703765,8.0,1056029314.2,80.0
3.0313333332849046,16.0,977991094.9936672,34359738368.0,577564672.0,100000000000.0,19927313.066666666,885474099.2,2.4693333333338767,8.0,899368906.3333334,80.0
