NVMe_from_ceph,NVMe_from_transfer,NVMe_total_util,num_workers,Goodput
1.0908597,3.2094142000000003,5.625594,68,3.5675101
0.09826204,3.3565576,5.70791,68,3.355814
-0.05028428,3.3561828,5.6665325,68,3.1449888
0.28883293,3.3806121,5.678906,68,3.2779868
