NVMe_from_ceph,NVMe_from_transfer,NVMe_total_util
0.49197522,3.7236025,6.241737
0.4537351,3.601946,6.0809393
0.47007528,3.9315844,6.46081
0.57567877,3.3487813,5.9612103
