NVMe_from_ceph,NVMe_from_transfer,NVMe_total_util,num_workers,Goodput
0.49197522,3.7236025,6.2417370000000005,68,3.6593091
0.4537351,3.601946,6.0809393,68,3.7035024
0.47007528,3.9315844,6.46081,68,3.9899127
0.57567877,3.3487812999999997,5.9612102999999985,68,3.7556276
