NVMe_from_ceph,NVMe_from_transfer,NVMe_total_util
1.2793514,3.6038852,5.91434
0.51365817,3.4437768,5.752716
0.33065978,3.6705232,5.935114
0.3370017,3.7058022,5.9555697
