NVMe_from_ceph,NVMe_from_transfer,NVMe_total_util,num_workers,Goodput
0.6284183000000001,0.8393779,2.4157953,54,1.0061643
0.23923723,0.8096585000000001,2.3457987,54,0.95557797
0.18142608,0.8160658000000001,2.3435843,54,0.93838596
0.22947055,0.89685535,2.6409402,54,0.9619934
