NVMe_from_ceph,NVMe_from_transfer,NVMe_total_util
0.6284183,0.8393779,2.4157953
0.23923723,0.8096585,2.3457987
0.18142608,0.8160658,2.3435843
0.22947055,0.89685535,2.6409402
