NVMe_from_ceph,NVMe_from_transfer,NVMe_total_util
0.8822124,1.9681987,4.275502
1.247747,2.4836636,5.124259
1.1743125,2.7693398,5.371555
1.462259,2.7242928,5.270509
