NVMe_from_ceph,NVMe_from_transfer,NVMe_total_util,num_workers,Goodput
0.8822124,1.9681987,4.275502,69,2.2119505
1.247747,2.4836636000000003,5.124259,69,2.7793214
1.1743125,2.7693398,5.371555,69,3.4020755
1.462259,2.7242928,5.270509,69,3.1874537
