NVMe_from_ceph,NVMe_from_transfer,NVMe_total_util,num_workers,Goodput
0.8120252,3.304062,5.891173,85,3.578754
0.7060857,4.109622,6.448772,85,3.8072329
0.50014377,3.5478084,6.0682554,85,3.5277915
0.4900625,3.372315,5.9323163,85,3.5198388
