NVMe_from_ceph,NVMe_from_transfer,NVMe_total_util
0.7711923,4.167994,6.4712405
0.32532102,4.3990216,6.6709833
0.058333628,3.751403,6.1673317
1.1621376,3.9760282,6.4253597
