NVMe_from_ceph,NVMe_from_transfer,NVMe_total_util,num_workers,Goodput
0.7711923,4.167994,6.4712405,85,4.0578284
0.32532102,4.399021599999998,6.6709833,85,4.3429203
0.058333628,3.751403,6.1673317,85,2.9667814
1.1621376,3.9760282,6.4253597000000005,85,4.068548
