NVMe_from_ceph,NVMe_from_transfer,NVMe_total_util
0.82440794,3.7496583,5.818182
0.43294635,3.6725972,5.804555
0.22900414,3.6849484,5.783006
0.6815719,3.4657068,5.622697
