NVMe_from_ceph,NVMe_from_transfer,NVMe_total_util,num_workers,Goodput
0.82440794,3.7496583,5.818182,68,3.466293
0.43294635,3.6725972,5.8045550000000015,68,3.5489883
0.22900414,3.6849484,5.7830059999999985,68,3.1989927
0.6815719,3.4657068,5.6226970000000005,68,3.50091
