NVMe_from_ceph,NVMe_from_transfer,NVMe_total_util
0.20618764,0.603022,1.823265
0.19196968,0.6344426,1.8701785
0.22215922,0.6165386,1.8310437
0.5149953,0.6564284,1.959585
