NVMe_from_ceph,NVMe_from_transfer,NVMe_total_util,num_workers,Goodput
0.20618764,0.6030220000000001,1.823265,54,0.79651976
0.19196968,0.6344426,1.8701785,54,0.8079172
0.22215922,0.6165385999999999,1.8310437,54,0.8119794
0.5149952999999999,0.6564284,1.959585,54,0.8621752
