CPU,CPU_count,Goodput,Memory_total,Memory_used,NIC_speed,NVMe_from_ceph,NVMe_from_transfer,NVMe_total_util,Storage_count,network_throughput,num_workers
1.2331778813925367,16.0,0.0,34359738368.0,63250432.0,100000000000.0,2183.0779480346437,1746462.3584277146,0.016055962694082895,8.0,921015.1232511658,10.0
2.204136090734607,16.0,137542553.6,34359738368.0,503713792.0,100000000000.0,61487545.29686458,484258412.27485,1.285657104734363,8.0,476507732.55503666,10.0
2.7860000000335274,16.0,753966851.1234081,34359738368.0,521584640.0,100000000000.0,134361907.20000002,782647569.0666667,2.2583333333333333,8.0,792344637.1333333,10.0
2.825333333294839,16.0,761041407.9999999,34359738368.0,521584640.0,100000000000.0,134077917.86666667,707872358.4000001,2.038533333335848,8.0,719052579.0666667,10.0
2.4026666667001937,16.0,650967449.6,34359738368.0,519847936.0,100000000000.0,134222097.06666666,597764232.5333333,1.7587999999969421,8.0,601295863.6,10.0
2.7276848209597815,16.0,679027874.9416705,34359738368.0,519847936.0,100000000000.0,81923276.58156124,752853865.208986,2.060195986936067,8.0,757619785.6142924,10.0
2.678666666708886,16.0,775832644.2666667,34359738368.0,522301440.0,100000000000.0,19927313.066666666,806342656.0,1.9245333333325108,8.0,803679511.8,10.0
2.3826666666505236,16.0,591307021.5347689,34359738368.0,522301440.0,100000000000.0,19922944.0,596037905.0666667,1.5340666666665737,8.0,602953951.2,10.0
2.4826666666505237,16.0,684452522.6666667,34359738368.0,522301440.0,100000000000.0,19927313.06666667,653809527.4666666,1.7411333333312844,8.0,659640135.9333333,10.0
