CPU,CPU_count,Goodput,Memory_total,Memory_used,NIC_speed,NVMe_from_ceph,NVMe_from_transfer,NVMe_total_util,Storage_count,network_throughput,num_workers
1.181999999998758,16.0,0.0,34359738368.0,107630592.0,100000000000.0,0.0,1336934.3999999997,0.011000000001513398,8.0,126519.13333333333,8.0
1.9478770912608323,16.0,447600869.00958467,34359738368.0,107630592.0,100000000000.0,64998712.257548496,361973864.42711455,1.136839298803786,8.0,352791232.5534893,8.0
2.5822497832589413,16.0,623914071.1853088,34359738368.0,561700864.0,100000000000.0,134246761.88571048,630658364.2061746,1.9167833566732206,8.0,643432841.4349537,8.0
2.432666666650524,16.0,608753800.5333333,34359738368.0,561700864.0,100000000000.0,134147822.93333334,612198536.5333333,1.8465999999995497,8.0,614641713.0,8.0
2.515698953401864,16.0,643650764.8000001,34359738368.0,562028544.0,100000000000.0,134283049.93000466,618107998.1334578,1.9137390840619475,8.0,621445621.9585361,8.0
2.617333333349476,16.0,718440202.1198587,34359738368.0,562028544.0,100000000000.0,78922820.26666667,708807611.7333333,2.192599999998735,8.0,713166135.8666667,8.0
2.4286666667088865,16.0,617441482.7655177,34359738368.0,562966528.0,100000000000.0,19927313.066666666,599864661.3333334,1.70266666666818,8.0,601391684.5333333,8.0
2.4049603306936804,16.0,546788838.9203598,34359738368.0,562966528.0,100000000000.0,19924272.28481899,607252003.4668977,1.6782452163471822,8.0,603092072.9381958,8.0
2.489999999975164,16.0,645711995.7321951,34359738368.0,562741248.0,100000000000.0,19927313.066666666,611127296.0,1.78786666666662,8.0,614623898.3333334,8.0
