NVMe_from_ceph,NVMe_from_transfer,NVMe_total_util,num_workers,Goodput
0.6166129,3.0195854,5.2166104,69,3.079139
1.5860329,3.6457274,5.9278755,69,3.211803
1.6169811,3.7175803,6.124576,69,3.342827
1.0764593,4.105217,6.4920917000000005,69,4.032893
