NVMe_from_ceph,NVMe_from_transfer,NVMe_total_util
0.6166129,3.0195854,5.2166104
1.5860329,3.6457274,5.9278755
1.6169811,3.7175803,6.124576
1.0764593,4.105217,6.4920917
