NVMe_from_ceph,NVMe_from_transfer,NVMe_total_util
1.2221013,0.7707932,2.1802971
0.22244447,0.96874654,2.5142465
0.05206837,1.0725011,2.6606326
0.049035918,1.0704352,2.6798108
