NVMe_from_ceph,NVMe_from_transfer,NVMe_total_util
0.7086468,3.4755466,5.7596035
0.5513674,3.4778764,5.7076616
0.513236,3.5078743,5.7719674
0.84289557,3.269524,5.6488605
