NVMe_from_ceph,NVMe_from_transfer,NVMe_total_util,num_workers,Goodput
0.87516546,3.3686742999999995,5.562692,65,3.156195
0.07684809,3.2585416,5.447728,65,3.5983508
0.049324345,3.5350356,5.7485847,65,3.24811
0.06454422,3.4921749,5.6817274000000015,65,3.220316
