CPU,CPU_count,Goodput,Memory_total,Memory_used,NIC_speed,NVMe_from_ceph,NVMe_from_transfer,NVMe_total_util,Storage_count,network_throughput,num_workers
1.2006666666517654,16.0,0.0,34359738368.0,116998144.0,100000000000.0,0.0,1826269.8666666667,0.015800000001521163,8.0,914072.4666666667,80.0
3.0666666666666664,16.0,276442043.73333335,34359738368.0,116998144.0,100000000000.0,76548266.66666666,1059848191.9999999,2.352199999999721,8.0,1041790594.0,80.0
3.2686666667150948,16.0,1086661427.2,34359738368.0,574271488.0,100000000000.0,134217728.0,911282722.1333333,2.9269999999999223,8.0,923309549.8,80.0
3.2516498899464903,16.0,931235430.4,34359738368.0,578985984.0,100000000000.0,134280865.54229718,929119481.6345577,2.970068662089443,8.0,942875405.9729352,80.0
2.979665311033153,16.0,800644702.1801453,34359738368.0,578985984.0,100000000000.0,134156766.7177812,785324640.8427229,2.5409027268487514,8.0,781467373.9582639,80.0
3.2493333333482344,16.0,889917644.8000001,34359738368.0,578084864.0,100000000000.0,69070574.93333334,999312588.8,2.89733333333279,8.0,1020906007.6,80.0
2.8706666666703917,16.0,989678250.6666665,34359738368.0,578084864.0,100000000000.0,19922944.0,759869166.9333332,2.2628666666666204,8.0,765464102.3333334,80.0
2.719685354281154,16.0,635596117.3333334,34359738368.0,577740800.0,100000000000.0,19925984.66768882,739300558.6294246,2.0630624625027636,8.0,733375647.8234785,80.0
3.171678111848047,16.0,819777262.9333333,34359738368.0,577740800.0,100000000000.0,19924272.284818985,970492023.2015468,2.6292419494643684,8.0,960826537.1024735,80.0
