NVMe_from_ceph,NVMe_from_transfer,NVMe_total_util,num_workers,Goodput
10.466132,0.93673664,5.2340019999999985,85,0.9163835
4.1369658,0.9296764,5.16786,85,0.9171544
2.7560802000000004,0.98271143,5.472817,85,1.1133461
3.684988,0.9852519,5.448383,85,1.1389229
