NVMe_from_ceph,NVMe_from_transfer,NVMe_total_util
10.466132,0.93673664,5.234002
4.1369658,0.9296764,5.16786
2.7560802,0.98271143,5.472817
3.684988,0.9852519,5.448383
