NVMe_from_ceph,NVMe_from_transfer,NVMe_total_util
10.600188,3.7944047,6.3520455
8.143687,3.4697905,6.094542
7.667793,3.9344497,6.4552183
8.458594,3.773307,6.367784
