NVMe_from_ceph,NVMe_from_transfer,NVMe_total_util,num_workers,Goodput
10.600188,3.7944047,6.3520455,66,3.7285779
8.143687,3.4697905,6.094542,66,3.6241224
7.667793,3.934449700000001,6.4552182999999985,66,3.9805517
8.458594,3.773307,6.367784,66,3.6966834
