NVMe_from_ceph,NVMe_from_transfer,NVMe_total_util,num_workers,Goodput
2.6857219,3.882394,6.264882,54,3.992901
1.670235,3.7940688,6.1454315,54,3.771532
1.4329265,3.6315463,5.858089,54,3.0197446
3.7903256,3.5435543,5.755778,54,3.634321
