NVMe_from_ceph,NVMe_from_transfer,NVMe_total_util
10.271061,3.5937788,6.364168
12.387487,3.2221494,6.2588754
9.95086,3.168109,6.2005944
6.619382,3.4406903,6.311037
