NVMe_from_ceph,NVMe_from_transfer,NVMe_total_util,num_workers,Goodput
10.271061,3.5937788,6.364168,53,3.7972784
12.387487,3.2221494,6.2588754,53,3.5614004
9.95086,3.168109,6.2005944,53,3.4423597
6.619382000000001,3.4406903,6.311037000000002,53,3.4512362
