NVMe_from_ceph,NVMe_from_transfer,NVMe_total_util,num_workers,Goodput
15.344203,2.9280498,5.734833,57,3.474677
18.522871,3.1110463,5.9338264,57,3.6619396
13.093296,3.837165,6.41125,57,4.071056
14.607556,3.2627246,6.0451255,57,3.6718748
