NVMe_from_ceph,NVMe_from_transfer,NVMe_total_util,num_workers,Goodput
13.582498,0.71549,3.834532,54,0.89585924
3.0502424,0.56078595,3.3424323,54,0.8009982
0.56137633,0.73354214,3.8252757000000006,54,0.9182084
1.3363776000000005,0.7319241,3.8306365,54,0.8635317
