NVMe_from_ceph,NVMe_from_transfer,NVMe_total_util
13.582498,0.71549,3.834532
3.0502424,0.56078595,3.3424323
0.56137633,0.73354214,3.8252757
1.3363776,0.7319241,3.8306365
