NVMe_from_ceph,NVMe_from_transfer,NVMe_total_util,num_workers,Goodput
6.0637665,2.5347805,5.148459,69,3.030136
15.994832,3.061872,5.7523746,69,3.6075447
16.201393,2.899523,5.6269455000000015,69,3.3840714
16.327543,3.0348694,5.739264,69,3.6564004
