NVMe_from_ceph,NVMe_from_transfer,NVMe_total_util,num_workers,Goodput
5.9229174,3.5316176,5.967153,65,3.2986953
6.0144815000000005,3.372699,5.8649783,65,3.6052408
5.9769760000000005,3.4095383000000004,5.999956,65,3.6574464
5.781368,3.324351,5.84472,65,3.7872708
