NVMe_from_ceph,NVMe_from_transfer,NVMe_total_util
5.9229174,3.5316176,5.967153
6.0144815,3.372699,5.8649783
5.976976,3.4095383,5.999956
5.781368,3.324351,5.84472
