NVMe_from_ceph,NVMe_from_transfer,NVMe_total_util,num_workers,Goodput
14.122501000000002,3.172382,6.110164,68,3.6880133
0.38375396,3.438278700000001,6.304462,68,3.5058289
-0.8798299999999999,3.4310768,6.2792935,68,3.0937715
1.6625255,3.515932,6.3481927,68,3.44479
