NVMe_from_ceph,NVMe_from_transfer,NVMe_total_util
14.122501,3.172382,6.110164
0.38375396,3.4382787,6.304462
-0.87983,3.4310768,6.2792935
1.6625255,3.515932,6.3481927
