CPU,CPU_count,Goodput,Memory_total,Memory_used,NIC_speed,NVMe_from_ceph,NVMe_from_transfer,NVMe_total_util,Storage_count,network_throughput,num_workers
1.2999999999999998,16.0,0.0,34359738368.0,40157184.0,100000000000.0,0.0,1502958.933333333,0.012600000008630256,8.0,1102936.3333333333,100.0
1.6953333334065974,16.0,687924032.7978135,34359738368.0,40157184.0,100000000000.0,0.0,376104550.4,0.5217333333333954,8.0,337476931.6,100.0
2.7096473097833997,16.0,816514517.5011668,34359738368.0,48435200.0,100000000000.0,0.0,785893203.5469031,1.7862524168210825,8.0,785894261.6174412,100.0
2.9403373108521516,16.0,757111466.6666666,34359738368.0,48435200.0,100000000000.0,75422538.76408239,771937495.3669757,2.3676421571929045,8.0,800828991.7338845,100.0
6.959930662037926,16.0,559495270.4,34359738368.0,505937920.0,100000000000.0,134296586.1724115,693667799.7199813,2.4236282418875734,8.0,705921414.9609973,100.0
3.500666666620721,16.0,900136752.4831679,34359738368.0,509800448.0,100000000000.0,134150007.46666667,611409920.0,2.0247999999982613,8.0,626426067.3333334,100.0
3.081333333378037,16.0,847592429.3619573,34359738368.0,509800448.0,100000000000.0,134217728.0,874935364.2666665,2.6181333333292667,8.0,871560547.4666667,100.0
3.3086666666592164,16.0,1124325512.5333335,34359738368.0,505217024.0,100000000000.0,70049245.86666667,972550963.1999999,2.871333333333799,8.0,986032868.0,100.0
3.3646666666803267,16.0,1004001826.1333334,34359738368.0,505217024.0,100000000000.0,19922944.0,1068914824.5333333,2.9695999999996276,8.0,1066276219.2,100.0
