CPU,CPU_count,Goodput,Memory_total,Memory_used,NIC_speed,NVMe_from_ceph,NVMe_from_transfer,NVMe_total_util,Storage_count,network_throughput,num_workers
1.2684747117068293,16.0,0.0,34359738368.0,111374336.0,100000000000.0,41486.77283934164,3309661.8911174787,0.18551342705861823,8.0,490168.38808556006,40.0
1.7957713600599186,16.0,955419423.674344,34359738368.0,111374336.0,100000000000.0,19302806.376308944,395879096.6451011,0.7628893483680355,8.0,375856286.46701795,40.0
2.8390107326227922,16.0,814425838.9333334,34359738368.0,574210048.0,100000000000.0,135062876.3415772,778696263.9824013,2.2449836677532793,8.0,783774615.625625,40.0
2.905660377348556,16.0,693774745.6,34359738368.0,574210048.0,100000000000.0,134226676.44509634,895322408.1605439,2.2970864724294153,8.0,920455655.5103673,40.0
2.561029264725619,16.0,756728798.346777,34359738368.0,574210048.0,100000000000.0,134245915.33897737,630110662.4891673,2.0311312579149905,8.0,624008636.4242384,40.0
3.1318769148893706,16.0,938786050.2700179,34359738368.0,570982400.0,100000000000.0,117750042.36046359,906354717.4637005,2.7939922738869565,8.0,902122927.0680698,40.0
3.0917584251041883,16.0,875166982.4678354,34359738368.0,567521280.0,100000000000.0,19918832.966299634,900491864.6646647,2.6172172172160675,8.0,925943499.0323657,40.0
3.892666666582227,16.0,850439270.8847256,34359738368.0,567521280.0,100000000000.0,19922944.0,887946717.8666667,2.245666666662631,8.0,887773320.8666667,40.0
2.8006666667138536,16.0,735288524.8000001,34359738368.0,567521280.0,100000000000.0,19971003.733333334,785664136.5333333,2.2810666666715407,8.0,772041270.0666667,40.0
