CPU,CPU_count,Goodput,Memory_total,Memory_used,NIC_speed,NVMe_from_ceph,NVMe_from_transfer,NVMe_total_util,Storage_count,network_throughput,num_workers
1.2337844143413328,16.0,0.0,34359738368.0,110940160.0,100000000000.0,0.0,1179569.3620425302,0.009666022266424002,8.0,359350.44330377976,50.0
1.3646666666803264,16.0,319433697.4868342,34359738368.0,568127488.0,100000000000.0,978670.9333333332,183973751.46666667,0.27006666666517654,8.0,170933011.73333332,50.0
2.832322154825223,16.0,786873032.0688045,34359738368.0,568127488.0,100000000000.0,134086856.99046604,826270440.4293619,2.328821921460965,8.0,831690425.2283485,50.0
2.953414082252462,16.0,927230828.6816132,34359738368.0,568586240.0,100000000000.0,134197019.56608544,878035362.7046452,2.750033275658444,8.0,862879080.7932917,50.0
3.3866702283909103,16.0,1033080181.7439803,34359738368.0,568586240.0,100000000000.0,134240696.67423534,1102743370.642447,3.0902230532914716,8.0,1124938635.7018833,50.0
2.8937020992927858,16.0,930437538.5025668,34359738368.0,570040320.0,100000000000.0,133565905.76474509,865422698.0339887,2.5280906364531344,8.0,859166343.4188603,50.0
2.87029009664176,16.0,840004632.9822689,34359738368.0,570040320.0,100000000000.0,19859658.81960654,828972490.5635211,2.1949983327749685,8.0,855581631.8106036,50.0
2.831333333440125,16.0,882039417.2534053,34359738368.0,569278464.0,100000000000.0,19949158.4,925720029.8666668,2.2325333333360806,8.0,934243128.4,50.0
3.108666666628172,16.0,909481905.6884204,34359738368.0,569278464.0,100000000000.0,19922944.0,959566370.1333333,2.5973999999987427,8.0,953447182.6,50.0
