NVMe_from_ceph,NVMe_from_transfer,NVMe_total_util
8.236594,0.89571077,5.1284285
2.4725204,0.8638416,5.0038066
2.558571,0.9227494,5.332806
3.9533515,0.9686258,5.6176996
