NVMe_from_ceph,NVMe_from_transfer,NVMe_total_util,num_workers,Goodput
8.236594,0.89571077,5.1284285,85,0.8918959
2.4725204,0.8638415999999999,5.0038066,85,0.8690433
2.558571,0.9227494,5.332806,85,0.94120246
3.9533515,0.9686258,5.6176996,85,1.0389199
