NVMe_from_ceph,NVMe_from_transfer,NVMe_total_util,num_workers,Goodput
9.766196,3.0977328,5.8979040000000005,66,3.5680218
6.1175485,3.4775558,6.271359,66,3.6581817
5.6585693,3.3851727999999994,6.182894,66,3.8566246
6.2607550000000005,3.2939922999999998,6.0868387,66,3.678159
