NVMe_from_ceph,NVMe_from_transfer,NVMe_total_util
9.766196,3.0977328,5.897904
6.1175485,3.4775558,6.271359
5.6585693,3.3851728,6.182894
6.260755,3.2939923,6.0868387
