NVMe_from_ceph,NVMe_from_transfer,NVMe_total_util,num_workers,Goodput
12.174114,3.6131184,6.1213427000000005,58,3.7288787
11.562149,3.710583,6.180781400000001,58,3.633823
11.434242,3.767118,6.253488,58,3.9068985
8.741863,3.8452125,6.301344,58,4.113617
