NVMe_from_ceph,NVMe_from_transfer,NVMe_total_util,num_workers,Goodput
1.5055684,3.683786,6.2450465999999984,53,3.835525
2.1287196,3.3628955,5.914251,53,3.6126072
1.0036478000000002,3.6006246,6.131168,53,3.763364
0.4804265,3.5728106,6.0855207,53,3.6682522
