NVMe_from_ceph,NVMe_from_transfer,NVMe_total_util
1.5055684,3.683786,6.2450466
2.1287196,3.3628955,5.914251
1.0036478,3.6006246,6.131168
0.4804265,3.5728106,6.0855207
