NVMe_from_ceph,NVMe_from_transfer,NVMe_total_util
13.983267,2.4182227,5.146981
15.312837,2.8995264,5.544283
9.378869,4.1161556,6.4999084
16.412384,3.1599646,5.8771887
