NVMe_from_ceph,NVMe_from_transfer,NVMe_total_util,num_workers,Goodput
13.983267,2.4182227000000003,5.1469809999999985,69,2.8410306
15.312837,2.8995264,5.544283,69,3.3955712
9.378869,4.116155600000001,6.499908400000002,69,3.8662803
16.412384,3.1599646,5.8771887000000005,69,3.7832713
