CPU,CPU_count,Goodput,Memory_total,Memory_used,NIC_speed,NVMe_from_ceph,NVMe_from_transfer,NVMe_total_util,Storage_count,network_throughput,num_workers
1.231548769916753,16.0,0.0,34359738368.0,108380160.0,100000000000.0,0.0,1747743.1828788586,0.015201013400109478,8.0,284848.78991932794,70.0
2.374666666612029,16.0,770901094.4,34359738368.0,567930880.0,100000000000.0,47325730.13333333,731550515.2,1.5400666666653706,8.0,694761569.1333333,70.0
3.0806666666952274,16.0,889133718.5520966,34359738368.0,567930880.0,100000000000.0,134217728.0,939324484.2666668,2.620000000000194,8.0,966445382.3333334,70.0
3.1523231784721526,16.0,1033457918.3863049,34359738368.0,572727296.0,100000000000.0,134210965.13565761,959798387.8408105,2.839744017065661,8.0,979373145.9236051,70.0
3.637709180600864,16.0,1047915009.6463023,34359738368.0,572727296.0,100000000000.0,134226676.44509634,1131333824.3882923,3.302153476899096,8.0,1126080835.1890125,70.0
2.719018732132953,16.0,775950932.3378441,34359738368.0,572727296.0,100000000000.0,93950515.29898006,685066034.5310313,2.2799813345770428,8.0,695569968.6020932,70.0
3.191012734096592,16.0,837286957.2638177,34359738368.0,571469824.0,100000000000.0,19924272.284818985,887840428.8285886,2.6715781052087055,8.0,889367335.4890326,70.0
2.6613333334525424,16.0,787548023.4666666,34359738368.0,566255616.0,100000000000.0,19927313.066666666,699856213.3333334,2.1735333333335194,8.0,706601106.0,70.0
3.1699999999565383,16.0,875674828.8000001,34359738368.0,566255616.0,100000000000.0,19922944.0,955278131.2,2.7644666666650055,8.0,939602847.2666667,70.0
