CPU,CPU_count,Goodput,Memory_total,Memory_used,NIC_speed,NVMe_from_ceph,NVMe_from_transfer,NVMe_total_util,Storage_count,network_throughput,num_workers
1.3888925929227267,16.0,0.0,34359738368.0,61689856.0,100000000000.0,0.0,1590446.2964197611,0.013000866721033219,8.0,924665.6443762917,50.0
4.528898073441902,16.0,729733299.5533035,34359738368.0,61689856.0,100000000000.0,1640178091.5938935,1159719284.847677,5.0544630358005325,8.0,1147531621.6918871,50.0
3.5717047803236555,16.0,748708887.1408573,34359738368.0,519540736.0,100000000000.0,2127180412.560837,492656852.32348824,5.544502966865202,8.0,509575788.5192346,50.0
4.0169322045197,16.0,653287012.7341822,34359738368.0,519540736.0,100000000000.0,2062131896.2735815,812284228.5180988,5.610959269380956,8.0,823502546.3635758,50.0
4.139742649485131,16.0,797012188.375955,34359738368.0,520167424.0,100000000000.0,2003092831.2554169,828269694.7796519,5.578971931458465,8.0,831844012.60084,50.0
3.3126666666939855,16.0,699919930.4115089,34359738368.0,520167424.0,100000000000.0,834002397.8666666,699965166.9333333,3.5335333333350714,8.0,686917270.6,50.0
3.855999999959022,16.0,929847701.886541,34359738368.0,521113600.0,100000000000.0,605591961.6,1040386457.5999999,3.75266666666915,8.0,1047232603.7333333,50.0
3.4106666667076446,16.0,892312193.6129075,34359738368.0,521113600.0,100000000000.0,604469111.4666666,796976469.3333333,3.2531333333308186,8.0,800736216.5333333,50.0
3.467635490921326,16.0,822332747.4921942,34359738368.0,521113600.0,100000000000.0,605481691.0872608,794402011.5992267,3.4726351576557217,8.0,812004107.1261916,50.0
