NVMe_from_ceph,NVMe_from_transfer,NVMe_total_util,num_workers,Goodput
0.5324880999999999,3.4002072999999995,5.7303834,65,3.5379024
0.51259464,3.303203,5.5741105000000015,65,3.8135934
0.92312086,3.4695466,5.8967870000000016,65,3.5046327
0.5529373000000001,3.5088375,5.9328699999999985,65,3.6233218
