NVMe_from_ceph,NVMe_from_transfer,NVMe_total_util
0.5324881,3.4002073,5.7303834
0.51259464,3.303203,5.5741105
0.92312086,3.4695466,5.896787
0.5529373,3.5088375,5.93287
