NVMe_from_ceph,NVMe_from_transfer,NVMe_total_util
0.4231922,5.118961,7.362821
0.2208465,3.7963004,6.4490366
0.01876157,3.6197734,6.272773
-0.0719379,4.250153,6.6342235
