NVMe_from_ceph,NVMe_from_transfer,NVMe_total_util,num_workers,Goodput
0.4231922000000001,5.118961,7.362821,53,3.7334232
0.2208465,3.7963004,6.4490366,53,4.0671077
0.01876157,3.6197734,6.272773,53,3.6108716
-0.07193789999999999,4.250153,6.6342235,53,3.2948184
