NVMe_from_ceph,NVMe_from_transfer,NVMe_total_util,num_workers,Goodput
0.70746773,3.3705519999999995,5.86705,85,3.4117723
0.55605316,5.086947,7.1662135,85,3.8424296
0.728696,3.4888341,5.9787807,85,3.563896
0.33285657,3.1873066000000003,6.0359974,85,3.6979578
