NVMe_from_ceph,NVMe_from_transfer,NVMe_total_util
0.37609136,0.6923188,2.0855603
0.25947985,0.7086135,2.1091442
0.4228736,0.6974804,2.0941722
0.8307989,0.76696,2.2950728
