NVMe_from_ceph,NVMe_from_transfer,NVMe_total_util,num_workers,Goodput
0.37609136,0.6923188,2.0855603,54,0.85034233
0.25947985,0.7086135,2.1091442,54,0.8501978
0.4228736,0.6974804,2.0941722,54,0.84382325
0.8307989,0.7669600000000001,2.2950728,54,0.87463105
