NVMe_from_ceph,NVMe_from_transfer,NVMe_total_util,num_workers,Goodput
0.7081973000000001,2.4482343,4.5922885,64,2.8557477
1.530714,3.2357848,5.4710903,64,3.4109187
1.7381438000000002,3.299685,5.648322,64,3.5436587
1.5055628,3.3605187000000005,5.7621484,64,3.3211296
