NVMe_from_ceph,NVMe_from_transfer,NVMe_total_util
0.7081973,2.4482343,4.5922885
1.530714,3.2357848,5.4710903
1.7381438,3.299685,5.648322
1.5055628,3.3605187,5.7621484
