NVMe_from_ceph,NVMe_from_transfer,NVMe_total_util,num_workers,Goodput
1.3703252,3.236622,5.884025599999998,68,3.5050027
0.2628371,3.1967645,5.6956034,68,3.6077714
0.09650642,3.2385330000000003,5.7349596,68,3.7907026
-0.18027541,3.715634,6.1430526,68,2.9753609
