NVMe_from_ceph,NVMe_from_transfer,NVMe_total_util
1.3703252,3.236622,5.8840256
0.2628371,3.1967645,5.6956034
0.09650642,3.238533,5.7349596
-0.18027541,3.715634,6.1430526
