NVMe_from_ceph,NVMe_from_transfer,NVMe_total_util,num_workers,Goodput
0.61567223,3.6319997,6.0336566,68,3.694395
0.63339597,3.2990234,5.873579,68,3.8649828
0.44128674,3.32573,5.8304353,68,3.8240156
0.61158264,3.373257,5.916299,68,3.5456312
