NVMe_from_ceph,NVMe_from_transfer,NVMe_total_util,num_workers,Goodput
1.3708456,0.71880996,2.2306864,54,0.9166491
0.20999052,0.6518404000000001,1.8651422,54,0.825156
0.19773462,0.7289684000000001,2.219986,54,0.85586095
0.23601654,0.79276764,2.4523985,54,0.99838096
