NVMe_from_ceph,NVMe_from_transfer,NVMe_total_util,num_workers,Goodput
0.56079626,4.16489,6.4963517,85,4.150693
0.5821107,3.79077,6.2902236,85,3.6248724
0.44784322,3.3916678,6.030397,85,3.519076
0.5942286999999999,3.5813532,6.1924787000000014,85,3.6940703
