NVMe_from_ceph,NVMe_from_transfer,NVMe_total_util
0.56079626,4.16489,6.4963517
0.5821107,3.79077,6.2902236
0.44784322,3.3916678,6.030397
0.5942287,3.5813532,6.1924787
