NVMe_from_ceph,NVMe_from_transfer,NVMe_total_util
0.5396226,2.8794703,5.181883
1.1241604,3.5118127,5.694086
1.4822206,3.5351617,5.9554157
1.28177,3.5314531,5.9428515
