NVMe_from_ceph,NVMe_from_transfer,NVMe_total_util,num_workers,Goodput
0.5396226,2.8794703,5.181883,58,3.0876994
1.1241603999999998,3.5118127,5.694086,58,3.1874702
1.4822206,3.5351617,5.9554157,58,3.3262722
1.28177,3.5314531,5.9428515,58,3.5392992
