NVMe_from_ceph,NVMe_from_transfer,NVMe_total_util,num_workers,Goodput
1.1708301,3.2697365,5.674271599999999,65,3.6124125
0.029814443,3.6877432,6.0161514,65,3.0556087
-0.020156,3.7623978,6.060322,65,2.958088
-0.19523937,3.841779,6.106639,65,2.8550193
