NVMe_from_ceph,NVMe_from_transfer,NVMe_total_util,num_workers,Goodput
1.0250568000000002,3.2937362,5.8352413,53,3.4778755
0.14482205,3.8611236,6.2694926,53,4.1655765
0.15362942,3.7326632000000006,6.1938305,53,3.6511467
0.038366653,3.7427547,6.1767197,53,3.2792592
