NVMe_from_ceph,NVMe_from_transfer,NVMe_total_util
1.0250568,3.2937362,5.8352413
0.14482205,3.8611236,6.2694926
0.15362942,3.7326632,6.1938305
0.038366653,3.7427547,6.1767197
