CPU,CPU_count,Goodput,Memory_total,Memory_used,NIC_speed,NVMe_from_ceph,NVMe_from_transfer,NVMe_total_util,Storage_count,network_throughput,num_workers
1.2640000000285605,16.0,120068.01188159376,34359738368.0,50614272.0,100000000000.0,0.0,1756364.8,0.015400000001924735,8.0,1050961.6,90.0
1.7459999999962752,16.0,766503663.0050626,34359738368.0,515629056.0,100000000000.0,2378956.8,345704584.5333333,0.6842666666683119,8.0,336288154.53333336,90.0
2.849999999937912,16.0,769606178.1333332,34359738368.0,515629056.0,100000000000.0,134217728.0,816030515.2,2.3123333333292977,8.0,791888683.6666666,90.0
2.691333333371828,16.0,710881006.9333332,34359738368.0,512102400.0,100000000000.0,134222097.06666666,681631197.8666668,2.2690666666681256,8.0,694088389.9333333,90.0
3.3540000000037256,16.0,1020731392.0,34359738368.0,512876544.0,100000000000.0,134217728.0,1003796616.5333333,2.97913333333369,8.0,995449066.1333333,90.0
3.325208636931458,16.0,1032551287.4666667,34359738368.0,512876544.0,100000000000.0,131475685.78619686,1030391420.3205721,3.049476751887497,8.0,1056732593.5223207,90.0
2.8933029123545073,16.0,725072549.2967135,34359738368.0,510701568.0,100000000000.0,19913233.659911424,792240942.6922562,2.3435780432156132,8.0,797832173.6679641,90.0
2.7219999999739226,16.0,718152248.0165344,34359738368.0,510701568.0,100000000000.0,19927313.066666666,718626542.9333334,2.259666666669849,8.0,728105615.2,90.0
2.936666666685293,16.0,896821671.0885941,34359738368.0,510701568.0,100000000000.0,19922944.0,794553821.8666667,2.405933333331874,8.0,794940462.8666667,90.0
