NVMe_from_ceph,NVMe_from_transfer,NVMe_total_util
0.59168744,3.455737,5.904894
0.05912939,3.4153996,5.837429
0.077699915,3.6738255,6.0710297
-0.029695196,3.6276739,5.983731
