NVMe_from_ceph,NVMe_from_transfer,NVMe_total_util,num_workers,Goodput
0.59168744,3.455737,5.9048940000000005,66,3.6181219
0.05912939,3.4153996,5.837429,66,3.2255573
0.077699915,3.6738255,6.0710297,66,3.2554739
-0.029695196,3.6276739,5.983731,66,3.3269446
