NVMe_from_ceph,NVMe_from_transfer,NVMe_total_util,num_workers,Goodput
0.9247782,3.8655427,6.363964,53,3.9664252
-0.12874776,3.883482700000001,6.2885985,53,3.3339295
0.16412877,3.7344022,6.1229809999999985,53,3.6458488
0.039860394,3.6863618,6.0915339999999984,53,3.336786
