NVMe_from_ceph,NVMe_from_transfer,NVMe_total_util
0.9247782,3.8655427,6.363964
-0.12874776,3.8834827,6.2885985
0.16412877,3.7344022,6.122981
0.039860394,3.6863618,6.091534
