NVMe_from_ceph,NVMe_from_transfer,NVMe_total_util,num_workers,Goodput
0.6729805,3.662883,6.3368635,54,3.834207
0.7330346999999999,3.3687572,6.2065005,54,3.4279058
0.37207243,3.2637231,5.9364514,54,3.6415677
0.56778294,3.8325198,6.4863167,54,4.0504456
