NVMe_from_ceph,NVMe_from_transfer,NVMe_total_util
0.6729805,3.662883,6.3368635
0.7330347,3.3687572,6.2065005
0.37207243,3.2637231,5.9364514
0.56778294,3.8325198,6.4863167
