NVMe_from_ceph,NVMe_from_transfer,NVMe_total_util
1.0212767,0.7654239,2.2469573
0.08344097,0.6897482,2.0706136
0.15213344,0.6636615,1.9442289
0.16694792,0.8724063,2.5839703
