NVMe_from_ceph,NVMe_from_transfer,NVMe_total_util,num_workers,Goodput
1.0212767,0.7654239,2.2469573,54,0.7815163
0.08344097,0.6897482,2.0706136,54,0.8263613
0.15213344,0.6636615,1.9442289,54,0.8008023
0.16694792,0.8724063,2.5839703,54,0.9561591
