CPU,CPU_count,Goodput,Memory_total,Memory_used,NIC_speed,NVMe_from_ceph,NVMe_from_transfer,NVMe_total_util,Storage_count,network_throughput,num_workers
1.3786666667088867,16.0,0.0,34359738368.0,81870848.0,100000000000.0,2184.5333333333333,1336934.3999999997,0.011799999999736126,8.0,646106955.4,8.0
2.5730284647590818,16.0,278449834.6666666,34359738368.0,84709376.0,100000000000.0,95973258.31611226,625896159.4560363,1.8475434970980202,8.0,627391448.1034598,8.0
2.598666666665425,16.0,678156970.6666667,34359738368.0,84709376.0,100000000000.0,134292002.13333333,668012544.0,1.9841333333325262,8.0,671317063.7333333,8.0
2.518967931228943,16.0,636884340.556037,34359738368.0,536944640.0,100000000000.0,134226676.44509634,637259934.6623108,1.927395159680199,8.0,631594654.0436028,8.0
2.2519999999242524,16.0,540290824.3450437,34359738368.0,538730496.0,100000000000.0,134152192.0,499886762.6666666,1.6874666666650835,8.0,501639964.0,8.0
2.654000000003725,16.0,658708873.9249284,34359738368.0,538730496.0,100000000000.0,52498705.06666667,705549926.4,1.932733333335879,8.0,719629393.2666667,8.0
2.2960000000273184,16.0,572059921.0666667,34359738368.0,538730496.0,100000000000.0,19997218.133333333,502176153.6,1.4242666666667598,8.0,506905605.2,8.0
2.482000000029803,16.0,620189916.4278574,34359738368.0,536981504.0,100000000000.0,19853038.933333334,614964701.8666667,1.729666666665192,8.0,612315178.6,8.0
2.344000000009934,16.0,504558860.4961323,34359738368.0,536981504.0,100000000000.0,19997218.133333333,566103244.8000001,1.5082000000014282,8.0,573386556.3333334,8.0
