NVMe_from_ceph,NVMe_from_transfer,NVMe_total_util,num_workers,Goodput
0.5192709,3.9250119,6.131167,52,3.5068836
0.57788986,3.7350364,6.0520735,52,3.6582923
0.53709334,3.3728666,5.7847404,52,3.4529312
0.57287043,3.4034984,5.9099483,52,3.3139324
