NVMe_from_ceph,NVMe_from_transfer,NVMe_total_util
0.5192709,3.9250119,6.131167
0.57788986,3.7350364,6.0520735
0.53709334,3.3728666,5.7847404
0.57287043,3.4034984,5.9099483
