NVMe_from_ceph,NVMe_from_transfer,NVMe_total_util,num_workers,Goodput
1.1972213,3.0404568,5.32556,52,3.4586585
1.4887269,3.6431377,6.0813,52,3.7866688
1.3741364,3.4191031,5.93175,52,3.3597205
1.4107348,3.2381113,5.767227,52,3.476049
