NVMe_from_ceph,NVMe_from_transfer,NVMe_total_util,num_workers,Goodput
1.0528286,3.7885497,6.173535299999998,52,3.8985195
0.54361695,3.703119,6.0368533,52,3.8136926
0.44790062,4.0465602999999986,6.3253818,52,3.2441857
0.39192408,4.169691,6.4055405,52,3.6090703
