NVMe_from_ceph,NVMe_from_transfer,NVMe_total_util,num_workers,Goodput
0.422079,0.8867804,2.6150715,54,0.9479248
0.16726469,0.9327625,2.750213,54,0.9447223
0.13382421,0.9595939,2.8312318,54,1.0012774
0.21949315,0.98426336,2.8852034,54,1.0270169
