NVMe_from_ceph,NVMe_from_transfer,NVMe_total_util
0.422079,0.8867804,2.6150715
0.16726469,0.9327625,2.750213
0.13382421,0.9595939,2.8312318
0.21949315,0.98426336,2.8852034
