CPU,CPU_count,Goodput,Memory_total,Memory_used,NIC_speed,NVMe_from_ceph,NVMe_from_transfer,NVMe_total_util,Storage_count,network_throughput,num_workers
1.4286666666778425,16.0,0.0,34359738368.0,107393024.0,100000000000.0,0.0,1415577.5999999999,0.012333333333178112,8.0,3302710.533333333,60.0
2.6493333332551017,16.0,239221801.98679912,34359738368.0,107393024.0,100000000000.0,48446395.73333333,782246434.1333333,1.62160000000149,8.0,762311318.8,60.0
3.019333333397905,16.0,1202369774.9333334,34359738368.0,571887616.0,100000000000.0,134217728.0,890620040.5333333,2.399733333324548,8.0,911886193.8,60.0
3.1536564229237647,16.0,800561015.4666667,34359738368.0,563310592.0,100000000000.0,134213149.52336508,941912348.2434504,2.5476968202193118,8.0,951679208.7194188,60.0
2.9416627775420965,16.0,960252160.255983,34359738368.0,563310592.0,100000000000.0,134226676.44509634,797775672.5115008,2.2984865657694993,8.0,807503888.9925995,60.0
3.5142990467277344,16.0,780428502.1668111,34359738368.0,563310592.0,100000000000.0,92971909.60602628,1020844105.8596094,2.9599360042703866,8.0,1020386356.7095528,60.0
2.8069871324357596,16.0,934142139.8573428,34359738368.0,564957184.0,100000000000.0,19924272.284818985,671856784.0522702,2.1086072404812706,8.0,683088577.7051803,60.0
2.6599999999627473,16.0,374895374.8680042,34359738368.0,564957184.0,100000000000.0,19927313.066666666,579883008.0,1.8462666666678464,8.0,592282258.4,60.0
3.2360000000645717,16.0,912183344.8275862,34359738368.0,564928512.0,100000000000.0,19922944.0,874806476.8,2.7091999999984786,8.0,884482508.6,60.0
