NVMe_from_ceph,NVMe_from_transfer,NVMe_total_util
0.8768177,0.77257985,1.9536389
0.077204,0.96118385,2.538202
-0.10225406,0.8870183,2.2116783
0.030138254,0.91532576,2.2505255
