NVMe_from_ceph,NVMe_from_transfer,NVMe_total_util,num_workers,Goodput
0.8768176999999999,0.77257985,1.9536389,54,0.84140193
0.077204,0.96118385,2.538202,54,1.0162257
-0.10225406,0.8870183,2.2116783,54,0.8637705
0.030138254,0.91532576,2.2505255,54,0.9176771
