NVMe_from_ceph,NVMe_from_transfer,NVMe_total_util
1.1325597,3.202809,5.6161137
0.57781374,3.0016818,5.458164
0.58795685,2.785714,5.163656
0.18135896,3.2261245,5.5571213
