NVMe_from_ceph,NVMe_from_transfer,NVMe_total_util,num_workers,Goodput
1.1325597,3.202809,5.6161137000000005,68,3.5780115
0.57781374,3.0016818,5.458164,68,3.292712
0.58795685,2.785714,5.163656,68,3.1900117
0.18135896,3.2261245,5.5571213,68,3.7017832
