NVMe_from_ceph,NVMe_from_transfer,NVMe_total_util
0.65226144,1.9361593,4.114843
1.4604081,2.5635726,4.896511
1.6157182,2.9621465,5.403246
1.5461547,2.9302084,5.410707
