NVMe_from_ceph,NVMe_from_transfer,NVMe_total_util,num_workers,Goodput
0.65226144,1.9361593,4.1148430000000005,69,1.2805092
1.4604081,2.5635726,4.896511,69,3.0223367
1.6157182,2.9621465,5.403246,69,3.509943
1.5461546999999998,2.9302084,5.410707,69,3.4463942
