NVMe_from_ceph,NVMe_from_transfer,NVMe_total_util
0.52720505,3.0626497,5.4983773
0.5236837,3.1637917,5.6088634
0.6009905,2.9987428,5.445354
0.36408943,3.1343946,5.5982437
