NVMe_from_ceph,NVMe_from_transfer,NVMe_total_util,num_workers,Goodput
0.52720505,3.0626497,5.4983773000000005,85,3.3207254
0.5236837000000001,3.1637917,5.6088634000000015,85,3.6600957
0.6009905,2.9987428,5.445354,85,3.0654461
0.36408943,3.1343946,5.5982437,85,3.773985
