NVMe_from_ceph,NVMe_from_transfer,NVMe_total_util,num_workers,Goodput
1.7517509999999998,3.5133505,6.087917299999999,53,3.6552048
0.032082625,3.7667096,6.1201906,53,3.3382623
0.45580643,3.1975572,5.687341,53,3.4961276
0.35612217,3.47896,5.8396196,53,3.322862
