num_workers,rmse
90,1.2017777932029985
90,1.1456419768519988
90,1.1019976145467203
90,1.1226723246668473
90,1.197439679210956
90,1.0011523755762797
90,1.089965311741678
90,0.9172969305695192
90,1.1465523236564021
90,1.0614763535692149
90,1.042514702666512
90,0.9068488039581941
90,1.1635654610795227
90,1.0072374891248057
90,0.9352041976805
90,1.2926949462529516
90,1.1894929867376014
90,0.9713248564533122
90,1.108422685551439
90,1.094559175990158
90,0.9963673882276424
90,1.138609056493263
