CPU,CPU_count,Goodput,Memory_total,Memory_used,NIC_speed,NVMe_from_ceph,NVMe_from_transfer,NVMe_total_util,Storage_count,network_throughput,num_workers
1.2566666667349633,16.0,254361.59999999998,34359738368.0,44933120.0,100000000000.0,2184.5333333333333,1826269.8666666667,0.016066666671152537,8.0,1605871.0,90.0
2.775999999946604,16.0,30583.466666666667,34359738368.0,44933120.0,100000000000.0,67178769.06666666,943190835.1999999,1.8543999999955607,8.0,926878131.0666667,90.0
7.089333333323399,16.0,1173899844.2666667,34359738368.0,506699776.0,100000000000.0,134222097.06666666,780538675.2,2.5320000000006986,8.0,805870390.4666667,90.0
3.2313333333780374,16.0,729087180.8000001,34359738368.0,506699776.0,100000000000.0,134357538.13333333,839830732.7999998,2.5843333333342646,8.0,837268324.6,90.0
3.318148712148022,16.0,855493324.8,34359738368.0,507928576.0,100000000000.0,134105149.9702046,1009583859.1008408,2.9673574786441446,8.0,1001268226.9747733,90.0
2.927837819722748,16.0,979110843.7333333,34359738368.0,507928576.0,100000000000.0,76688162.18030477,771225081.0230247,2.4024971470771392,8.0,775197957.3739679,90.0
2.6093333333420263,16.0,604729002.6666666,34359738368.0,507789312.0,100000000000.0,19927313.066666666,665744725.3333334,1.956599999999162,8.0,695473737.7333333,90.0
2.9106666666766006,16.0,806016341.3333334,34359738368.0,507789312.0,100000000000.0,19922944.0,818538086.4,2.321666666667443,8.0,800872671.1333333,90.0
3.0819999999366705,16.0,870511752.5333332,34359738368.0,507789312.0,100000000000.0,19927313.066666666,858447052.8,2.589333333335041,8.0,887213350.5333333,90.0
