CPU,CPU_count,Goodput,Memory_total,Memory_used,NIC_speed,NVMe_from_ceph,NVMe_from_transfer,NVMe_total_util,Storage_count,network_throughput,num_workers
1.223333333339542,16.0,0.0,34359738368.0,123334656.0,100000000000.0,0.0,1826269.8666666667,0.01606666666533177,8.0,986722.4666666667,80.0
3.2520000000173845,16.0,389541341.8666667,34359738368.0,123334656.0,100000000000.0,76266427.73333333,1166246980.2666667,2.690000000000388,8.0,1151964595.4,80.0
3.018332111131745,16.0,1038652326.6448904,34359738368.0,581210112.0,100000000000.0,134071164.32237852,817174799.546697,2.4604359709362176,8.0,830966282.6478235,80.0
3.339022601558925,16.0,902581789.1859456,34359738368.0,581210112.0,100000000000.0,134226676.44509634,973137396.3597573,3.025201680113948,8.0,977904376.0917394,80.0
2.7099999999937907,16.0,789171677.8666667,34359738368.0,584765440.0,100000000000.0,134222097.06666666,650563857.0666666,2.1504666666616683,8.0,658086118.8,80.0
2.7753333333569272,16.0,783006071.4666667,34359738368.0,584765440.0,100000000000.0,69415731.2,724169796.2666667,2.2820666666685914,8.0,727801800.8666667,80.0
3.1513333333035307,16.0,673574092.8,34359738368.0,582250496.0,100000000000.0,19927313.066666666,916696268.8,2.6265333333363134,8.0,932122365.7333333,80.0
3.341643890352672,16.0,1027674999.4666667,34359738368.0,582692864.0,100000000000.0,19921615.89227385,1027062511.5658957,2.8429438037442907,8.0,1013152697.420172,80.0
3.16967797855053,16.0,1012567244.8,34359738368.0,582692864.0,100000000000.0,19928641.642776184,921684929.395293,2.769717981199088,8.0,943810921.1947463,80.0
