CPU,CPU_count,Goodput,Memory_total,Memory_used,NIC_speed,NVMe_from_ceph,NVMe_from_transfer,NVMe_total_util,Storage_count,network_throughput,num_workers
1.2273333333122234,16.0,80462.73410625556,34359738368.0,119160832.0,100000000000.0,2184.5333333333333,1756364.8,0.015733333331688,8.0,2136313.533333333,70.0
2.904339710658637,16.0,0.0,34359738368.0,129986560.0,100000000000.0,58926042.797146864,934801074.0617292,2.002866475571089,8.0,925827006.8662089,70.0
3.265017667874327,16.0,1312550604.8,34359738368.0,579141632.0,100000000000.0,134231045.80305356,933219215.1476763,2.8555237015792514,8.0,935684050.6700447,70.0
3.0566666666728755,16.0,734819123.2,34359738368.0,579141632.0,100000000000.0,134217728.0,802439168.0,2.529466666667334,8.0,814230575.4,70.0
3.14312157068785,16.0,889661760.1493233,34359738368.0,577253376.0,100000000000.0,134204314.9335625,861013480.0026442,2.7019237125671336,8.0,880029745.0915581,70.0
2.8779667854701825,16.0,832466190.0126674,34359738368.0,577253376.0,100000000000.0,83615352.38351376,724903046.3255563,2.3870772540824228,8.0,720138041.1483897,70.0
2.6659999999838573,16.0,617837099.9266715,34359738368.0,577253376.0,100000000000.0,19927313.066666666,676305305.5999999,2.116933333334358,8.0,682900620.0,70.0
2.6146666666803258,16.0,592109993.4662311,34359738368.0,576901120.0,100000000000.0,19922944.0,608677341.8666666,1.8621333333333798,8.0,616231667.5333333,70.0
3.1266666666604577,16.0,828465664.0000001,34359738368.0,576901120.0,100000000000.0,19927313.066666666,865997073.0666666,2.635799999998805,8.0,865039482.9333333,70.0
