CPU,CPU_count,Goodput,Memory_total,Memory_used,NIC_speed,NVMe_from_ceph,NVMe_from_transfer,NVMe_total_util,Storage_count,network_throughput,num_workers
1.2166666666356225,16.0,159129.6,34359738368.0,79925248.0,100000000000.0,2184.5333333333333,1756364.8,0.016666666666666666,8.0,597279.7333333333,8.0
2.3617092194114493,16.0,269498560.36264247,34359738368.0,79925248.0,100000000000.0,92128735.95093662,565641735.8842744,1.670555296315364,8.0,567818414.3723752,8.0
2.6080000000074506,16.0,644985300.8867258,34359738368.0,535724032.0,100000000000.0,134222097.06666666,660077226.6666666,2.0068666666649126,8.0,663263314.9333333,8.0
2.3666666666356226,16.0,632280851.6765549,34359738368.0,535724032.0,100000000000.0,134217728.0,572058555.7333333,1.7474666666666359,8.0,572625060.1333333,8.0
2.2149476631763036,16.0,530419473.06666666,34359738368.0,535724032.0,100000000000.0,134231045.80305356,502971541.03606904,1.6270418027894293,8.0,507658377.55850387,8.0
2.2600000000558795,16.0,445719570.63804245,34359738368.0,535977984.0,100000000000.0,55784243.199999996,498496307.20000005,1.4366666666620098,8.0,503847527.3333333,8.0
2.4513333333035305,16.0,623123797.3333333,34359738368.0,535977984.0,100000000000.0,19997218.133333333,630282649.6,1.7488666666691035,8.0,632436050.5333333,8.0
2.496666666616996,16.0,632624073.5950936,34359738368.0,534290432.0,100000000000.0,19853038.933333334,614886604.8000001,1.7000000000019404,8.0,614346094.4,8.0
2.281333333378037,16.0,508835560.77071804,34359738368.0,534290432.0,100000000000.0,19927313.066666666,542233941.3333334,1.5201999999970817,8.0,548361059.5333333,8.0
