NVMe_from_ceph,NVMe_from_transfer,NVMe_total_util
1.6058395,1.080044,4.1945395
1.6326315,1.7132545,4.61604
1.5283909,2.5239756,5.385931
1.3923268,2.6891718,5.5893717
