NVMe_from_ceph,NVMe_from_transfer,NVMe_total_util,num_workers,Goodput
1.6058395,1.080044,4.1945394999999985,69,1.072856
1.6326315,1.7132545,4.61604,69,1.2347982
1.5283909,2.5239756,5.3859309999999985,69,3.2827232
1.3923268,2.6891718,5.5893717,69,3.3807423
