NVMe_from_ceph,NVMe_from_transfer,NVMe_total_util,num_workers,Goodput
0.4596427,0.9370011,2.7038896,33,0.9194716
0.2445857,0.96578646,2.7879252,33,0.9808855
0.64762247,1.1061453,3.3051190000000004,33,1.1796253
0.84154725,0.9476452,2.7618694,33,0.92042124
