NVMe_from_ceph,NVMe_from_transfer,NVMe_total_util,num_workers,Goodput
0.6739527,2.9196708,5.241974,54,3.394707
0.34871447,1.1832291,3.586355,54,1.0570168
0.5512935999999999,0.9370672,3.1432338,54,1.0016506
0.38295096,0.9966071,3.085469,54,1.0323681
