NVMe_from_ceph,NVMe_from_transfer,NVMe_total_util,num_workers,Goodput
0.3727272,3.2987068,5.6472898,52,3.5857496
0.92846215,3.4864113,5.908883,52,3.343661
0.33571753,3.7773747,6.1287746,52,3.7987406
0.71449375,3.5736973,5.9568415,52,3.448664
