CPU,CPU_count,Goodput,Memory_total,Memory_used,NIC_speed,NVMe_from_ceph,NVMe_from_transfer,NVMe_total_util,Storage_count,network_throughput,num_workers
1.1873333333060145,16.0,83177.38817412173,34359738368.0,110157824.0,100000000000.0,0.0,1843746.1333333333,0.0156666666676756,8.0,690952.4666666667,30.0
2.55769615361211,16.0,274085728.3818921,34359738368.0,569442304.0,100000000000.0,57879721.085260995,764254184.6543565,1.804279714687069,8.0,761236366.6422238,30.0
2.944329621969831,16.0,861210315.0456637,34359738368.0,569442304.0,100000000000.0,134226676.44509634,869725616.9077938,2.377158477231738,8.0,869841545.9697313,30.0
2.545333333344509,16.0,829562060.8,34359738368.0,565104640.0,100000000000.0,134222097.06666666,674196411.7333333,2.0949999999972837,8.0,662536091.3333334,30.0
2.5093333333109813,16.0,602092202.6666667,34359738368.0,565104640.0,100000000000.0,134287633.06666666,659594717.8666668,1.8814666666672564,8.0,688746164.1333333,30.0
2.6313333333469924,16.0,710605615.8410561,34359738368.0,566394880.0,100000000000.0,84869120.0,704126156.8,2.0773999999995185,8.0,711491860.0666667,30.0
2.9193333333358167,16.0,857086688.3279179,34359738368.0,566394880.0,100000000000.0,19922944.0,887822472.5333334,2.282066666668592,8.0,885273066.0666667,30.0
2.87434171057498,16.0,898700500.9644924,34359738368.0,566464512.0,100000000000.0,19925984.667688824,844507223.7850811,2.331577894804747,8.0,845467651.1565896,30.0
2.8396559770403007,16.0,689984157.8771918,34359738368.0,566464512.0,100000000000.0,19924272.284818985,855751044.7363157,2.055870391360107,8.0,844665116.8744583,30.0
