CPU,CPU_count,Goodput,Memory_total,Memory_used,NIC_speed,NVMe_from_ceph,NVMe_from_transfer,NVMe_total_util,Storage_count,network_throughput,num_workers
1.2666666666666666,16.0,0.0,34359738368.0,73109504.0,100000000000.0,0.0,1677721.6000000003,0.014466666670826574,8.0,433612.13333333336,50.0
2.3533333332588278,16.0,839376896.0,34359738368.0,73109504.0,100000000000.0,61166933.33333333,687689454.9333333,1.5391999999973147,8.0,683447141.2,50.0
3.1492537313867217,16.0,903325686.4166611,34359738368.0,530825216.0,100000000000.0,134216051.17270789,986852162.0469084,2.8317563965892,8.0,991665283.781983,50.0
2.3536552828237154,16.0,548854331.152627,34359738368.0,530825216.0,100000000000.0,134221592.31590182,554309122.7321239,1.8978788687325052,8.0,558138259.9386339,50.0
2.784000000016143,16.0,794455984.5323021,34359738368.0,535011328.0,100000000000.0,134217728.0,794233514.6666665,2.4565333333293284,8.0,796936769.4666667,50.0
3.088666666702678,16.0,829241207.4666666,34359738368.0,535011328.0,100000000000.0,82142822.4,929230574.9333333,2.829800000002918,8.0,917958147.0666667,50.0
2.5446666665685673,16.0,824757316.2666667,34359738368.0,534364160.0,100000000000.0,19992849.066666666,664047069.8666668,1.759399999998277,8.0,688904901.8,50.0
3.206666666703919,16.0,945610205.8666667,34359738368.0,534364160.0,100000000000.0,19855223.46666667,1018119509.3333333,2.8225333333364686,8.0,1014681171.9333333,50.0
2.851333333303531,16.0,841226820.2666668,34359738368.0,530923520.0,100000000000.0,19922944.0,788662954.6666667,2.350133333329965,8.0,800562587.6666666,50.0
