NVMe_from_ceph,NVMe_from_transfer,NVMe_total_util
1.1565851,2.9577997,5.2195277
1.583598,3.6006584,5.915145
1.5564427,3.323173,5.8090024
1.4016848,3.525226,5.9740243
