NVMe_from_ceph,NVMe_from_transfer,NVMe_total_util,num_workers,Goodput
1.1565851,2.9577997000000003,5.2195277,57,3.381615
1.583598,3.6006584000000004,5.915145,57,3.6221817
1.5564427,3.323173,5.809002400000002,57,3.5250142
1.4016848,3.5252260000000004,5.974024299999999,57,3.539064
