NVMe_from_ceph,NVMe_from_transfer,NVMe_total_util,num_workers,Goodput
0.4363659,3.1649287,5.7072306,68,3.5149763
-0.20717533,3.7657666,6.126768599999999,68,2.943098
-0.05242195,3.7593024,6.101715,68,3.0326395
-0.28859782,3.8617733,6.139944,68,2.9217706
