NVMe_from_ceph,NVMe_from_transfer,NVMe_total_util
0.4363659,3.1649287,5.7072306
-0.20717533,3.7657666,6.1267686
-0.05242195,3.7593024,6.101715
-0.28859782,3.8617733,6.139944
