NVMe_from_ceph,NVMe_from_transfer,NVMe_total_util,num_workers,Goodput
0.5698101,3.4963672,5.906657,66,3.6701834
0.66389555,3.5825667,6.0412807,66,3.7084978
0.5310212,3.576227,6.018263,66,3.6581197
0.5698589,3.5615776,6.037669,66,3.7231615
