NVMe_from_ceph,NVMe_from_transfer,NVMe_total_util
0.5698101,3.4963672,5.906657
0.66389555,3.5825667,6.0412807
0.5310212,3.576227,6.018263
0.5698589,3.5615776,6.037669
