NVMe_from_ceph,NVMe_from_transfer,NVMe_total_util,num_workers,Goodput
0.64611685,0.81092185,2.4823077,54,0.9442587
0.43549126,0.718564,2.109094,54,0.8474509
0.1591118,0.78085554,2.350257,54,0.91532266
0.2370719,0.8450787000000001,2.6131716,54,0.9326495
