NVMe_from_ceph,NVMe_from_transfer,NVMe_total_util
0.22888446,3.4906611,7.593996
0.10611107,3.2726614,7.520321
0.112530015,3.8828716,7.652604
0.22906631,4.1465545,7.752992
