NVMe_from_ceph,NVMe_from_transfer,NVMe_total_util
1.8128088,4.3984356,7.6369824
0.6371334,4.6623573,7.668785
0.5426478,4.5010858,7.65794
0.14490247,4.575614,7.657849
