NVMe_from_ceph,NVMe_from_transfer,NVMe_total_util,num_workers,Goodput
0.79793805,4.0010314,6.519147,66,4.197191
-0.07424125,4.101672,6.6104503,66,3.300967
0.010985743,4.0614165999999985,6.538002,66,3.3447132
-0.13978545,4.278894,6.653353999999998,66,3.2453008
