NVMe_from_ceph,NVMe_from_transfer,NVMe_total_util
0.7127605,2.6802924,4.7259207
1.6237804,3.7303753,6.081956
1.444646,3.5740957,6.0153294
1.4917475,3.2546024,5.8023915
