NVMe_from_ceph,NVMe_from_transfer,NVMe_total_util,num_workers,Goodput
0.7127604999999999,2.6802924,4.7259207000000005,52,3.0505192
1.6237803999999998,3.7303753,6.081956,52,3.6218534
1.444646,3.5740957000000004,6.0153294000000015,52,3.5980184
1.4917475,3.2546024,5.8023915,52,3.4675179
