NVMe_from_ceph,NVMe_from_transfer,NVMe_total_util,num_workers,Goodput
1.2725785,3.3969212,5.892354,69,3.579084
0.28052717,3.1665893,5.5376782,69,3.6949217
0.40832362,3.4334848,5.8141685,69,3.580824
0.26199025,3.382671,5.7113776,69,3.1940458
