NVMe_from_ceph,NVMe_from_transfer,NVMe_total_util,num_workers,Goodput
0.69821626,3.4388227,5.8979745,66,3.5805547
0.5760807,3.6001952000000004,5.982146,66,3.8045723
0.6325957,3.4884064,5.98548,66,3.6872995
0.3317668,3.228128,5.6463914000000015,66,3.5527306
