NVMe_from_ceph,NVMe_from_transfer,NVMe_total_util,num_workers,Goodput
1.2992193,0.85111094,2.606898,54,0.8962941
0.057873614,0.8239761999999998,2.5147865,54,0.9110532
0.08631104,0.8596912,2.6170251,54,0.9173614
0.15087718,0.8946638000000001,2.7164335,54,0.95896494
