CPU,CPU_count,Goodput,Memory_total,Memory_used,NIC_speed,NVMe_from_ceph,NVMe_from_transfer,NVMe_total_util,Storage_count,network_throughput,num_workers
1.2286666667088868,16.0,163031.6687779185,34359738368.0,74960896.0,100000000000.0,2184.5333333333333,1502958.933333333,0.014066666663469127,8.0,589491.6,20.0
1.9473333333929381,16.0,0.0,34359738368.0,533155840.0,100000000000.0,40475033.599999994,445911859.20000005,1.0428000000014435,8.0,443655652.6,20.0
3.0386666666095454,16.0,874643002.4665023,34359738368.0,533155840.0,100000000000.0,134361907.20000002,831397888.0,2.2771333333298873,8.0,824549428.8,20.0
2.3433333333581685,16.0,664517836.8000001,34359738368.0,533512192.0,100000000000.0,134077917.86666667,585471863.4666666,1.799000000001009,8.0,596779055.2666667,20.0
2.908666666659216,16.0,762791759.45063,34359738368.0,533512192.0,100000000000.0,134222097.06666666,889495825.0666668,2.287466666667024,8.0,892707172.0,20.0
2.8106666667076445,16.0,870633866.0089327,34359738368.0,531959808.0,100000000000.0,99754530.13333336,848316552.5333333,2.1597333333358013,8.0,838414179.2666667,20.0
2.9510032664029606,16.0,908911521.0347356,34359738368.0,531959808.0,100000000000.0,19995885.07432838,899588471.1685888,2.277514832346994,8.0,922812356.0429305,20.0
2.7623174878287973,16.0,818403191.4666667,34359738368.0,533602304.0,100000000000.0,19924272.28481899,810873642.2428162,2.0772718181197023,8.0,812469984.7323154,20.0
3.0400000000062093,16.0,876299792.2805147,34359738368.0,533602304.0,100000000000.0,19927313.066666666,922864025.6,2.3362666666662943,8.0,925133918.0,20.0
