CPU,CPU_count,Goodput,Memory_total,Memory_used,NIC_speed,NVMe_from_ceph,NVMe_from_transfer,NVMe_total_util,Storage_count,network_throughput,num_workers
1.2326666666815678,16.0,0.0,34359738368.0,113721344.0,100000000000.0,0.0,1336934.3999999997,0.011799999999736126,8.0,1859014.8,80.0
3.368666666653007,16.0,295644383.3499834,34359738368.0,125394944.0,100000000000.0,100318139.73333333,1014329890.1333332,2.6065333333332092,8.0,999794270.8,80.0
3.4082651227789977,16.0,1076341299.9201527,34359738368.0,577703936.0,100000000000.0,134395246.95548016,1035030606.7744726,3.057363412524077,8.0,1042607225.593931,80.0
3.3329326120113607,16.0,965426153.9584094,34359738368.0,577703936.0,100000000000.0,134184008.01442595,952051228.2107794,3.0138916716742523,8.0,969026778.7350564,80.0
2.751333333334575,16.0,959036932.0621375,34359738368.0,573435904.0,100000000000.0,134077917.86666667,719596748.8,2.2032000000025924,8.0,727408973.6,80.0
3.246000000027318,16.0,718080324.2450504,34359738368.0,573435904.0,100000000000.0,48798105.6,928811417.6000001,2.7161333333312845,8.0,935639140.6666666,80.0
2.745157665118143,16.0,881623247.5168321,34359738368.0,573435904.0,100000000000.0,19963633.76743571,712484943.7429761,2.304290341772265,8.0,716835296.8202552,80.0
3.038660660285646,16.0,689367205.2273638,34359738368.0,576212992.0,100000000000.0,19885965.709675252,871905189.807033,2.3755126739753036,8.0,873350932.5623614,80.0
2.7939999999788894,16.0,787826005.3333335,34359738368.0,576212992.0,100000000000.0,19922944.0,747112857.6,2.1272666666656734,8.0,757272829.7333333,80.0
