CPU,CPU_count,Goodput,Memory_total,Memory_used,NIC_speed,NVMe_from_ceph,NVMe_from_transfer,NVMe_total_util,Storage_count,network_throughput,num_workers
1.2862190812596663,16.0,0.0,34359738368.0,113229824.0,100000000000.0,2184.678978598573,1494320.4213614238,0.01313420894241995,8.0,2591307.6871791454,50.0
2.8806666666641827,16.0,382892572.5715047,34359738368.0,113229824.0,100000000000.0,77384908.8,781172736.0,1.9056000000059916,8.0,783824076.2,50.0
2.471333333384246,16.0,779890039.4666666,34359738368.0,573423616.0,100000000000.0,134222097.06666666,549691392.0,1.7834666666652388,8.0,543882487.4,50.0
2.9959999999341864,16.0,705586244.2666667,34359738368.0,573423616.0,100000000000.0,134217728.0,830521890.1333333,2.497866666666232,8.0,848400797.4666667,50.0
2.892666666706403,16.0,696732569.6,34359738368.0,573775872.0,100000000000.0,134222097.06666666,750194688.0000001,2.304466666669274,8.0,752977616.0666667,50.0
3.1929871341687033,16.0,873283310.9333333,34359738368.0,572968960.0,100000000000.0,68292697.28684756,909515967.2021866,2.6858876074946036,8.0,887948074.2617159,50.0
2.992666666675359,16.0,810173521.2914369,34359738368.0,572968960.0,100000000000.0,19927313.066666666,782760618.6666667,2.37719999999584,8.0,802542857.8666667,50.0
2.888325888366481,16.0,674588756.539774,34359738368.0,568897536.0,100000000000.0,19924272.284818985,714733566.771118,2.134542302824286,8.0,732647215.1476765,50.0
2.745333333344509,16.0,677249339.6440238,34359738368.0,568897536.0,100000000000.0,19927313.066666666,641096908.8000001,1.931466666663376,8.0,652620931.4,50.0
