NVMe_from_ceph,NVMe_from_transfer,NVMe_total_util,num_workers,Goodput
0.7474754,2.6802955,4.8682940000000015,66,3.020744
1.483237,3.87719,6.1683307,66,3.7777424
1.5151671,4.1136117,6.5771666,66,4.1016207
1.4313792,3.488715,6.0238037,66,3.494477
