NVMe_from_ceph,NVMe_from_transfer,NVMe_total_util
0.7474754,2.6802955,4.868294
1.483237,3.87719,6.1683307
1.5151671,4.1136117,6.5771666
1.4313792,3.488715,6.0238037
