NVMe_from_ceph,NVMe_from_transfer,NVMe_total_util
1.5398638,3.358427,6.1197443
0.2949764,3.173159,5.834727
-0.18657677,3.884655,6.4410768
-0.21067096,3.9859922,6.5216293
