NVMe_from_ceph,NVMe_from_transfer,NVMe_total_util,num_workers,Goodput
1.5398638,3.358427,6.1197443,85,3.4553664
0.2949764,3.173159,5.834727,85,3.703854
-0.18657677,3.884655,6.4410767999999985,85,3.059229
-0.21067096,3.9859922,6.5216293,85,3.3595922
