NVMe_from_ceph,NVMe_from_transfer,NVMe_total_util,num_workers,Goodput
0.56969523,3.6061158,6.0352254,52,3.8556347
0.44641155,3.632077,6.039217,52,3.665767
0.48066953,3.432639,5.906045400000001,52,3.2148073
0.58941084,3.3249843,5.8777204,52,3.4983926
