NVMe_from_ceph,NVMe_from_transfer,NVMe_total_util,num_workers,Goodput
1.2547837,0.6939509,2.0909204,54,0.8708166
0.07555954,0.64228904,1.9296104,54,0.80575085
0.018125113,0.6747079,2.0088823,54,0.80381584
0.025523257,0.6750554,1.9659616,54,0.80381584
