NVMe_from_ceph,NVMe_from_transfer,NVMe_total_util,num_workers,Goodput
0.6049298000000001,3.7791395,6.0161467,69,3.4981694
0.14318837,4.124828,6.4280834,69,3.808054
0.10292218,4.0212650000000005,6.2955637000000015,69,3.6941602
0.27587676,3.8978195,6.1474934,69,3.1661167
