CPU,CPU_count,Goodput,Memory_total,Memory_used,NIC_speed,NVMe_from_ceph,NVMe_from_transfer,NVMe_total_util,Storage_count,network_throughput,num_workers
1.2308820588486271,16.0,0.0,34359738368.0,105861120.0,100000000000.0,0.0,1756481.8987932529,0.014267617840700436,8.0,538700.5800386692,20.0
2.884341043884462,16.0,1064690465.2310154,34359738368.0,105861120.0,100000000000.0,95483955.46963535,943335749.8833411,2.1783881074604654,8.0,949133693.4204386,20.0
3.229681978842051,16.0,997170838.2107859,34359738368.0,561303552.0,100000000000.0,134298770.8513901,1012053629.1752782,2.782052136810277,8.0,998444300.8867258,20.0
2.691020598618066,16.0,740077208.347223,34359738368.0,563261440.0,100000000000.0,134173830.54463035,766298498.5001001,2.142923805078249,8.0,776632909.4727019,20.0
2.6783118874703407,16.0,743956855.4666667,34359738368.0,563261440.0,100000000000.0,134196090.93939598,750244977.3984932,2.080338689246524,8.0,764342710.7807187,20.0
2.3193333333047725,16.0,616221779.3480434,34359738368.0,560099328.0,100000000000.0,52918135.46666666,621866188.8000001,1.5523333333335663,8.0,623719458.8666667,20.0
2.35,16.0,687878314.6666667,34359738368.0,560099328.0,100000000000.0,19927313.066666666,643743197.8666668,1.4010666666649438,8.0,649025533.0666667,20.0
2.2366666666852932,16.0,556541508.1005402,34359738368.0,560537600.0,100000000000.0,19922944.0,586923212.8,1.4012000000007294,8.0,587312698.4666667,20.0
2.6786666666778425,16.0,689810695.2869809,34359738368.0,560537600.0,100000000000.0,19927313.066666666,762405137.0666667,2.0503333333346143,8.0,758569397.2,20.0
