NVMe_from_ceph,NVMe_from_transfer,NVMe_total_util
9.3949795,1.7073299,4.3806334
11.521213,2.0257597,4.7803187
11.32439,2.4230773,5.202983
12.374107,2.5796242,5.339965
