NVMe_from_ceph,NVMe_from_transfer,NVMe_total_util,num_workers,Goodput
9.3949795,1.7073299,4.380633400000002,68,1.220087
11.521213,2.0257597,4.7803187000000005,68,2.6769302
11.32439,2.4230773,5.2029830000000015,68,2.9768305
12.374107,2.5796242,5.339965,68,3.3244944
