NVMe_from_ceph,NVMe_from_transfer,NVMe_total_util
6.8352695,3.7486055,6.465263
1.1599977,3.6502948,6.410008
3.0537922,3.431087,6.2367525
0.018598672,3.6339698,6.375322
