NVMe_from_ceph,NVMe_from_transfer,NVMe_total_util,num_workers,Goodput
6.835269500000001,3.7486055,6.465262999999998,66,3.937395
1.1599977,3.6502948,6.410008,66,3.8574655
3.0537922,3.431087,6.2367525000000015,66,3.6603153
0.018598672,3.6339698,6.375322,66,3.2011683
