NVMe_from_ceph,NVMe_from_transfer,NVMe_total_util
12.54366,3.3493187,6.3726773
12.936329,3.1463332,6.3195596
8.646842,2.950909,6.192829
11.044255,3.295714,6.3983192
