NVMe_from_ceph,NVMe_from_transfer,NVMe_total_util,num_workers,Goodput
12.54366,3.3493187000000004,6.3726773,68,3.5764198
12.936329,3.1463332000000004,6.3195596,68,3.6660051
8.646842,2.950909,6.192829,68,3.5107446
11.044255,3.295714,6.3983192,68,3.7147532
