NVMe_from_ceph,NVMe_from_transfer,NVMe_total_util
19.222778,3.1210928,6.023517
3.9816446,3.1289907,5.925073
2.9304998,3.2905147,6.0639644
1.9497983,3.222779,6.0333257
