NVMe_from_ceph,NVMe_from_transfer,NVMe_total_util,num_workers,Goodput
19.222778,3.1210928,6.023517,54,3.5216506
3.981644600000001,3.1289907,5.925073,54,3.638191
2.9304998,3.290514700000001,6.0639644,54,3.7680223
1.9497983,3.222779,6.033325700000002,54,3.5835946
