NVMe_from_ceph,NVMe_from_transfer,NVMe_total_util,num_workers,Goodput
20.755644,0.48730353,4.2267904000000005,50,0.7027086
1.9714977,0.45197517,3.859972,50,0.5964099
0.71980184,0.5326947,4.4432993,50,0.7053528
2.489231,0.5082616,4.2819853,50,0.7253129
