CPU,CPU_count,Goodput,Memory_total,Memory_used,NIC_speed,NVMe_from_ceph,NVMe_from_transfer,NVMe_total_util,Storage_count,network_throughput,num_workers
1.2822188146025415,16.0,204231.2446217633,34359738368.0,50315264.0,100000000000.0,2184.678978598573,1747743.1828788586,0.015934395624527843,8.0,1338775.7850523368,90.0
1.6833333333333333,16.0,297575765.3333333,34359738368.0,514916352.0,100000000000.0,0.0,317953638.40000004,0.5689999999963523,8.0,260293649.06666666,90.0
3.038666666702678,16.0,1030479348.223215,34359738368.0,514916352.0,100000000000.0,133662856.53333335,828662306.1333333,2.552600000005138,8.0,870122346.4666667,90.0
2.711333333297322,16.0,532673473.5891648,34359738368.0,514392064.0,100000000000.0,134217728.0,659684829.8666667,2.2289999999979044,8.0,660897007.2666667,90.0
2.829333333360652,16.0,974000698.3713356,34359738368.0,514392064.0,100000000000.0,134222097.06666666,713569075.2,2.363799999999659,8.0,736855546.7333333,90.0
3.197333333299806,16.0,940078421.3333333,34359738368.0,516116480.0,100000000000.0,134217728.0,972320221.8666668,2.8170000000022504,8.0,959740735.0666667,90.0
3.1169922005820485,16.0,903820902.4,34359738368.0,516116480.0,100000000000.0,20415287.51416572,890373358.5760949,2.6571561895864293,8.0,907538282.3145124,90.0
3.153010200636581,16.0,821784576.0,34359738368.0,513986560.0,100000000000.0,19924272.28481899,894987059.937329,2.652910194010823,8.0,898631403.0935396,90.0
3.0676621558413766,16.0,916533033.8818973,34359738368.0,513986560.0,100000000000.0,19921615.89227385,876414301.9798679,2.577761482569396,8.0,878396801.0132658,90.0
