CPU,CPU_count,Goodput,Memory_total,Memory_used,NIC_speed,NVMe_from_ceph,NVMe_from_transfer,NVMe_total_util,Storage_count,network_throughput,num_workers
1.236666666623205,16.0,0.0,34359738368.0,121696256.0,100000000000.0,0.0,1590340.2666666668,0.013933333333504076,8.0,1351132.0,60.0
1.9046666666865348,16.0,654488746.6666667,34359738368.0,121696256.0,100000000000.0,16499780.266666666,434223513.59999996,0.7624666666650833,8.0,422298035.53333336,60.0
2.7926666666443145,16.0,843804125.8666667,34359738368.0,579674112.0,100000000000.0,134287633.06666666,804309128.5333334,2.1542666666694763,8.0,797763991.2666667,60.0
3.0673333333494766,16.0,925994905.5999999,34359738368.0,582832128.0,100000000000.0,134222097.06666666,841083562.6666667,2.6223333333347303,8.0,866131759.7333333,60.0
3.066328911389764,16.0,704649352.5333334,34359738368.0,582832128.0,100000000000.0,134138880.34131056,926998987.2675155,2.6731551229921884,8.0,916223865.3423105,60.0
2.6356423761919405,16.0,743204420.2666667,34359738368.0,581812224.0,100000000000.0,120179190.6127075,682776901.926795,2.0012000800036103,8.0,688721799.4532969,60.0
3.219999999987583,16.0,828732211.1999999,34359738368.0,581812224.0,100000000000.0,19922944.0,884596189.8666667,2.6581999999975476,8.0,896283696.7333333,60.0
3.7506666666517656,16.0,828637305.7796147,34359738368.0,582332416.0,100000000000.0,19927313.06666667,735152537.6,2.2836666666689176,8.0,728637722.4666667,60.0
3.29094181164388,16.0,842200846.4564302,34359738368.0,582332416.0,100000000000.0,19918960.207958408,843477597.8137705,2.58068386322304,8.0,867890837.6991268,60.0
