NVMe_from_ceph,NVMe_from_transfer,NVMe_total_util,num_workers,Goodput
0.80075043,0.5693085999999999,1.6947967000000002,54,0.72711587
0.15865867,0.66771394,1.867829,54,0.79756635
0.16744266,0.62238616,1.7588514,54,0.7920705
0.19840105,0.6217208000000001,1.7754717,54,0.7975769
