NVMe_from_ceph,NVMe_from_transfer,NVMe_total_util
0.80075043,0.5693086,1.6947967
0.15865867,0.66771394,1.867829
0.16744266,0.62238616,1.7588514
0.19840105,0.6217208,1.7754717
