NVMe_from_ceph,NVMe_from_transfer,NVMe_total_util,num_workers,Goodput
1.2607381000000002,4.0869102,6.57465,69,4.238364
0.5361794,3.4831264,5.931446,69,3.5976315
0.34301144,3.7623167,6.163467,69,3.4715738
0.41713607,3.7368913,6.1599026,69,3.503231
