NVMe_from_ceph,NVMe_from_transfer,NVMe_total_util,num_workers,Goodput
0.7033009,4.1775769999999985,6.644635000000001,85,4.1987247
0.66474503,4.2270904,6.700974499999999,85,4.249154
0.5452781,3.1236298,5.671436,85,3.442048
0.2903172,3.3591995000000003,5.904558,85,3.5288682
