CPU,CPU_count,Goodput,Memory_total,Memory_used,NIC_speed,NVMe_from_ceph,NVMe_from_transfer,NVMe_total_util,Storage_count,network_throughput,num_workers
1.1344577028049114,16.0,2218.6666666666665,34359738368.0,94076928.0,100000000000.0,2218.518765415639,1756247.7168188784,0.017132191184196545,8.0,143397.90680621294,10.0
1.9009267284187588,16.0,728275299.4199613,34359738368.0,94076928.0,100000000000.0,27404613.107540496,349169594.77298486,0.9304620308063067,8.0,337029328.6885792,10.0
2.7060000000521542,16.0,655931938.1333334,34359738368.0,549253120.0,100000000000.0,134254865.06666666,746241774.9333335,2.086533333333985,8.0,753492212.2666667,10.0
2.2539999999416374,16.0,451542766.93333334,34359738368.0,549253120.0,100000000000.0,134182775.46666667,491329672.53333336,1.5749333333282267,8.0,499575873.46666664,10.0
2.4786666667399304,16.0,667659024.3317112,34359738368.0,549376000.0,100000000000.0,134361907.2,597320772.2666667,1.8451333333350097,8.0,596409106.6666666,10.0
2.3459999999652315,16.0,578788556.8,34359738368.0,549376000.0,100000000000.0,110799530.66666667,524573081.6000001,1.648466666667567,8.0,535296537.0,10.0
2.579333333329608,16.0,647662624.9749984,34359738368.0,548700160.0,100000000000.0,19927313.066666666,719967027.1999999,1.8825333333322,8.0,723062579.6666666,10.0
2.4633333333457514,16.0,646036214.1190587,34359738368.0,548700160.0,100000000000.0,19922944.0,640037956.2666667,1.7360666666723166,8.0,641136100.2666667,10.0
2.2086666666592163,16.0,555860263.7509167,34359738368.0,549191680.0,100000000000.0,19927313.066666666,535205751.4666667,1.4668666666664647,8.0,540385520.6666666,10.0
