CPU,CPU_count,Goodput,Memory_total,Memory_used,NIC_speed,NVMe_from_ceph,NVMe_from_transfer,NVMe_total_util,Storage_count,network_throughput,num_workers
1.434437704169198,16.0,0.0,34359738368.0,123465728.0,100000000000.0,0.0,1756247.7168188784,0.015998933399938613,8.0,1371121.5252316513,100.0
2.386959130550341,16.0,224907049.93000466,34359738368.0,123465728.0,100000000000.0,44115222.614840984,684009060.8707247,1.4354956997183437,8.0,661370586.3724248,100.0
3.1523231784721535,16.0,856671886.925795,34359738368.0,123465728.0,100000000000.0,134138880.34131056,801624689.5540297,2.6134924338388306,8.0,812029948.3367776,100.0
4.186412427513794,16.0,857025130.5912939,34359738368.0,584597504.0,100000000000.0,134228861.12407494,931501238.2158811,2.8277218481232396,8.0,938090691.5794386,100.0
2.8513333333345754,16.0,941088258.1505432,34359738368.0,584597504.0,100000000000.0,134357538.13333333,700789009.0666667,2.2182666666611723,8.0,703614146.4666667,100.0
2.903333333320916,16.0,532366404.26666665,34359738368.0,586727424.0,100000000000.0,96548727.46666667,765343061.3333334,2.303999999999845,8.0,767819785.8666667,100.0
2.5583627758223955,16.0,666871944.5333333,34359738368.0,586727424.0,100000000000.0,19921615.89227385,594486029.4647024,1.7549496700220606,8.0,608233034.6643558,100.0
3.075671711456123,16.0,844373156.989534,34359738368.0,582680576.0,100000000000.0,19929733.98226548,862007692.2461497,2.4990999399996636,8.0,868813349.7566504,100.0
3.28799999995778,16.0,905771761.85079,34359738368.0,582680576.0,100000000000.0,19922944.0,986569113.6,2.717933333327528,8.0,964184786.7333333,100.0
