NVMe_from_ceph,NVMe_from_transfer,NVMe_total_util,num_workers,Goodput
0.44923943,3.944101,6.4936099999999985,68,4.127688
0.35148284,3.7840335,6.352053,68,3.573392
0.30592903,3.7877207,6.337879,68,3.5802317
0.31362087,3.8987448,6.4437666,68,3.97737
