NVMe_from_ceph,NVMe_from_transfer,NVMe_total_util,num_workers,Goodput
1.355097,3.4609394,5.842291,53,3.627742
1.5747949,3.6497662,6.071466,53,3.7992644
1.7063956999999998,3.0617054,5.741168,53,3.53416
1.2607356,3.7421372,6.2592550000000005,53,4.2255535
