NVMe_from_ceph,NVMe_from_transfer,NVMe_total_util,num_workers,Goodput
0.49925435,4.163539,6.7317494999999985,85,4.246695
0.46002787,4.094684,6.663365,85,3.99414
0.24188428,3.9236495,6.503668,85,4.0117245
0.26191735,3.9909003,6.51138,85,3.9156213
