NVMe_from_ceph,NVMe_from_transfer,NVMe_total_util
0.8419984,0.9441039,2.5605628
0.1617137,1.06534,2.6457868
0.2955332,1.1152822,2.6878903
0.21395,1.1656564,2.7610526
