NVMe_from_ceph,NVMe_from_transfer,NVMe_total_util,num_workers,Goodput
0.8419984,0.9441039,2.5605628,45,0.919577
0.16171370000000002,1.06534,2.6457868,45,0.9930593
0.29553320000000005,1.1152822,2.6878903,45,1.0604744
0.21395,1.1656563999999998,2.7610526,45,1.1551335
