NVMe_from_ceph,NVMe_from_transfer,NVMe_total_util,num_workers,Goodput
0.6376672,3.6252701,6.02221,54,3.662552
0.49840754,3.7566285,6.163692,54,3.767235
0.6083596,3.719912,6.1208186,54,3.6409438
0.59881717,3.6709454,6.0695157,54,3.617672
