CPU,CPU_count,Goodput,Memory_total,Memory_used,NIC_speed,NVMe_from_ceph,NVMe_from_transfer,NVMe_total_util,Storage_count,network_throughput,num_workers
1.35866666669026,16.0,0.0,34359738368.0,116879360.0,100000000000.0,2218.6666666666665,1756364.8,0.016199999999177334,8.0,27937015.066666666,80.0
2.331333333315949,16.0,841562214.4000001,34359738368.0,578830336.0,100000000000.0,48374306.13333333,550217318.4,1.5007333333351802,8.0,528081798.73333335,80.0
3.364666666618237,16.0,1020763886.9333333,34359738368.0,578830336.0,100000000000.0,134219912.53333333,1033814562.1333332,2.819800000001366,8.0,1062160100.4666667,80.0
3.2894211577280057,16.0,1032873028.2666665,34359738368.0,576008192.0,100000000000.0,134298656.02129075,957759804.1250832,3.0666666666650095,8.0,962443652.6280773,80.0
3.4482297929415684,16.0,900285235.2,34359738368.0,576008192.0,100000000000.0,134140853.44021374,1045774740.9485638,3.1190380761510292,8.0,1069102367.6686707,80.0
3.0399999999441203,16.0,1019989128.5333333,34359738368.0,576987136.0,100000000000.0,93043643.73333332,929201356.8000001,2.653533333336236,8.0,915324672.0,80.0
3.0053333333693444,16.0,710581179.7333333,34359738368.0,576987136.0,100000000000.0,19927313.066666666,884680567.4666667,2.313400000000062,8.0,890260855.7333333,80.0
2.518533306707143,16.0,634405341.8666667,34359738368.0,577236992.0,100000000000.0,19956926.598788846,615689829.7730752,1.8843415185973593,8.0,625538424.8352965,80.0
2.698457223008867,16.0,805059639.2240518,34359738368.0,577236992.0,100000000000.0,19893215.78841915,698585342.6834968,2.066853669942147,8.0,715732802.4443998,80.0
