NVMe_from_ceph,NVMe_from_transfer,NVMe_total_util,num_workers,Goodput
0.9844092,0.5594737,1.7675503,54,0.72651637
0.11311807,0.5230259,1.5853286,54,0.59228283
0.15311818,0.6126698,1.8520861,54,0.78443813
0.17151982,0.58653545,1.7928048,54,0.6442127
