NVMe_from_ceph,NVMe_from_transfer,NVMe_total_util
0.04898191,3.7824943,6.1147404
0.72362673,3.6669674,5.986206
-0.19127102,3.6538935,5.926194
-0.11498958,3.7506485,6.0134044
