NVMe_from_ceph,NVMe_from_transfer,NVMe_total_util,num_workers,Goodput
0.04898191,3.7824943,6.1147404000000005,69,2.9653134
0.72362673,3.6669674,5.986206,69,3.7445576
-0.19127102,3.6538935,5.9261940000000015,69,3.1160474
-0.11498958,3.7506485,6.0134044,69,2.927829
