NVMe_from_ceph,NVMe_from_transfer,NVMe_total_util
0.63148636,3.4432342,6.023033
1.0053674,3.16315,5.860072
0.48255146,3.4617062,6.062587
0.41291988,3.5763948,6.143531
