NVMe_from_ceph,NVMe_from_transfer,NVMe_total_util
0.6939926,3.5304756,6.102066
0.55162215,3.490058,6.070632
0.49540976,3.1875687,5.688212
0.39012182,3.3702438,5.90795
