NVMe_from_ceph,NVMe_from_transfer,NVMe_total_util
0.29925868,0.58963794,1.9337689
0.15182048,0.6119764,1.9243935
0.14570461,0.5995228,1.9084904
0.31174168,0.65604997,2.0711153
