firsttime,secondtime
2.691065,1.118766
2.150251,1.139525
2.267497,1.094531
2.608815,1.170867
2.658028,1.165882
