NVMe_from_ceph,NVMe_from_transfer,NVMe_total_util,num_workers,Goodput
1.1453251,0.6208296,1.93197,54,0.8110757
0.18298912,0.8328450000000001,2.5097384,54,0.9135114
0.19947325,0.84080845,2.5534751,54,0.90936977
0.17810538,0.67575604,2.0261047,54,0.80381584
