NVMe_from_ceph,NVMe_from_transfer,NVMe_total_util
1.1756191,3.9909582,6.5192547
0.24359979,3.1244462,5.7921705
0.052875746,3.8224611,6.235747
0.08843358,3.195415,5.5496755
