NVMe_from_ceph,NVMe_from_transfer,NVMe_total_util,num_workers,Goodput
1.1756191,3.9909582,6.5192547,65,4.14307
0.24359979,3.1244462000000004,5.7921705,65,3.5653505
0.052875746,3.8224611,6.235747,65,3.1146302
0.08843358,3.195415,5.549675499999998,65,3.7279015
