NVMe_from_ceph,NVMe_from_transfer,NVMe_total_util
0.6732594,3.36333,5.91328
1.3600286,3.0727184,5.730302
1.4127384,3.3358583,5.987729
1.4265878,4.0668225,6.778793
