NVMe_from_ceph,NVMe_from_transfer,NVMe_total_util,num_workers,Goodput
0.6732594,3.3633300000000004,5.91328,69,3.6047533
1.3600286,3.0727184,5.730302,69,3.650284
1.4127383999999998,3.3358583,5.987729,69,3.4476335
1.4265878,4.0668225,6.7787929999999985,69,3.9964607
