NVMe_from_ceph,NVMe_from_transfer,NVMe_total_util,num_workers,Goodput
0.7529243,2.6735191,5.499383,66,3.182595
0.77480775,3.2406604,5.8647714,66,3.3902617
0.5327829000000001,2.3990827,5.354602,66,2.7982337
0.35529566,3.5058389,6.4491053,66,3.8605576
