NVMe_from_ceph,NVMe_from_transfer,NVMe_total_util,num_workers,Goodput
0.112330936,3.3075058,5.985385,53,3.6092632
0.13189946,3.0309794,5.950826,53,3.4125886
-0.024594193,3.603853,6.114549,53,3.5594027
0.7250469,3.8412628,6.4459987000000005,53,4.0580864
