NVMe_from_ceph,NVMe_from_transfer,NVMe_total_util
0.112330936,3.3075058,5.985385
0.13189946,3.0309794,5.950826
-0.024594193,3.603853,6.114549
0.7250469,3.8412628,6.4459987
