CPU,CPU_count,Goodput,Memory_total,Memory_used,NIC_speed,NVMe_from_ceph,NVMe_from_transfer,NVMe_total_util,Storage_count,network_throughput,num_workers
1.1653333333631357,16.0,0.0,34359738368.0,93433856.0,100000000000.0,2218.6666666666665,1345672.533333333,0.013066666666418314,8.0,126330.86666666667,10.0
1.5290980601404995,16.0,617426500.2666667,34359738368.0,550334464.0,100000000000.0,7898745.95026998,175054100.39330712,0.42283847743634323,8.0,173830671.0885941,10.0
2.829333333329608,16.0,715731490.1333334,34359738368.0,550334464.0,100000000000.0,134219912.53333333,800395264.0000001,2.1217333333333954,8.0,797599195.8,10.0
2.609640642734351,16.0,687484825.6,34359738368.0,550051840.0,100000000000.0,134226676.44509634,710579672.7781852,2.0102673511568683,8.0,722264578.0385358,10.0
2.421333333322158,16.0,576465851.7333333,34359738368.0,550051840.0,100000000000.0,134222097.06666666,598968729.6,1.8046666666671325,8.0,602618062.3333334,10.0
2.489034064369631,16.0,614258380.8,34359738368.0,550051840.0,100000000000.0,127498341.71055266,656053816.1455903,1.8728751416553606,8.0,659240180.9879341,10.0
2.2429495299624556,16.0,547612262.4000001,34359738368.0,549326848.0,100000000000.0,19928641.642776184,519511745.5830389,1.4407627175193907,8.0,519539584.7723181,10.0
2.3750416638654817,16.0,539294572.8951404,34359738368.0,548622336.0,100000000000.0,19991516.298913408,599046484.9010066,1.6247583494389781,8.0,604569904.8063463,10.0
2.347333333455026,16.0,544492202.6666666,34359738368.0,548622336.0,100000000000.0,19857408.0,540305544.5333333,1.4866666666678308,8.0,542892516.8666667,10.0
