CPU,CPU_count,Goodput,Memory_total,Memory_used,NIC_speed,NVMe_from_ceph,NVMe_from_transfer,NVMe_total_util,Storage_count,network_throughput,num_workers
1.2171188588358763,16.0,269737.6701090628,34359738368.0,123633664.0,100000000000.0,2184.3877074861675,1494121.1919205387,0.01333244450253568,8.0,1203997.933471102,60.0
2.9716647775947185,16.0,100991406.83263282,34359738368.0,123633664.0,100000000000.0,84940318.68791251,990727612.240816,2.2206813787579165,8.0,957728131.3420894,60.0
3.0660000000149013,16.0,1157409299.286619,34359738368.0,585142272.0,100000000000.0,134292002.13333333,883294481.0666666,2.7262000000007296,8.0,913947917.3333334,60.0
2.550666666682809,16.0,724736409.6,34359738368.0,585142272.0,100000000000.0,133973060.26666668,595916390.4000001,1.8697999999974853,8.0,608385171.3333334,60.0
3.1,16.0,812927010.1333333,34359738368.0,583745536.0,100000000000.0,134326954.66666666,873756808.5333333,2.703733333336034,8.0,866728318.8,60.0
3.0706666666393474,16.0,809993830.4000001,34359738368.0,583745536.0,100000000000.0,62005794.13333333,876057668.2666667,2.710133333331517,8.0,893729375.3333334,60.0
3.0426552919916743,16.0,887956206.9333334,34359738368.0,583745536.0,100000000000.0,19922000.53319115,901641691.2823247,2.6296987469992326,8.0,903703357.1047721,60.0
2.797279274378794,16.0,887294361.5999999,34359738368.0,579657728.0,100000000000.0,19928258.202187255,804317447.8527608,2.237329954656966,8.0,810111810.2160575,60.0
2.801333333365619,16.0,736454724.2666668,34359738368.0,579657728.0,100000000000.0,19927313.066666666,770653661.8666667,2.162399999999131,8.0,757915458.4,60.0
