NVMe_from_ceph,NVMe_from_transfer,NVMe_total_util,num_workers,Goodput
0.55603284,0.9115043,2.738995,54,0.9831841
0.0021533754,0.69907045,2.1208467,54,0.8269905
0.081639975,0.8163451,2.4019015,54,0.9639654
0.22400829,0.9633649,2.8346825,54,1.0068319
