NVMe_from_ceph,NVMe_from_transfer,NVMe_total_util
0.6536497,2.9006352,5.0625973
1.256132,2.8033404,5.0707326
1.351175,3.4755487,5.7623725
1.3520483,3.3533633,5.6580825
