NVMe_from_ceph,NVMe_from_transfer,NVMe_total_util,num_workers,Goodput
0.6536496999999999,2.9006352000000004,5.0625973,67,3.071275
1.256132,2.8033404,5.0707326,67,3.2054338
1.351175,3.4755487,5.7623725,67,3.5977817
1.3520483,3.3533633000000003,5.6580825,67,3.4147143
