NVMe_from_ceph,NVMe_from_transfer,NVMe_total_util,num_workers,Goodput
0.7515052,3.596979,5.955286,65,3.6022732
0.7245935,3.833938,6.136342,65,3.3409534
0.3324337,3.5581812999999998,6.1021404000000015,65,3.585499
0.5836094000000001,3.3422196000000004,5.729133,65,3.726566
