NVMe_from_ceph,NVMe_from_transfer,NVMe_total_util
0.9645216,4.1656413,6.649743
1.2016933,3.6299126,6.2193384
0.84890866,3.8048253,6.314114
0.7053615,4.1792293,6.58564
