NVMe_from_ceph,NVMe_from_transfer,NVMe_total_util,num_workers,Goodput
0.9645216,4.1656413,6.649742999999999,69,4.18392
1.2016933,3.6299126,6.219338400000002,69,3.903276
0.84890866,3.8048253,6.314114,69,3.8516376
0.7053615,4.1792292999999985,6.58564,69,4.1614904
