NVMe_from_ceph,NVMe_from_transfer,NVMe_total_util
1.3542031,3.4729621,5.7793565
0.4609606,3.7670603,5.910233
0.91377336,3.6216922,5.911717
0.6041627,3.9455543,6.0257335
