NVMe_from_ceph,NVMe_from_transfer,NVMe_total_util,num_workers,Goodput
1.3542031,3.4729621,5.7793565000000005,66,3.7402072
0.4609606,3.7670603,5.910233,66,3.6045463
0.91377336,3.6216922,5.911717,66,3.4461153
0.6041626999999999,3.9455543,6.0257335,66,3.8305457
