NVMe_from_ceph,NVMe_from_transfer,NVMe_total_util,num_workers,Goodput
1.0946482,3.1203723,5.306934,57,3.3349044
1.3615522,3.5295446000000004,5.7480884,57,3.6119037
1.6224573,3.4580634,5.9897117999999985,57,3.3689733
1.4556088,3.0686593,5.490538,57,3.2545013
