NVMe_from_ceph,NVMe_from_transfer,NVMe_total_util
1.0946482,3.1203723,5.306934
1.3615522,3.5295446,5.7480884
1.6224573,3.4580634,5.9897118
1.4556088,3.0686593,5.490538
