NVMe_from_ceph,NVMe_from_transfer,NVMe_total_util,num_workers,Goodput
0.5402454000000001,3.540449,5.6777989999999985,66,3.3094025
0.63941556,3.6707036,5.9388065,66,3.7008493
0.47707796,3.8256893,6.0242114,66,3.669366
0.47378692,3.909285,6.029916,66,3.9261382
