NVMe_from_ceph,NVMe_from_transfer,NVMe_total_util
0.5402454,3.540449,5.677799
0.63941556,3.6707036,5.9388065
0.47707796,3.8256893,6.0242114
0.47378692,3.909285,6.029916
