NVMe_from_ceph,NVMe_from_transfer,NVMe_total_util,num_workers,Goodput
1.0986372,3.0026553,5.486857,57,3.3077195
0.44985718,3.358268,5.680172,57,3.22473
0.3830013,3.4056773,5.6834583,57,3.1952624
0.30691332,3.5294967000000006,5.779839,57,3.6492202
