NVMe_from_ceph,NVMe_from_transfer,NVMe_total_util,num_workers,Goodput
0.31947634,0.8619143,2.5443568,54,0.92872643
0.16783571,0.8726556000000001,2.5905097,54,0.9561591
0.014933813,0.88486004,2.6103425,54,0.93287635
0.15538065,0.8991693000000001,2.6871324,54,0.957864
