NVMe_from_ceph,NVMe_from_transfer,NVMe_total_util
0.31947634,0.8619143,2.5443568
0.16783571,0.8726556,2.5905097
0.014933813,0.88486004,2.6103425
0.15538065,0.8991693,2.6871324
