CPU,CPU_count,Goodput,Memory_total,Memory_used,NIC_speed,NVMe_from_ceph,NVMe_from_transfer,NVMe_total_util,Storage_count,network_throughput,num_workers
1.3215547703850814,16.0,37146605.159656025,34359738368.0,499568640.0,100000000000.0,0.0,1669094.73964931,0.013667577835728412,8.0,1159308.6872458165,100.0
1.991067262173829,16.0,703318425.6,34359738368.0,515416064.0,100000000000.0,24955537.364175722,531479823.4784348,0.9019398706771509,8.0,475701299.98000133,100.0
2.716000000014901,16.0,1028468590.1726781,34359738368.0,515416064.0,100000000000.0,134287633.06666666,728367650.1333334,2.032399999994474,8.0,754991555.2,100.0
3.2650176678432814,16.0,1130782446.9333332,34359738368.0,512376832.0,100000000000.0,134158951.39675981,994155919.7279818,2.746183078875961,8.0,1025866781.0520701,100.0
3.6513333333345757,16.0,994985062.4,34359738368.0,512376832.0,100000000000.0,134217728.0,1203254067.1999998,3.2215999999976095,8.0,1191936687.6,100.0
3.225333333325883,16.0,997249843.1999999,34359738368.0,513622016.0,100000000000.0,112970956.80000001,915438523.7333333,2.8162000000011176,8.0,917714144.2666667,100.0
3.428666666646799,16.0,1011466592.7539102,34359738368.0,513622016.0,100000000000.0,19922944.0,1008521216.0,2.835600000002887,8.0,1021287683.6666666,100.0
3.2089860675880435,16.0,837237076.8505423,34359738368.0,509132800.0,100000000000.0,19925984.667688824,957396653.5564296,2.6579561362558444,8.0,962963640.6906207,100.0
2.7143142876638815,16.0,687527122.7251517,34359738368.0,509132800.0,100000000000.0,19924272.284818985,670805953.4635642,2.1027401826820427,8.0,677548421.294753,100.0
