NVMe_from_ceph,NVMe_from_transfer,NVMe_total_util,num_workers,Goodput
0.60210335,3.6633554,5.8107057,65,3.5219476
0.6545278,3.8579094,6.1278477,65,3.5141268
0.6286233,3.3309667000000003,5.7378860000000005,65,3.7702768
0.76699924,3.3432872,5.851906,65,3.4836602
