NVMe_from_ceph,NVMe_from_transfer,NVMe_total_util
0.60210335,3.6633554,5.8107057
0.6545278,3.8579094,6.1278477
0.6286233,3.3309667,5.737886
0.76699924,3.3432872,5.851906
