NVMe_from_ceph,NVMe_from_transfer,NVMe_total_util
0.7352554,3.7211137,6.0351067
0.46948346,3.7910259,5.9710393
0.3801096,3.7504241,5.8781266
0.4873612,3.6993809,5.829027
