NVMe_from_ceph,NVMe_from_transfer,NVMe_total_util,num_workers,Goodput
0.7352554,3.7211137,6.0351067,52,3.9480014
0.46948346,3.7910259,5.971039299999998,52,3.5257428
0.3801096,3.7504241,5.8781266,52,3.5859804
0.4873612,3.6993809,5.829027,52,3.3728542
