NVMe_from_ceph,NVMe_from_transfer,NVMe_total_util,num_workers,Goodput
1.2086692,2.4264023,4.7948065,69,2.768616
1.5825143,2.989163,5.443546,69,3.5950577
1.7650362000000002,2.8907835,5.4256268,69,3.267438
1.7379103,3.1908574,5.832332599999999,69,3.3337865
