NVMe_from_ceph,NVMe_from_transfer,NVMe_total_util
0.45306703,3.4959807,6.0072474
0.8157999,3.0537896,5.6987157
0.1801772,3.660949,6.1139135
-0.087230675,3.8146255,6.2601237
