NVMe_from_ceph,NVMe_from_transfer,NVMe_total_util,num_workers,Goodput
0.45306703,3.4959807,6.0072474,53,3.5762465
0.8157999,3.0537896,5.6987157,53,3.3697572
0.1801772,3.660949,6.1139135,53,3.8113146
-0.087230675,3.8146255,6.2601237,53,3.538865
