NVMe_from_ceph,NVMe_from_transfer,NVMe_total_util,num_workers,Goodput
0.19489795,0.96050966,2.6189525,54,1.0204906
0.041207217,0.9596874,2.5930662,54,0.9904663
0.046925683,0.9809893,2.6462817000000003,54,0.9937619
0.11543367,1.0056823,2.699005,54,1.0256537
