NVMe_from_ceph,NVMe_from_transfer,NVMe_total_util
0.19489795,0.96050966,2.6189525
0.041207217,0.9596874,2.5930662
0.046925683,0.9809893,2.6462817
0.11543367,1.0056823,2.699005
