CPU,CPU_count,Goodput,Memory_total,Memory_used,NIC_speed,NVMe_from_ceph,NVMe_from_transfer,NVMe_total_util,Storage_count,network_throughput,num_workers
1.2793333332985641,16.0,184289.9786780384,34359738368.0,122408960.0,100000000000.0,2184.5333333333333,1651507.2000000002,0.014400000002933669,8.0,1427299.8666666667,60.0
1.4668977932334024,16.0,468057886.8729989,34359738368.0,138596352.0,100000000000.0,0.0,215318683.11220744,0.2739515967729009,8.0,191264460.0973398,60.0
3.1456569561830525,16.0,844867242.6666667,34359738368.0,582389760.0,100000000000.0,124846495.03366444,927916976.2015866,2.573095126990696,8.0,949622040.1973202,60.0
2.871999999942879,16.0,752897228.8,34359738368.0,582389760.0,100000000000.0,134147822.93333334,830008797.8666666,2.3639333333354444,8.0,844453865.4666667,60.0
2.828000000026077,16.0,787205495.4666667,34359738368.0,582389760.0,100000000000.0,134222097.06666666,733247351.4666667,2.1469999999991463,8.0,706277799.6666666,60.0
3.933333333333333,16.0,843466342.3999999,34359738368.0,584114176.0,100000000000.0,134217728.0,779466888.5333334,2.42840000000045,8.0,806326074.4666667,60.0
2.635333333381762,16.0,598096520.5333333,34359738368.0,581738496.0,100000000000.0,27966395.73333333,630695526.4,1.9721999999970043,8.0,630981027.4666667,60.0
2.9946447696946983,16.0,817987845.9693539,34359738368.0,581738496.0,100000000000.0,19947919.008517366,811365436.4257662,2.547508542866999,8.0,821951385.7295864,60.0
2.541518329646746,16.0,667626105.9372915,34359738368.0,581738496.0,100000000000.0,19882132.97411719,551499423.0732224,1.8182430482080543,8.0,549353460.2136053,60.0
