NVMe_from_ceph,NVMe_from_transfer,NVMe_total_util
0.87584853,2.1108117,4.773534
1.5446334,1.9707004,4.7451477
1.8034317,2.3643095,5.2815914
1.5997584,2.9536355,5.961925
