NVMe_from_ceph,NVMe_from_transfer,NVMe_total_util,num_workers,Goodput
0.87584853,2.1108117,4.773534,54,2.3334699
1.5446334,1.9707004,4.7451477,54,2.5113266
1.8034317,2.3643095,5.281591400000001,54,2.9225893
1.5997583999999998,2.9536355,5.961925,54,3.4206889
