NVMe_from_ceph,NVMe_from_transfer,NVMe_total_util,num_workers,Goodput
1.3466794,1.0366101,2.7824087000000004,33,1.0606115
0.3700869,0.98466575,2.7018085,33,1.0107119
0.9324797,0.8903985000000001,2.5320914,33,0.883061
0.7546868,1.0534805,2.7971032000000005,33,1.0226536
