NVMe_from_ceph,NVMe_from_transfer,NVMe_total_util,num_workers,Goodput
0.9462377,3.9852746,6.37522,66,4.0219383
0.14049304,3.7786922,6.125922,66,3.4594817
0.13772258,3.6998441,6.0407057,66,3.4175107
0.32952392,3.5592906,5.947913,66,3.5788698
