NVMe_from_ceph,NVMe_from_transfer,NVMe_total_util
0.7094,3.329291,6.046473
0.61401343,3.9102879,6.606637
0.7321939,3.2026138,5.93463
0.36790276,3.122078,5.9307995
