NVMe_from_ceph,NVMe_from_transfer,NVMe_total_util,num_workers,Goodput
0.7094,3.3292910000000004,6.0464730000000015,68,3.497314
0.61401343,3.9102879,6.606636999999999,68,4.1167507
0.7321939000000001,3.2026138,5.93463,68,3.5877266
0.36790276,3.122078,5.9307995,68,3.5642107
