CPU,CPU_count,Goodput,Memory_total,Memory_used,NIC_speed,NVMe_from_ceph,NVMe_from_transfer,NVMe_total_util,Storage_count,network_throughput,num_workers
1.335333333350718,16.0,230619.2132726786,34359738368.0,124174336.0,100000000000.0,86289.06666666667,1590340.2666666668,0.014733333326876163,8.0,1495592.2666666666,100.0
3.728951403250959,16.0,309871862.39082605,34359738368.0,587902976.0,100000000000.0,57248433.03779748,783190641.690554,2.0497966802220327,8.0,767678119.7253517,100.0
3.6277085138649134,16.0,1055753556.6962203,34359738368.0,587902976.0,100000000000.0,134263815.98773253,1131678730.5820389,3.251616774452158,8.0,1136994567.0378025,100.0
2.9473333333618936,16.0,1050784164.2776185,34359738368.0,587902976.0,100000000000.0,134217728.0,749360469.3333333,2.3112000000003414,8.0,741046066.4666667,100.0
2.811679221349232,16.0,610531479.9707699,34359738368.0,590475264.0,100000000000.0,134221887.07419503,683859160.3226451,2.2502499833418015,8.0,687523160.6559563,100.0
3.237682512187348,16.0,787240951.093865,34359738368.0,590475264.0,100000000000.0,85569506.23374891,884842503.1002065,2.764317621170833,8.0,906428351.4234282,100.0
3.1166666666977108,16.0,872693589.3333334,34359738368.0,586293248.0,100000000000.0,19928405.333333336,837215573.3333334,2.5685999999986957,8.0,841928901.0,100.0
3.0119999999490874,16.0,702127467.7688154,34359738368.0,586293248.0,100000000000.0,19922944.0,785936110.9333333,2.341666666670547,8.0,799094089.7333333,100.0
3.186666666654249,16.0,939711534.9023268,34359738368.0,585654272.0,100000000000.0,19931682.133333333,913693354.6666667,2.660066666659744,8.0,912940507.9333333,100.0
