NVMe_from_ceph,NVMe_from_transfer,NVMe_total_util,num_workers,Goodput
1.2068061,2.395416,4.7167997,65,2.863465
1.5160611000000002,2.7232609,5.2015486,65,3.3309753
1.577684,2.882274,5.4614577,65,3.3121986
1.4037733,2.883041,5.5113363,65,3.2473397
