NVMe_from_ceph,NVMe_from_transfer,NVMe_total_util
1.2068061,2.395416,4.7167997
1.5160611,2.7232609,5.2015486
1.577684,2.882274,5.4614577
1.4037733,2.883041,5.5113363
