NVMe_from_ceph,NVMe_from_transfer,NVMe_total_util,num_workers,Goodput
0.5426396,4.0773816,6.5344887,85,4.0691833
0.40308285,4.11295,6.5037723,85,4.0532465
0.43491605,3.7003083,6.053038,85,3.4907205
0.29084578,4.2085624,6.664775,85,4.087199
