NVMe_from_ceph,NVMe_from_transfer,NVMe_total_util
0.08676134,3.766938,6.106378
0.07091468,3.421167,5.684965
-0.20733994,3.7557638,5.9439216
-0.17770122,3.9191551,5.9852457
