NVMe_from_ceph,NVMe_from_transfer,NVMe_total_util,num_workers,Goodput
0.08676134,3.766938,6.106378,52,3.7551787
0.07091468,3.421167,5.684965,52,2.8179562
-0.20733994,3.7557638,5.9439216,52,2.90557
-0.17770122,3.9191551,5.9852457,52,2.9126408
