NVMe_from_ceph,NVMe_from_transfer,NVMe_total_util,num_workers,Goodput
0.8452058000000001,0.9392616,2.548405,33,0.904137
0.0020639377,1.0554612,2.6572504,33,0.9018532
0.06439946,1.0497614,2.659579,33,1.0473939
0.20690969,1.099983,2.6885543,33,1.074713
