NVMe_from_ceph,NVMe_from_transfer,NVMe_total_util
0.59147817,3.8217914,6.272666
0.634516,3.1312785,5.777943
0.39516306,3.8016453,6.361856
0.5593006,3.5645268,6.1765614
