NVMe_from_ceph,NVMe_from_transfer,NVMe_total_util,num_workers,Goodput
0.59147817,3.8217914,6.272666,54,4.0214376
0.634516,3.1312785,5.777943,54,3.6672318
0.39516306,3.8016453,6.361856,54,3.9517553
0.5593005999999999,3.5645267999999994,6.1765614,54,3.8735373
