NVMe_from_ceph,NVMe_from_transfer,NVMe_total_util
0.07254131,0.912656,2.3843172
0.18394063,0.93354875,2.4228709
0.13218273,0.8697992,2.2402198
0.24448463,0.84984976,2.2125075
