NVMe_from_ceph,NVMe_from_transfer,NVMe_total_util,num_workers,Goodput
0.07254131,0.912656,2.3843172000000004,54,1.0263543
0.18394063,0.93354875,2.4228709,54,0.9604646
0.13218273,0.8697992,2.2402198,54,0.92619455
0.24448463,0.84984976,2.2125075,54,0.90714216
