NVMe_from_ceph,NVMe_from_transfer,NVMe_total_util
0.7811515,2.889797,5.60446
0.53999364,3.8908768,6.4217916
0.68003356,3.21451,5.7755036
0.5411943,2.8858004,5.52008
