NVMe_from_ceph,NVMe_from_transfer,NVMe_total_util
-0.35009268,3.577265,6.369513
0.93382704,3.6824708,6.516349
-0.03223552,4.615366,7.040496
0.088532016,3.723276,6.227189
