NVMe_from_ceph,NVMe_from_transfer,NVMe_total_util,num_workers,Goodput
-0.35009268,3.577265,6.369513,66,3.3328545
0.93382704,3.6824708,6.516349,66,3.9891284
-0.03223552,4.615366000000002,7.040496000000001,66,3.8930614
0.08853201599999999,3.723276,6.227189,66,3.6495314
