NVMe_from_ceph,NVMe_from_transfer,NVMe_total_util
0.97937894,3.726709,6.2015476
0.5954732,2.8829427,5.383138
0.67170763,3.463169,5.982132
0.44174123,3.5164297,5.9568105
