NVMe_from_ceph,NVMe_from_transfer,NVMe_total_util,num_workers,Goodput
0.97937894,3.726709,6.2015476,52,3.73521
0.5954732,2.8829427000000005,5.383138,52,3.111674
0.67170763,3.463169,5.982132,52,3.1872854
0.44174123,3.5164297,5.9568105000000005,52,3.4214208
