NVMe_from_ceph,NVMe_from_transfer,NVMe_total_util,num_workers,Goodput
0.68942255,3.322860700000001,5.5766873,65,3.659619
1.0874692,1.7848582999999998,4.2058854000000006,65,1.4463866
1.0876516,2.686813,5.169339,65,3.2567446
1.2880166000000002,2.566901,4.9496145,65,3.2523668
