NVMe_from_ceph,NVMe_from_transfer,NVMe_total_util
0.68942255,3.3228607,5.5766873
1.0874692,1.7848583,4.2058854
1.0876516,2.686813,5.169339
1.2880166,2.566901,4.9496145
