NVMe_from_ceph,NVMe_from_transfer,NVMe_total_util,num_workers,Goodput
-0.24014959,3.7546155,6.186598,69,2.8971791
-0.06075763,3.8912814,6.1660629999999985,69,2.9772253
-0.07948392,4.028964,6.2483053,69,3.036483
0.7404448,4.2259007,6.4291606,69,3.8797252
