NVMe_from_ceph,NVMe_from_transfer,NVMe_total_util,num_workers,Goodput
0.62427855,4.568413700000002,7.028682000000001,85,4.7627654
0.79952365,3.8051836,6.2835135000000015,85,3.8448985
0.5562928,4.681146599999999,6.996537700000001,85,4.7613683
0.47348663,4.274937,6.7970066,85,4.209776
