NVMe_from_ceph,NVMe_from_transfer,NVMe_total_util
0.62427855,4.5684137,7.028682
0.79952365,3.8051836,6.2835135
0.5562928,4.6811466,6.9965377
0.47348663,4.274937,6.7970066
