NVMe_from_ceph,NVMe_from_transfer,NVMe_total_util,num_workers,Goodput
0.9149375,0.5575787,1.7629491000000002,54,0.7127765
0.14448369,0.6111982,1.8273656000000005,54,0.7784378
-0.07062482,0.56260157,1.6793441999999998,54,0.6768954
0.14098702,0.62135863,1.8464268,54,0.794122
