NVMe_from_ceph,NVMe_from_transfer,NVMe_total_util
0.9149375,0.5575787,1.7629491
0.14448369,0.6111982,1.8273656
-0.07062482,0.56260157,1.6793442
0.14098702,0.62135863,1.8464268
