CPU,CPU_count,Goodput,Memory_total,Memory_used,NIC_speed,NVMe_from_ceph,NVMe_from_transfer,NVMe_total_util,Storage_count,network_throughput,num_workers
1.1613333333283664,16.0,0.0,34359738368.0,93507584.0,100000000000.0,0.0,1415577.5999999999,0.012733333332774538,8.0,340717.93333333335,40.0
2.499333333348235,16.0,164111294.21115378,34359738368.0,102305792.0,100000000000.0,91298201.60000002,687496942.9333333,1.5293333333354289,8.0,683288973.6,40.0
2.892666666675359,16.0,843479059.9288638,34359738368.0,549687296.0,100000000000.0,134217728.0,854709589.3333333,2.4863333333322464,8.0,857683585.6,40.0
3.0723285114375374,16.0,1012924142.9333333,34359738368.0,549687296.0,100000000000.0,134213149.52336508,941517520.1653224,2.644623691753309,8.0,939568474.7683488,40.0
2.822321488058226,16.0,916310232.1178589,34359738368.0,549687296.0,100000000000.0,134226676.44509634,804137184.6123075,2.3908927261820403,8.0,802904684.9123274,40.0
2.841754580853952,16.0,738937079.005267,34359738368.0,551395328.0,100000000000.0,53826933.67882041,809178963.7855513,2.288173237090951,8.0,823473228.8851873,40.0
2.713943876380379,16.0,876480652.756483,34359738368.0,551395328.0,100000000000.0,19844705.677615836,752813376.8399681,1.9957943586421576,8.0,754220619.9695454,40.0
3.0153333333010472,16.0,746061277.8666668,34359738368.0,551305216.0,100000000000.0,19925128.533333335,923623697.0666666,2.4715999999976095,8.0,935853222.6,40.0
3.0966666666790843,16.0,936443665.0666666,34359738368.0,551305216.0,100000000000.0,19922944.0,958611729.0666666,2.759999999999612,8.0,969740518.2,40.0
