CPU,CPU_count,Goodput,Memory_total,Memory_used,NIC_speed,NVMe_from_ceph,NVMe_from_transfer,NVMe_total_util,Storage_count,network_throughput,num_workers
1.2897806812779802,16.0,183022.93333333335,34359738368.0,116572160.0,100000000000.0,2184.3877074861675,1992161.5892273844,0.017665488968333434,8.0,1236707.886140924,70.0
2.3162877525168346,16.0,1097096669.8666668,34359738368.0,116572160.0,100000000000.0,33556669.111274086,716418500.4333622,1.3821588105873568,8.0,704001865.4576972,70.0
3.229999999981374,16.0,663281254.4000001,34359738368.0,580288512.0,100000000000.0,134361907.2,921939148.8,2.770066666667117,8.0,928038718.0666667,70.0
2.62397568070133,16.0,763127398.4000001,34359738368.0,575184896.0,100000000000.0,134086344.17129263,625294244.7792758,2.189201691779519,8.0,620782401.8636004,70.0
3.1930320150521325,16.0,881849601.7062118,34359738368.0,575184896.0,100000000000.0,134214801.18375032,895228625.2354048,2.8481302125383072,8.0,904310335.0147969,70.0
2.7790147323623517,16.0,669879276.6070952,34359738368.0,573558784.0,100000000000.0,105619514.43237118,693451079.7946804,2.3976401573211845,8.0,706640289.2473835,70.0
3.103006867143103,16.0,995855051.796547,34359738368.0,573558784.0,100000000000.0,19928641.642776184,889400289.6193079,2.5022334822332972,8.0,887797105.6737115,70.0
3.1103259782619066,16.0,1015621818.1818181,34359738368.0,577200128.0,100000000000.0,19991516.298913408,885204278.1147923,2.636557562827655,8.0,905593117.8588095,70.0
3.3716914460703276,16.0,620876265.9153419,34359738368.0,577200128.0,100000000000.0,19858731.915461034,1041224828.321888,2.9257283818941753,8.0,1032923117.2078139,70.0
