NVMe_from_ceph,NVMe_from_transfer,NVMe_total_util,num_workers,Goodput
1.1829169,3.2987788,5.644648,65,3.6978774
0.4196645000000001,3.1982503,5.564301,65,3.5846386
0.383367,3.3869727,5.760635,65,3.4933543
0.17243852,3.4474506000000003,5.826708,65,3.5771856
