NVMe_from_ceph,NVMe_from_transfer,NVMe_total_util,num_workers,Goodput
1.421098,3.4951212,5.974489,53,3.4710183
-0.07181826,3.8568497,6.1261220000000005,53,3.1378224
-0.08619486,4.0572615,6.319581,53,2.860475
-0.049991105,3.958372,6.252276,53,3.2207525
