NVMe_from_ceph,NVMe_from_transfer,NVMe_total_util
1.421098,3.4951212,5.974489
-0.07181826,3.8568497,6.126122
-0.08619486,4.0572615,6.319581
-0.049991105,3.958372,6.252276
