NVMe_from_ceph,NVMe_from_transfer,NVMe_total_util
0.66348255,3.2980998,5.567351
0.5498958,3.421384,5.6817
0.64110214,3.353121,5.6491456
0.5339434,3.3183222,5.5783715
