NVMe_from_ceph,NVMe_from_transfer,NVMe_total_util,num_workers,Goodput
0.66348255,3.2980998,5.567351,65,3.7017941
0.5498958,3.421384,5.6817,65,3.3283381
0.64110214,3.353121,5.6491456,65,3.6145067
0.5339434000000001,3.3183222000000003,5.5783714999999985,65,3.4063573
