NVMe_from_ceph,NVMe_from_transfer,NVMe_total_util,num_workers,Goodput
0.8392164000000001,0.8607575000000001,2.430193,54,0.9386288
0.21225014,0.8501277,2.3650758,54,0.9688189
0.1253713,0.8210982,2.2626642999999995,54,0.88704246
0.12194108,0.9596813,2.684737,54,1.0005686
