CPU,CPU_count,Goodput,Memory_total,Memory_used,NIC_speed,NVMe_from_ceph,NVMe_from_transfer,NVMe_total_util,Storage_count,network_throughput,num_workers
1.2099999999937912,16.0,0.0,34359738368.0,104108032.0,100000000000.0,0.0,1415577.5999999999,0.012733333338595307,8.0,552517.3333333334,8.0
2.072666666687777,16.0,81359431.50456637,34359738368.0,104108032.0,100000000000.0,60188262.39999999,419354487.4666667,1.222799999996399,8.0,421362462.2,8.0
2.6006666666828098,16.0,709340091.7333333,34359738368.0,561975296.0,100000000000.0,134287633.06666666,656647509.3333334,1.9847333333377415,8.0,659869312.1333333,8.0
2.3053333333383,16.0,502586824.09000665,34359738368.0,560414720.0,100000000000.0,134150007.46666667,498514602.6666667,1.5919999999964303,8.0,501230375.6,8.0
2.4833333333333334,16.0,589184661.9652092,34359738368.0,560414720.0,100000000000.0,134217728.0,587199010.1333332,1.7922666666660614,8.0,590571109.9333333,8.0
2.5506666666517654,16.0,607017608.5333333,34359738368.0,561274880.0,100000000000.0,82981683.20000002,658917785.6000001,1.9872666666672254,8.0,662622489.4,8.0
2.5673333333184325,16.0,683260313.5999999,34359738368.0,561274880.0,100000000000.0,19922944.0,680063795.1999999,1.817400000001847,8.0,672275332.2666667,8.0
2.138000000050912,16.0,512470732.8,34359738368.0,560816128.0,100000000000.0,19927313.066666666,468402176.0,1.3183999999988978,8.0,474702597.8666667,8.0
2.477333333312224,16.0,572818814.7456837,34359738368.0,560816128.0,100000000000.0,19922944.0,610946798.9333333,1.6638666666694917,8.0,611232817.6,8.0
