CPU,CPU_count,Goodput,Memory_total,Memory_used,NIC_speed,NVMe_from_ceph,NVMe_from_transfer,NVMe_total_util,Storage_count,network_throughput,num_workers
1.176666666722546,16.0,87790.93333333333,34359738368.0,93863936.0,100000000000.0,0.0,1590340.2666666668,0.01333333333216918,8.0,321562.4,10.0
1.2033333333209155,16.0,435896265.4230513,34359738368.0,93863936.0,100000000000.0,1092.2666666666667,1791317.3333333333,0.016133333331284423,8.0,290608.4666666667,10.0
3.2423758156444316,16.0,691237432.5928891,34359738368.0,550510592.0,100000000000.0,118486714.0764416,805450935.1444932,2.161539485950162,8.0,803548631.6420295,10.0
2.628887998949457,16.0,719074250.816721,34359738368.0,550510592.0,100000000000.0,134241191.83019623,657851993.0583367,1.8856627953537104,8.0,668150444.3331999,10.0
2.6453333333445093,16.0,556496622.9333334,34359738368.0,547774464.0,100000000000.0,134217728.0,698363357.8666667,2.053333333332557,8.0,700272179.4,10.0
2.501333333241443,16.0,553119197.8666667,34359738368.0,547774464.0,100000000000.0,134222097.06666666,582367914.6666666,1.832133333334544,8.0,577932343.9333333,10.0
2.0620000001043084,16.0,490658850.1333334,34359738368.0,548995072.0,100000000000.0,33344716.800000004,420267349.3333334,1.1536000000002482,8.0,426388830.2,10.0
2.3513333332724873,16.0,619818100.659956,34359738368.0,548995072.0,100000000000.0,19927313.066666666,534180386.1333333,1.4721333333349322,8.0,540040565.4666667,10.0
2.562666666662941,16.0,663860210.4140277,34359738368.0,549724160.0,100000000000.0,19922944.0,687238348.8,1.8125333333349165,8.0,685432835.8,10.0
