NVMe_from_ceph,NVMe_from_transfer,NVMe_total_util
0.347643,3.2912366,7.344232
0.10526247,3.2928753,7.3636703
0.10996911,3.9534757,7.5490284
0.19802573,3.8580725,7.5262604
