NVMe_from_ceph,NVMe_from_transfer,NVMe_total_util
1.605373,4.2603526,7.6295896
0.18137027,4.2519326,7.598556
0.16219796,4.261541,7.6082034
0.21419682,4.2574835,7.6104274
