CPU,CPU_count,Goodput,Memory_total,Memory_used,NIC_speed,NVMe_from_ceph,NVMe_from_transfer,NVMe_total_util,Storage_count,network_throughput,num_workers
1.347004639266707,16.0,0.0,34359738368.0,90570752.0,100000000000.0,2203.1869831237814,1427665.16506421,0.013245478386591285,8.0,777407.3825052108,50.0
1.1857876142074817,16.0,497282107.5928272,34359738368.0,90570752.0,100000000000.0,0.0,14878956.86954203,0.06012932470986993,8.0,14249959.46936871,50.0
3.2396826454538177,16.0,955398622.3081539,34359738368.0,90570752.0,100000000000.0,107525529.96866456,1281261788.652577,2.5919727981851177,8.0,1280049632.508834,50.0
2.686666666716337,16.0,781906158.9333333,34359738368.0,541437952.0,100000000000.0,134287633.06666666,685860727.4666667,2.2582666666673807,8.0,688133393.0666667,50.0
2.9783347776765203,16.0,776906615.4666667,34359738368.0,541437952.0,100000000000.0,134213149.52336508,891392921.5385642,2.486834211052131,8.0,894616978.2014533,50.0
2.6919746919312737,16.0,962257066.6666665,34359738368.0,544264192.0,100000000000.0,134223314.81851482,727951267.9320679,2.16630036630049,8.0,738183849.5504495,50.0
2.7183662573635394,16.0,759380377.6,34359738368.0,544264192.0,100000000000.0,42552038.44100374,751635955.1521623,2.0671382808339915,8.0,758267168.0459156,50.0
3.23866666664059,16.0,932455662.9333333,34359738368.0,537034752.0,100000000000.0,19922944.0,1036395315.1999998,2.7783333333344973,8.0,1040586585.9333333,50.0
2.8300000000124177,16.0,894078156.8000001,34359738368.0,537034752.0,100000000000.0,19927313.066666666,801749674.6666666,2.1905999999997827,8.0,799063514.4666667,50.0
