NVMe_from_ceph,NVMe_from_transfer,NVMe_total_util
0.6196206,4.1283097,6.5654244
0.6926409,3.9253087,6.4242
0.72761357,3.5476618,6.1452427
0.6556275,3.7531388,6.292424
