CPU,CPU_count,Goodput,Memory_total,Memory_used,NIC_speed,NVMe_from_ceph,NVMe_from_transfer,NVMe_total_util,Storage_count,network_throughput,num_workers
1.24133333330974,16.0,0.0,34359738368.0,74498048.0,100000000000.0,0.0,1747626.6666666667,0.01519999999824601,8.0,918367.8,20.0
1.5979999999826153,16.0,668252529.2980468,34359738368.0,531668992.0,100000000000.0,10560034.133333333,261514581.33333334,0.5223999999987428,8.0,258951159.46666667,20.0
2.7626666666318975,16.0,877244189.6126409,34359738368.0,531320832.0,100000000000.0,134217728.0,814723618.1333333,2.204533333335227,8.0,823513556.8666667,20.0
2.9480000000447038,16.0,786224380.7746152,34359738368.0,531320832.0,100000000000.0,134222097.06666666,911314397.8666667,2.4967333333353356,8.0,889303227.9333333,20.0
2.406666666672876,16.0,683992678.4,34359738368.0,531320832.0,100000000000.0,134217728.0,585747114.6666666,1.8202666666669152,8.0,610282762.1333333,20.0
2.907333333324641,16.0,740375313.0666667,34359738368.0,529608704.0,100000000000.0,125274248.53333336,858911812.2666667,2.3087999999988824,8.0,851583632.1333333,20.0
2.700666666651766,16.0,792609452.8968599,34359738368.0,529010688.0,100000000000.0,19922944.0,726832196.2666667,1.957133333332604,8.0,743746377.5333333,20.0
2.634000000047187,16.0,845266227.2,34359738368.0,529010688.0,100000000000.0,19927313.066666666,780277077.3333333,1.9164666666668686,8.0,790596821.0,20.0
2.9986666666654247,16.0,781010534.4,34359738368.0,529010688.0,100000000000.0,19922944.0,946641578.6666667,2.371999999999146,8.0,954331871.3333334,20.0
