CPU,CPU_count,Goodput,Memory_total,Memory_used,NIC_speed,NVMe_from_ceph,NVMe_from_transfer,NVMe_total_util,Storage_count,network_throughput,num_workers
1.327999999995033,16.0,157275.91493900408,34359738368.0,116334592.0,100000000000.0,2184.5333333333333,1668983.4666666668,0.015600000001722947,8.0,2028401.8,70.0
1.8643774539348765,16.0,803348515.5010333,34359738368.0,575356928.0,100000000000.0,16607512.344446661,416691065.4155853,0.7606974113251018,8.0,401049734.87722105,70.0
3.562011620936312,16.0,815670783.9999999,34359738368.0,575356928.0,100000000000.0,134113976.89173844,1083923662.0583715,3.110933012757383,8.0,1092695289.0536299,70.0
2.6553333333693443,16.0,793032021.3333334,34359738368.0,575922176.0,100000000000.0,134217728.0,671955353.5999999,2.108066666665642,8.0,662583221.0,70.0
3.301999999986341,16.0,856326788.9125801,34359738368.0,575922176.0,100000000000.0,134222097.06666666,928763357.8666668,2.811933333333582,8.0,939667949.7333333,70.0
2.9191455380253455,16.0,947776478.1216649,34359738368.0,574652416.0,100000000000.0,120160236.37452585,801103677.3807148,2.4664270978901075,8.0,816029155.7862514,70.0
3.2187270420500016,16.0,978009662.2891808,34359738368.0,574652416.0,100000000000.0,19963246.911106654,914646949.0416082,2.6000801442643167,8.0,928711569.0910305,70.0
3.065333333301047,16.0,663438404.2666667,34359738368.0,577105920.0,100000000000.0,19922944.0,896318668.8,2.619933333329391,8.0,884605322.3333334,70.0
2.8193333333358166,16.0,918456724.8483232,34359738368.0,577105920.0,100000000000.0,19927313.06666667,739472725.3333334,2.1081333333335355,8.0,763283933.4,70.0
