NVMe_from_ceph,NVMe_from_transfer,NVMe_total_util
0.5787356,3.8213234,6.3430967
0.5342028,3.958501,6.487734
0.7365511,3.4517896,6.2154627
0.738518,3.1975224,6.027863
