NVMe_from_ceph,NVMe_from_transfer,NVMe_total_util,num_workers,Goodput
0.5787356,3.8213234,6.3430967,68,3.7536285
0.5342028,3.958501,6.487734,68,4.140476
0.7365510999999999,3.4517896,6.2154627,68,3.6308486
0.738518,3.1975224,6.027863,68,3.5343711
