NVMe_from_ceph,NVMe_from_transfer,NVMe_total_util,num_workers,Goodput
1.3557215,3.6430242,6.1191263,52,4.0858808
0.09484252,3.5493476000000004,5.9784193,52,3.4107816
-0.12581211,3.54291,5.9626617,52,3.308775
-0.017915966000000002,3.7393346,6.16174,52,3.259754
