NVMe_from_ceph,NVMe_from_transfer,NVMe_total_util
1.3557215,3.6430242,6.1191263
0.09484252,3.5493476,5.9784193
-0.12581211,3.54291,5.9626617
-0.017915966,3.7393346,6.16174
