NVMe_from_ceph,NVMe_from_transfer,NVMe_total_util,num_workers,Goodput
1.3126891,3.5735025,6.323428599999999,53,4.114657
0.02703735,3.6933432,6.4100704,53,3.439447
0.062466193,3.7477076,6.5168599999999985,53,3.4493124
-0.11495075,3.9668503,6.948850599999999,53,3.1979144
