NVMe_from_ceph,NVMe_from_transfer,NVMe_total_util
1.3126891,3.5735025,6.3234286
0.02703735,3.6933432,6.4100704
0.062466193,3.7477076,6.51686
-0.11495075,3.9668503,6.9488506
