NVMe_from_ceph,NVMe_from_transfer,NVMe_total_util,num_workers,Goodput
0.4552367,0.8854620999999999,2.3389258,54,0.969342
0.55284995,0.92326236,2.39673,54,0.98559713
0.36109892,0.9364504,2.4172342,54,0.9612727
0.57751346,0.89354163,2.3318336,54,0.99345636
