NVMe_from_ceph,NVMe_from_transfer,NVMe_total_util,num_workers,Goodput
0.8335652,4.3243019999999985,6.644951299999999,69,4.204813
0.3016904,3.7368538,6.1067967,69,3.572329
0.6938319000000001,3.4346237,5.946838,69,3.4745579
0.6288293,3.6663797,6.0514345,69,3.6899436
