NVMe_from_ceph,NVMe_from_transfer,NVMe_total_util
0.3929339,3.9039083,6.2466435
0.009199608,3.549106,5.8764987
0.19364841,3.5822132,5.9602747
0.38820824,3.2651536,5.7116694
