NVMe_from_ceph,NVMe_from_transfer,NVMe_total_util,num_workers,Goodput
0.3929339000000001,3.9039083,6.2466434999999985,53,3.96283
0.009199608,3.549106,5.8764987,53,3.3061726
0.19364841,3.5822132000000004,5.9602747,53,3.465326
0.38820824,3.2651536,5.7116694,53,3.3652635
