NVMe_from_ceph,NVMe_from_transfer,NVMe_total_util,num_workers,Goodput
0.7173358,3.295907,5.7312555,85,3.5953271
0.761042,2.8659325,5.4990892,85,3.2633824
0.48235458,3.0086496,5.5165176,85,3.1564198
0.37981266,3.0811508,5.593302,85,3.8419597
