NVMe_from_ceph,NVMe_from_transfer,NVMe_total_util
0.7173358,3.295907,5.7312555
0.761042,2.8659325,5.4990892
0.48235458,3.0086496,5.5165176
0.37981266,3.0811508,5.593302
