CPU,CPU_count,Goodput,Memory_total,Memory_used,NIC_speed,NVMe_from_ceph,NVMe_from_transfer,NVMe_total_util,Storage_count,network_throughput,num_workers
1.1618920719743684,16.0,168413.86666666667,34359738368.0,114204672.0,100000000000.0,0.0,1493225.316455696,0.013257828112201471,8.0,1086332.4450366423,50.0
2.895263509004762,16.0,283594752.0,34359738368.0,561623040.0,100000000000.0,81987765.71047366,925417286.1907939,2.0402268178833545,8.0,919532096.197465,50.0
2.75,16.0,1007013347.9101394,34359738368.0,561623040.0,100000000000.0,134357538.13333333,812604347.7333333,2.373266666661948,8.0,806939859.4666667,50.0
2.897006866159252,16.0,845432532.8355224,34359738368.0,562503680.0,100000000000.0,134073348.71008599,849136760.4826344,2.4413705752983486,8.0,866801488.5007666,50.0
3.2816854456951376,16.0,942920430.9333333,34359738368.0,562630656.0,100000000000.0,134226676.44509634,1079156863.2575505,2.9739315954377403,8.0,1078519003.0002,50.0
2.877333333405356,16.0,906594621.6918873,34359738368.0,562630656.0,100000000000.0,64454655.99999999,762297821.8666668,2.4494666666665577,8.0,775484767.4666667,50.0
2.954672710215898,16.0,795161055.5370356,34359738368.0,562630656.0,100000000000.0,19922472.20370617,868081427.009732,2.4239434742015926,8.0,865089238.1682442,50.0
2.893659577346135,16.0,765497647.3568429,34359738368.0,565198848.0,100000000000.0,19924272.284818985,877576533.9022601,2.335022334825302,8.0,868005048.0698713,50.0
2.499633308887259,16.0,938155929.6,34359738368.0,565198848.0,100000000000.0,19928641.642776184,674312636.3090873,1.807653843586499,8.0,703438846.9897993,50.0
