NVMe_from_ceph,NVMe_from_transfer,NVMe_total_util,num_workers,Goodput
1.8659248,3.4554775,6.0194626,69,3.01182
0.8650361999999999,3.1095912,5.575716000000001,69,3.627281
0.023717165,3.5201564,5.7645626,69,3.1484957
0.01429543,3.6703334,5.8750277,69,3.1437142
