NVMe_from_ceph,NVMe_from_transfer,NVMe_total_util
1.8659248,3.4554775,6.0194626
0.8650362,3.1095912,5.575716
0.023717165,3.5201564,5.7645626
0.01429543,3.6703334,5.8750277
