NVMe_from_ceph,NVMe_from_transfer,NVMe_total_util
1.17437,0.77528805,2.1541953
0.09441234,0.7145629,2.0355847
-0.00042504384,0.81736934,2.2764072
0.10135416,0.78400135,2.207227
