NVMe_from_ceph,NVMe_from_transfer,NVMe_total_util,num_workers,Goodput
1.17437,0.77528805,2.1541953,54,0.81542665
0.09441234,0.7145629,2.0355847,54,0.8088392
-0.0004250438400000001,0.81736934,2.2764072,54,0.8740063
0.10135416,0.78400135,2.207227,54,0.8931676
