NVMe_from_ceph,NVMe_from_transfer,NVMe_total_util,num_workers,Goodput
0.90954614,3.5419867,6.0398865,85,3.6166518
0.123215884,3.9597352,6.334119,85,3.7349086
0.07029896,3.8983033,6.2866254,85,2.9630928
0.17092963,4.1174893,6.560616,85,4.0319104
