NVMe_from_ceph,NVMe_from_transfer,NVMe_total_util,num_workers,Goodput
0.57239825,3.579673,6.0322037,66,3.832298
0.5415485999999999,3.5778964,6.035622,66,3.84363
0.5745855,3.4988217000000006,6.027513,66,3.6392696
0.3535886,3.24133,5.763619,66,3.690659
