CPU,CPU_count,Goodput,Memory_total,Memory_used,NIC_speed,NVMe_from_ceph,NVMe_from_transfer,NVMe_total_util,Storage_count,network_throughput,num_workers
1.262000000011176,16.0,130534.56897126474,34359738368.0,54816768.0,100000000000.0,2184.5333333333333,1590340.2666666668,0.01393333333156382,8.0,1873848.8,90.0
3.1326666667126117,16.0,121408716.80000001,34359738368.0,54816768.0,100000000000.0,89059054.93333332,997608652.8000001,2.5038666666679394,8.0,968485656.7333333,90.0
3.413333333283663,16.0,1111751645.8666666,34359738368.0,517218304.0,100000000000.0,134292002.13333333,1015366997.3333334,3.0379999999965857,8.0,1036548897.2666667,90.0
2.8586666666592166,16.0,900954248.5333333,34359738368.0,517857280.0,100000000000.0,134077917.86666667,804427639.4666666,2.4279999999989137,8.0,798186993.4666667,90.0
3.007333333355685,16.0,794293862.4000001,34359738368.0,517857280.0,100000000000.0,134292002.13333333,817019835.7333333,2.6384000000020023,8.0,836333420.1333333,90.0
2.8226666666256883,16.0,800375057.0666666,34359738368.0,515072000.0,100000000000.0,58370730.66666667,765220454.4000001,2.3596666666679083,8.0,776209971.2,90.0
3.04733333333085,16.0,863267737.5999999,34359738368.0,515072000.0,100000000000.0,19927313.06666667,863839846.4000001,2.5709333333303217,8.0,869835994.3333334,90.0
2.6906666666890184,16.0,839936375.0166466,34359738368.0,515772416.0,100000000000.0,19922944.0,715533243.7333333,2.1978666666701123,8.0,724944821.5333333,90.0
3.2006666666517654,16.0,784539629.9559472,34359738368.0,515772416.0,100000000000.0,19927313.066666666,927766664.5333334,2.6901999999982458,8.0,927223542.8666667,90.0
