NVMe_from_ceph,NVMe_from_transfer,NVMe_total_util,num_workers,Goodput
0.29050088,0.88422436,2.379966,33,0.8855891
0.3925262,1.0219766,2.7788863,33,1.0264843
0.48764175,1.097379,3.0055726000000003,33,1.1359159
0.95876014,0.9937635,2.730739,33,0.99708164
