NVMe_from_ceph,NVMe_from_transfer,NVMe_total_util,num_workers,Goodput
0.89947176,1.8670877,4.707712,68,2.0146399
1.3422083,2.1243672,5.3320089999999984,68,2.3465405
1.4305112,2.550542,5.9310364999999985,68,3.075262
1.4992124,2.3232357999999995,5.5350204000000005,68,2.658684
