NVMe_from_ceph,NVMe_from_transfer,NVMe_total_util
0.89947176,1.8670877,4.707712
1.3422083,2.1243672,5.332009
1.4305112,2.550542,5.9310365
1.4992124,2.3232358,5.5350204
