NVMe_from_ceph,NVMe_from_transfer,NVMe_total_util,num_workers,Goodput
0.97764796,4.1677303,6.462079,85,4.0026526
0.5378472,3.3719754,5.859478500000002,85,3.4450989
0.38323295,4.1938815,6.5243554,85,4.24053
0.3913468,4.198371,6.483343,85,4.0538297
