NVMe_from_ceph,NVMe_from_transfer,NVMe_total_util,num_workers,Goodput
0.3830376,3.33747,5.861297,62,3.5585074
0.90463835,3.9244075,6.444080400000002,62,4.010918
0.33777168,4.0466742999999985,6.430116,62,3.3598301
0.38518465,3.6054113,6.1013727,62,3.6765294
