NVMe_from_ceph,NVMe_from_transfer,NVMe_total_util
0.3830376,3.33747,5.861297
0.90463835,3.9244075,6.4440804
0.33777168,4.0466743,6.430116
0.38518465,3.6054113,6.1013727
