NVMe_from_ceph,NVMe_from_transfer,NVMe_total_util,num_workers,Goodput
0.7398720999999999,3.0985048,5.6236973,85,3.5918927
0.590548,4.441794,6.699567,85,4.524416
0.52641934,3.3081629999999995,5.7380333,85,3.6535568
0.38655627,3.1940916,5.8810496,85,3.6789963
