CPU,CPU_count,Goodput,Memory_total,Memory_used,NIC_speed,NVMe_from_ceph,NVMe_from_transfer,NVMe_total_util,Storage_count,network_throughput,num_workers
1.2233333333395424,16.0,0.0,34359738368.0,86573056.0,100000000000.0,2184.5333333333333,1502958.933333333,0.01273333333665505,8.0,508080.4666666667,20.0
2.0609373958524677,16.0,169732732.94295675,34359738368.0,86573056.0,100000000000.0,76935654.91032735,425385397.95986396,1.1705447029802452,8.0,424357858.99059933,20.0
3.0373333333370587,16.0,693289369.5446562,34359738368.0,544346112.0,100000000000.0,134326954.66666666,872801894.4,2.333533333331191,8.0,869007936.1333333,20.0
2.937333333337058,16.0,848424243.2,34359738368.0,544346112.0,100000000000.0,134077917.86666667,904868659.1999999,2.4346666666698487,8.0,919748462.3333334,20.0
2.662666666631897,16.0,772737612.9075271,34359738368.0,544346112.0,100000000000.0,134292002.13333333,736564838.4000001,2.131266666663578,8.0,742342138.6666666,20.0
2.513032464529683,16.0,840102405.9729352,34359738368.0,545300480.0,100000000000.0,68712099.72668488,695238181.9878675,1.8018132124511992,8.0,695766487.10086,20.0
2.631642109472723,16.0,703443558.4,34359738368.0,545300480.0,100000000000.0,19928641.642776184,785272754.7169812,1.9039269284638847,8.0,792518842.656177,20.0
2.4746666666741173,16.0,722533963.0642042,34359738368.0,544194560.0,100000000000.0,19922944.0,669009510.4,1.6726666666664338,8.0,662229280.6,20.0
2.85034331044597,16.0,780675345.0666666,34359738368.0,544194560.0,100000000000.0,19925984.667688824,872222188.9207387,2.0359309379373003,8.0,891438324.2450503,20.0
