num_workers,rmse
20,0.831515968
20,0.858034733
20,0.652043917
20,0.819348409
20,0.696110716
20,0.733639649
20,0.742789381
20,0.649270945
20,0.612674793
20,0.868020403
20,0.684748514
20,0.972607926
20,0.692492948
20,0.850767647
20,0.659899347
20,0.620552233
20,0.697893417
20,0.709067301
20,0.736913522
20,0.779353694
20,0.631658955
