CPU,CPU_count,Goodput,Memory_total,Memory_used,NIC_speed,NVMe_from_ceph,NVMe_from_transfer,NVMe_total_util,Storage_count,network_throughput,num_workers
1.6113333333594104,16.0,0.0,34359738368.0,111423488.0,100000000000.0,0.0,1502958.933333333,0.012400000000100893,8.0,265828.6666666667,20.0
1.9697353509480426,16.0,607039488.0,34359738368.0,575385600.0,100000000000.0,35369605.75961603,510244025.3316446,1.0231317912137952,8.0,512150598.1601227,20.0
3.115674378337835,16.0,1104396459.4972997,34359738368.0,575385600.0,100000000000.0,134226676.44509634,1033935646.9097939,2.677445163010844,8.0,1037334819.254617,20.0
3.373333333339542,16.0,984881008.0112798,34359738368.0,568180736.0,100000000000.0,134219912.53333333,1087060650.6666665,2.9551333333336514,8.0,1096991755.1333334,20.0
3.0483301112774854,16.0,920530799.4721123,34359738368.0,568180736.0,100000000000.0,134208780.7479501,909698909.6726885,2.5840277314840168,8.0,906850157.0561963,20.0
2.8129875325456317,16.0,864598948.8700753,34359738368.0,569348096.0,100000000000.0,104099953.33022201,865354347.3564904,2.463164210948832,8.0,870733174.6116407,20.0
2.9753333333258825,16.0,901223396.759784,34359738368.0,569348096.0,100000000000.0,19922944.0,934763997.8666666,2.502933333331991,8.0,941675312.6,20.0
2.731333333378037,16.0,828131519.5395683,34359738368.0,567984128.0,100000000000.0,19927313.06666667,780968755.1999999,2.297733333334327,8.0,784198589.0666667,20.0
2.7459999999031424,16.0,667900958.6567401,34359738368.0,567984128.0,100000000000.0,19922944.0,739714389.3333334,2.2961999999999536,8.0,749703374.4,20.0
