NVMe_from_ceph,NVMe_from_transfer,NVMe_total_util
1.1910394,2.106122,4.308092
1.2497089,2.1022475,4.3758354
1.2701896,3.015479,5.3953543
1.5436957,2.5978093,4.892481
