NVMe_from_ceph,NVMe_from_transfer,NVMe_total_util,num_workers,Goodput
1.1910393999999995,2.106122,4.308092,69,2.4172778
1.2497089,2.1022475,4.3758354000000015,69,2.4835565
1.2701896,3.015479,5.3953543,69,3.576184
1.5436957,2.5978093,4.892481,69,3.0698836
