NVMe_from_ceph,NVMe_from_transfer,NVMe_total_util,num_workers,Goodput
0.7759383000000001,4.8390956,7.098293300000001,85,3.8381689
0.75558466,4.106993,6.5611467,85,4.0851707
0.41707572,3.7189212,6.201899,85,3.5883367
0.33098248,4.1990414000000005,6.508854,85,4.1799355
