NVMe_from_ceph,NVMe_from_transfer,NVMe_total_util,num_workers,Goodput
0.43144792,3.581312,5.9102716,66,3.6876638
-0.062750965,3.6199236,5.9433846,66,3.26404
0.5826218000000001,3.470511,5.86651,66,3.5723462
0.026886169,3.6202383,5.9377580000000005,66,3.26404
