NVMe_from_ceph,NVMe_from_transfer,NVMe_total_util,num_workers,Goodput
0.6607255999999999,4.85151,6.8280716,53,3.7324796
0.6748953000000001,4.97082,6.907776400000001,53,3.5997922
0.46623904,3.7305315,6.184739,53,3.615881
0.31001458,3.752866000000001,6.3981580000000005,53,3.9003112
