NVMe_from_ceph,NVMe_from_transfer,NVMe_total_util
0.6607256,4.85151,6.8280716
0.6748953,4.97082,6.9077764
0.46623904,3.7305315,6.184739
0.31001458,3.752866,6.398158
