NVMe_from_ceph,NVMe_from_transfer,NVMe_total_util,num_workers,Goodput
0.6354515000000001,0.6714176,1.916754,54,0.8726438
0.16078685,0.74080634,2.0305262,54,0.85328543
0.59698397,0.74682045,2.0595114,54,0.8628189
0.6507043,0.7408802,2.0586848,54,0.8689809
