CPU,CPU_count,Goodput,Memory_total,Memory_used,NIC_speed,NVMe_from_ceph,NVMe_from_transfer,NVMe_total_util,Storage_count,network_throughput,num_workers
1.3857952650461285,16.0,190293.3333333333,34359738368.0,106483712.0,100000000000.0,162802.00066688895,1416049.6165388464,0.013737912637918502,8.0,993407.2024008003,50.0
2.0868233570463053,16.0,673452578.1333334,34359738368.0,106483712.0,100000000000.0,25692520.673813168,489674495.50569284,1.1209800918823585,8.0,454172997.2701245,50.0
2.83278819843684,16.0,834875746.4169055,34359738368.0,577437696.0,100000000000.0,134263276.4167946,748894857.2191442,2.2870302383029837,8.0,776164879.3137975,50.0
2.865242563375989,16.0,840109016.3344223,34359738368.0,564617216.0,100000000000.0,134255688.0282159,784414392.2273242,2.5042257270223494,8.0,791793368.2704465,50.0
2.9856408201690483,16.0,714065988.2666667,34359738368.0,564617216.0,100000000000.0,134199327.32251383,770720955.3195752,2.5577372604092568,8.0,779348503.10559,50.0
3.1023265115522367,16.0,853716445.8666666,34359738368.0,564617216.0,100000000000.0,112469754.2830478,903490879.8080127,2.801613225781191,8.0,894757868.7420839,50.0
2.730982065484692,16.0,699775325.911606,34359738368.0,568692736.0,100000000000.0,19946119.074604973,647406949.2632842,1.9767317821152528,8.0,666726157.343823,50.0
2.9913333333718284,16.0,816577565.9710647,34359738368.0,565792768.0,100000000000.0,19922944.0,848272861.8666667,2.348866666669104,8.0,858043978.0666667,50.0
2.6296666001073885,16.0,821397425.7716153,34359738368.0,565792768.0,100000000000.0,19905682.305184003,654385540.6934185,2.0453184268307734,8.0,657682742.3304719,50.0
