CPU,CPU_count,Goodput,Memory_total,Memory_used,NIC_speed,NVMe_from_ceph,NVMe_from_transfer,NVMe_total_util,Storage_count,network_throughput,num_workers
1.1640000000285606,16.0,0.0,34359738368.0,117047296.0,100000000000.0,0.0,1738888.5333333334,0.015066666670221215,8.0,394901.93333333335,80.0
6.296000000058363,16.0,931264563.4993309,34359738368.0,576401408.0,100000000000.0,54458231.46666667,780415249.0666667,1.8977333333304462,8.0,757191659.0666667,80.0
4.190000000006209,16.0,842918877.8666666,34359738368.0,576401408.0,100000000000.0,134147822.93333334,679043618.1333333,2.0891333333352424,8.0,695348203.0666667,80.0
3.198320111944108,16.0,795833685.3333335,34359738368.0,576401408.0,100000000000.0,134143249.11672553,890837267.9154724,2.744617025529117,8.0,884744179.5880275,80.0
3.018000000032286,16.0,862570950.9594884,34359738368.0,576520192.0,100000000000.0,134217728.0,774826939.7333333,2.4948666666673183,8.0,797527386.6666666,80.0
3.0030002000009164,16.0,701321092.2430469,34359738368.0,576520192.0,100000000000.0,88090625.77505167,822949182.2121474,2.543236215748244,8.0,821562051.470098,80.0
2.5543630424365182,16.0,668554880.7253816,34359738368.0,578609152.0,100000000000.0,19921615.89227385,613507677.6214919,1.9137390840600073,8.0,616944806.5462303,80.0
2.9109940662661176,16.0,825162410.6666665,34359738368.0,580280320.0,100000000000.0,19928641.642776184,808267320.221348,2.417894526301971,8.0,816494582.1721448,80.0
2.691333333340784,16.0,629351348.8434104,34359738368.0,580280320.0,100000000000.0,19922944.0,648814318.9333334,2.0238000000012106,8.0,656901666.2666667,80.0
