CPU,CPU_count,Goodput,Memory_total,Memory_used,NIC_speed,NVMe_from_ceph,NVMe_from_transfer,NVMe_total_util,Storage_count,network_throughput,num_workers
1.1411239250629701,16.0,0.0,34359738368.0,109694976.0,100000000000.0,0.0,1590234.2510499298,0.013399106730160587,8.0,636292.8471435237,30.0
1.575571704789012,16.0,712488686.9333334,34359738368.0,109694976.0,100000000000.0,12654752.983532235,225245591.30608708,0.4800986732410643,8.0,223316747.78318554,30.0
3.0286666667088866,16.0,810183338.6666667,34359738368.0,566628352.0,100000000000.0,134217728.0,991472844.8,2.5938666666702677,8.0,978502139.5333333,30.0
2.7976801546228303,16.0,935563000.2000134,34359738368.0,566628352.0,100000000000.0,134210965.13565761,718354191.8538765,2.3263115792278652,8.0,744503224.1850543,30.0
2.9283285551861007,16.0,783845857.352353,34359738368.0,568430592.0,100000000000.0,134226676.44509634,893049522.7681845,2.4420961397417336,8.0,895616890.3926928,30.0
2.856000000052154,16.0,676767662.8883852,34359738368.0,568430592.0,100000000000.0,123456716.8,847277806.9333334,2.284799999999814,8.0,837382803.2666667,30.0
2.60333333335196,16.0,794398461.9692022,34359738368.0,568287232.0,100000000000.0,19922944.0,712007133.8666667,2.069133333332138,8.0,726421467.6666666,30.0
2.4979999999515714,16.0,731139003.9335954,34359738368.0,568287232.0,100000000000.0,19927313.066666666,652656366.9333334,1.7488666666691035,8.0,659309748.0666667,30.0
2.7920000000546374,16.0,851276595.2,34359738368.0,564150272.0,100000000000.0,19922944.0,869443174.3999999,2.1115999999960575,8.0,861978831.5333333,30.0
