CPU,CPU_count,Goodput,Memory_total,Memory_used,NIC_speed,NVMe_from_ceph,NVMe_from_transfer,NVMe_total_util,Storage_count,network_throughput,num_workers
1.1395426362440468,16.0,0.0,34359738368.0,106188800.0,100000000000.0,0.0,1415671.9781318754,0.011800786718850714,8.0,281831.85545703047,50.0
1.6959999999652309,16.0,716903389.8666667,34359738368.0,106188800.0,100000000000.0,15100586.666666668,355748522.6666667,0.5418666666664649,8.0,350659588.1333333,50.0
2.828666666646799,16.0,823877905.0666667,34359738368.0,562978816.0,100000000000.0,134217728.0,848578150.4000001,2.2839999999986804,8.0,818251214.0666667,50.0
2.670355309633606,16.0,644213930.6666667,34359738368.0,562978816.0,100000000000.0,134420666.3555763,762172736.2175854,2.1222585160976695,8.0,790042514.6323578,50.0
2.7125058298751448,16.0,980322167.4666667,34359738368.0,563875840.0,100000000000.0,133997519.35505362,716014858.285029,2.3929642214727664,8.0,736848736.8245718,50.0
3.2648432288204554,16.0,866654197.2131475,34359738368.0,565178368.0,100000000000.0,121300621.74783187,1012397581.3208807,2.8833222148053537,8.0,1006575871.114076,50.0
2.8566666666728753,16.0,1001228577.294847,34359738368.0,565178368.0,100000000000.0,19922944.0,824064136.5333332,2.589533333334839,8.0,837873286.5333333,50.0
3.289647356863985,16.0,1011443421.0280684,34359738368.0,565178368.0,100000000000.0,19925984.667688824,1026454978.734751,2.856076261581413,8.0,1033914357.4428372,50.0
3.1510100672769723,16.0,980992000.0000001,34359738368.0,566910976.0,100000000000.0,19924272.284818985,1000291044.4696312,2.7364490966060675,8.0,995788482.7655177,50.0
