NVMe_from_ceph,NVMe_from_transfer,NVMe_total_util
0.045461204,0.89164877,2.2287126
0.22042814,1.0765796,2.7460046
0.18754147,0.9206571,2.3087294
0.34239846,0.9434432,2.4189878
