NVMe_from_ceph,NVMe_from_transfer,NVMe_total_util
0.6307686,4.1983814,6.3699803
0.6070837,2.8726468,5.5190625
0.32294285,3.2146473,5.655981
0.3039576,3.4754233,5.8387704
