NVMe_from_ceph,NVMe_from_transfer,NVMe_total_util
0.75423396,3.6799486,5.981512
0.6060187,3.1162899,5.578492
0.44420815,3.2523987,5.6976447
0.3053905,3.5188506,5.9353323
