NVMe_from_ceph,NVMe_from_transfer,NVMe_total_util
0.76840466,3.1993973,5.354321
0.7227826,3.4750097,5.63878
0.032764055,3.5385475,5.690564
0.20026958,3.4435704,5.6299133
