CPU,CPU_count,Goodput,Memory_total,Memory_used,NIC_speed,NVMe_from_ceph,NVMe_from_transfer,NVMe_total_util,Storage_count,network_throughput,num_workers
1.253550236655125,16.0,0.0,34359738368.0,63496192.0,100000000000.0,0.0,1503059.137275818,0.012334155610218795,8.0,660968.3978931928,8.0
3.6416238918100845,16.0,361745460.3640243,34359738368.0,63496192.0,100000000000.0,1440020461.5692286,598483185.9209386,4.145190320651158,8.0,598802444.5036998,8.0
4.058666666628172,16.0,643954765.6822879,34359738368.0,519553024.0,100000000000.0,2084708898.1333332,637138807.4666666,5.558466666665238,8.0,645335369.1333333,8.0
4.011999999949088,16.0,645185199.0132676,34359738368.0,519553024.0,100000000000.0,2094569881.6000001,629772561.0666666,5.566133333331285,8.0,632574313.9333333,8.0
3.8297219814468035,16.0,542733788.9474036,34359738368.0,519553024.0,100000000000.0,2177128728.0485363,379736803.7869191,5.493766251084243,8.0,383261352.0901393,8.0
3.041663889112553,16.0,356006923.1282085,34359738368.0,519962624.0,100000000000.0,1074583320.0453303,531274217.9854677,3.5451636557512236,8.0,533893646.8235451,8.0
2.7776518434823094,16.0,580320548.230118,34359738368.0,519806976.0,100000000000.0,605068689.9126608,554153927.061804,2.767517834526803,8.0,554840822.6548437,8.0
2.930666666633139,16.0,646759021.2680845,34359738368.0,519806976.0,100000000000.0,605032721.0666666,612899225.5999999,2.853799999998106,8.0,619207519.8666667,8.0
2.564000000028561,16.0,413441245.78361446,34359738368.0,519806976.0,100000000000.0,605447782.4000001,455461546.6666667,2.4873999999991305,8.0,458177103.4,8.0
