CPU,CPU_count,Goodput,Memory_total,Memory_used,NIC_speed,NVMe_from_ceph,NVMe_from_transfer,NVMe_total_util,Storage_count,network_throughput,num_workers
2.061604106889547,16.0,0.0,34359738368.0,51359744.0,100000000000.0,2184.678978598573,1415671.9781318754,0.012467497833545909,8.0,2259171298.75325,90.0
1.460666666707645,16.0,414830865.0666667,34359738368.0,523001856.0,100000000000.0,0.0,187326190.93333334,0.2654000000019247,8.0,151858606.33333334,90.0
3.187333333337059,16.0,1053749794.1333334,34359738368.0,523001856.0,100000000000.0,125623773.86666667,1076191232.0,2.628933333331952,8.0,1096568537.4666667,90.0
3.289333333323399,16.0,947278863.6091328,34359738368.0,523001856.0,100000000000.0,134217728.0,966718532.2666667,2.955933333331874,8.0,974926088.8,90.0
2.9926666666443156,16.0,812130147.2925152,34359738368.0,512913408.0,100000000000.0,134222097.06666666,832626961.0666666,2.6647333333346372,8.0,839848913.4666667,90.0
2.5160000000459455,16.0,494883089.06666666,34359738368.0,512913408.0,100000000000.0,134112870.4,548899498.6666666,1.928266666662724,8.0,551515149.8,90.0
2.9259999999776483,16.0,840803396.2666667,34359738368.0,515330048.0,100000000000.0,27372202.666666668,800241254.4000001,2.462133333339201,8.0,799105702.7333333,90.0
3.1659999999838573,16.0,932451669.3333334,34359738368.0,515330048.0,100000000000.0,19922944.0,878941798.4,2.6789999999959644,8.0,887641017.9333333,90.0
2.9919999999925495,16.0,679091916.8000001,34359738368.0,512544768.0,100000000000.0,19927313.066666666,847788987.7333333,2.454266666667536,8.0,851542722.6,90.0
