NVMe_from_ceph,NVMe_from_transfer,NVMe_total_util,num_workers,Goodput
1.3390498,0.60443234,1.9621373,54,0.8409028
0.14205453,0.77606446,2.308908,54,0.86263
0.06426849,0.7823691999999999,2.2940187,54,0.89296985
0.19543946,0.6481216999999999,1.93521,54,0.8088041
