NVMe_from_ceph,NVMe_from_transfer,NVMe_total_util,num_workers,Goodput
0.5932960999999999,3.6702993,6.037652,53,3.8492215
0.66514176,3.4791064,5.9720244000000005,53,3.1588664
0.8500897,3.0520916,5.8413687,53,3.4396694
0.5267143,3.1058953,5.7293687,53,3.6609657
