NVMe_from_ceph,NVMe_from_transfer,NVMe_total_util,num_workers,Goodput
1.0909926,3.6861339,6.190845,52,3.7434576
0.2766675,3.4995599000000004,6.0301532999999985,52,3.7224102
0.1463904,3.3736458,5.880883,52,3.5132022
0.32932356,3.2224746,5.6934223,52,3.508232
