NVMe_from_ceph,NVMe_from_transfer,NVMe_total_util
0.6670999,3.2170706,5.3967004
1.2047598,3.7621012,6.033857
1.3616724,3.2959018,5.6813583
1.4060316,3.4362679,5.829841
