NVMe_from_ceph,NVMe_from_transfer,NVMe_total_util,num_workers,Goodput
0.6670999,3.2170706,5.3967004,52,3.2644398
1.2047598,3.7621012,6.033857,52,4.18981
1.3616723999999998,3.2959018,5.6813583,52,3.440201
1.4060316000000002,3.4362679,5.829841,52,3.379671
