NVMe_from_ceph,NVMe_from_transfer,NVMe_total_util,num_workers,Goodput
0.65917724,0.0016262643,0.16566744,52,0.24313626
0.7616576,0.0015758728,0.16665536,52,0.22986278
1.1669252,0.001481717,0.17628382,52,0.22324497
1.0902982,0.0015259453,0.17650901,52,0.22324497
