NVMe_from_ceph,NVMe_from_transfer,NVMe_total_util
0.65917724,0.0016262643,0.16566744
0.7616576,0.0015758728,0.16665536
1.1669252,0.001481717,0.17628382
1.0902982,0.0015259453,0.17650901
