NVMe_from_ceph,NVMe_from_transfer,NVMe_total_util
0.30551517,2.5772238,4.820272
-0.005087189,2.196974,3.9407215
-0.116295,2.3000026,3.9548662
-0.033215523,2.234349,3.8265045
