NVMe_from_ceph,NVMe_from_transfer,NVMe_total_util,num_workers,Goodput
0.30551517,2.5772238,4.820272,52,3.0957534
-0.005087189000000001,2.196974,3.9407215,52,2.5291183
-0.116295,2.3000026,3.954866200000001,52,2.5447767
-0.033215523,2.2343490000000004,3.8265045,52,2.2631745
