NVMe_from_ceph,NVMe_from_transfer,NVMe_total_util,num_workers,Goodput
0.79389715,0.8539089,2.47592,54,0.95758414
0.17584896,0.8988767,2.546201700000001,54,0.95393384
0.21979758,0.9388735,2.6432004,54,0.95717394
0.18543270000000006,0.9716969,2.7063897,54,0.99723554
