NVMe_from_ceph,NVMe_from_transfer,NVMe_total_util
0.79389715,0.8539089,2.47592
0.17584896,0.8988767,2.5462017
0.21979758,0.9388735,2.6432004
0.1854327,0.9716969,2.7063897
