NVMe_from_ceph,NVMe_from_transfer,NVMe_total_util,num_workers,Goodput
0.4622811,0.90086776,2.250694,54,0.9247307
-0.039910477,0.8622351,2.1295362,54,0.8835998
0.039455656,0.9170407,2.2324553,54,0.82994735
0.1131767,0.91039306,2.2248213,54,0.8238701
