NVMe_from_ceph,NVMe_from_transfer,NVMe_total_util,num_workers,Goodput
0.34236518,3.2665582000000004,6.044447,68,3.802257
0.011943634,3.2570784,6.055146,68,3.6037889
0.00879081,3.6235356,6.4183335,68,3.2330794
0.07330949,3.4261243,6.2463293,68,3.1816475
