NVMe_from_ceph,NVMe_from_transfer,NVMe_total_util
0.5157612,3.6285765,6.2174077
0.51292413,3.5239158,6.107854
0.6274969,3.2237933,5.821581
0.38438767,3.4956088,6.0861397
