NVMe_from_ceph,NVMe_from_transfer,NVMe_total_util,num_workers,Goodput
0.5157612,3.6285765,6.217407700000001,54,3.8693442
0.51292413,3.5239158,6.107854,54,3.65986
0.6274969,3.2237933,5.821581,54,3.6658196
0.38438767,3.4956087999999994,6.0861397,54,3.6169338
