NVMe_from_ceph,NVMe_from_transfer,NVMe_total_util,num_workers,Goodput
0.74023217,3.5393384,5.899899,57,3.50267
0.37013173,3.5497072,5.828215599999999,57,3.520778
0.3148217,3.517646,5.876945,57,3.6274567
0.34938794,3.5627367,5.873963400000001,57,3.5519333
