NVMe_from_ceph,NVMe_from_transfer,NVMe_total_util,num_workers,Goodput
0.071665585,0.76228875,2.1674538,54,0.88849306
0.18483053,0.8177523,2.309618,54,0.90240145
0.09293948,0.74741316,2.0964096000000003,54,0.8919235
0.2117043,0.7936614000000001,2.2140079,54,0.95414466
