NVMe_from_ceph,NVMe_from_transfer,NVMe_total_util,num_workers,Goodput
1.2614913,2.2714553,4.961629,85,2.2395136
1.4008855,2.7511442,5.4566708,85,3.241557
1.4642302,3.328259,6.0994897,85,3.4322093
1.4930103,3.15466,5.808986,85,3.6636462
