NVMe_from_ceph,NVMe_from_transfer,NVMe_total_util
0.40884086,3.7909966,6.071537
0.4117434,4.0606647,6.2049313
0.3801793,4.081845,6.2036653
0.41934302,3.7749596,6.0413766
