NVMe_from_ceph,NVMe_from_transfer,NVMe_total_util,num_workers,Goodput
0.40884086,3.7909966,6.071537,85,3.4114819
0.4117434,4.0606647,6.204931299999998,85,3.6797287
0.3801793,4.081845,6.2036653,85,3.7183518
0.41934302,3.7749596,6.0413766,85,3.5020719
