NVMe_from_ceph,NVMe_from_transfer,NVMe_total_util,num_workers,Goodput
0.67410064,4.865518,6.861456,85,3.525569
0.46731442,4.620039,6.7459702,85,4.5559273
0.31117472,3.854368,6.2202187,85,3.8075528
0.3665231,3.2879953,5.85265,85,3.6360283
