CPU,CPU_count,Goodput,Memory_total,Memory_used,NIC_speed,NVMe_from_ceph,NVMe_from_transfer,NVMe_total_util,Storage_count,network_throughput,num_workers
1.2626666666939856,16.0,37685.71238082538,34359738368.0,58855424.0,100000000000.0,5035349.333333333,1756364.8,0.028533333332355446,8.0,1155346.8,90.0
1.6726666666567325,16.0,428403097.59999996,34359738368.0,58855424.0,100000000000.0,0.0,320526745.59999996,0.5392666666671478,8.0,261044574.53333333,90.0
3.1833333333333336,16.0,987210444.8,34359738368.0,511508480.0,100000000000.0,133033710.93333334,907728213.3333331,2.6410000000013194,8.0,947394175.2666667,90.0
3.2519999999863405,16.0,896044592.8885337,34359738368.0,511508480.0,100000000000.0,134217728.0,918597085.8666668,2.953933333333892,8.0,935622432.0,90.0
3.1773333333432676,16.0,913590901.0812975,34359738368.0,510210048.0,100000000000.0,134222097.06666666,907814775.4666667,2.8392000000011954,8.0,910309881.9333333,90.0
2.641620037307213,16.0,614930295.4666668,34359738368.0,509272064.0,100000000000.0,134250138.02291498,605244572.3421263,2.133892885690454,8.0,609171891.3535838,90.0
3.1094208699796466,16.0,904335360.0,34359738368.0,509272064.0,100000000000.0,20852761.142247133,906439498.265279,2.740392313851345,8.0,913636201.7614092,90.0
2.981333333346993,16.0,740027312.9161118,34359738368.0,510009344.0,100000000000.0,19922944.0,829434265.6,2.4339999999967405,8.0,841409492.0666667,90.0
2.75066666668281,16.0,772062673.2055283,34359738368.0,510009344.0,100000000000.0,19927313.066666666,746568362.6666667,2.180600000002111,8.0,738973173.3333334,90.0
