NVMe_from_ceph,NVMe_from_transfer,NVMe_total_util,num_workers,Goodput
0.0009602698,0.8119392,2.3879263,54,0.9417479
0.15298831,0.86741024,2.4118752,54,0.9883381
0.13504043,0.88956773,2.4743166000000003,54,0.9850259
0.18172175,0.8226921999999999,2.2971357999999995,54,0.91154224
