NVMe_from_ceph,NVMe_from_transfer,NVMe_total_util
0.0009602698,0.8119392,2.3879263
0.15298831,0.86741024,2.4118752
0.13504043,0.88956773,2.4743166
0.18172175,0.8226922,2.2971358
