NVMe_from_ceph,NVMe_from_transfer,NVMe_total_util,num_workers,Goodput
0.6577014,4.2125497,6.609314,85,4.1555467
0.19554977,3.6122348,6.001894999999998,85,3.5080369
0.15225959,3.5175261,5.967145,85,3.3552206
-0.12141829,3.9810305,6.3485246,85,2.9795744
