NVMe_from_ceph,NVMe_from_transfer,NVMe_total_util,num_workers,Goodput
0.727014,3.3643687000000004,5.750357,68,3.4973614
0.54814667,3.2690063,5.659994,68,3.7754834
0.47107828,4.120439,6.2580385000000005,68,3.6623073
0.4977128,3.800584,6.004721599999999,68,3.5783074
