NVMe_from_ceph,NVMe_from_transfer,NVMe_total_util
0.727014,3.3643687,5.750357
0.54814667,3.2690063,5.659994
0.47107828,4.120439,6.2580385
0.4977128,3.800584,6.0047216
