NVMe_from_ceph,NVMe_from_transfer,NVMe_total_util
1.4466361,1.5725933,4.593012
1.7404692,2.3941517,5.69287
1.6554799,2.685305,6.0193543
1.5841254,2.9492176,6.3391776
