NVMe_from_ceph,NVMe_from_transfer,NVMe_total_util,num_workers,Goodput
1.4466361,1.5725933,4.593012,54,1.538295
1.7404692,2.3941517000000005,5.69287,54,2.953062
1.6554799,2.685305,6.0193543,54,3.2547781
1.5841253999999998,2.9492176,6.3391776,54,3.4488568
