NVMe_from_ceph,NVMe_from_transfer,NVMe_total_util,num_workers,Goodput
0.37359682,1.0261056,2.495546,33,0.9590298
0.075303726,0.93349063,2.3801105,33,0.9080856
0.22279869,1.04804,2.506381,33,0.8600906
0.3644817,0.97323865,2.4233181,33,0.9903655
