NVMe_from_ceph,NVMe_from_transfer,NVMe_total_util,num_workers,Goodput
0.87302226,3.1524174,5.851006,85,3.6874294
0.9124625,3.8606157,6.391446,85,3.9068437
0.33534274,4.300559,6.671436999999999,85,4.21784
0.98443055,3.9789767,6.4685497000000005,85,4.1284046
