NVMe_from_ceph,NVMe_from_transfer,NVMe_total_util
0.87302226,3.1524174,5.851006
0.9124625,3.8606157,6.391446
0.33534274,4.300559,6.671437
0.98443055,3.9789767,6.4685497
