NVMe_from_ceph,NVMe_from_transfer,NVMe_total_util,num_workers,Goodput
0.64187264,3.4937296,5.9348583,66,3.7175078
0.5746054,3.524565,5.9505267,66,3.6819048
0.5669549,3.3986256,5.729189,66,3.575704
0.42394122,3.4962008,5.8993373,66,3.618482
