NVMe_from_ceph,NVMe_from_transfer,NVMe_total_util,num_workers,Goodput
0.6496893,3.817034,5.997793,68,3.5930622
0.5875961999999999,3.0435097,5.5321755,68,3.454008
0.6560794,3.6059017,5.9134665,68,3.7594392
0.47428513,3.4906664,5.824767,68,3.6904757
