CPU,CPU_count,Goodput,Memory_total,Memory_used,NIC_speed,NVMe_from_ceph,NVMe_from_transfer,NVMe_total_util,Storage_count,network_throughput,num_workers
1.2486666666343809,16.0,0.0,34359738368.0,111722496.0,100000000000.0,0.0,1668983.4666666668,0.015466666666907259,8.0,630901.3333333334,10.0
2.8220000000360113,16.0,71110554.75919351,34359738368.0,111722496.0,100000000000.0,111568486.39999999,971354658.1333334,2.20073333333324,8.0,959769273.2,10.0
3.060666666645557,16.0,1007226879.9999999,34359738368.0,574107648.0,100000000000.0,134219912.53333333,865160669.8666667,2.714933333332495,8.0,883887301.0,10.0
2.8,16.0,834088652.8000001,34359738368.0,574107648.0,100000000000.0,134217728.0,769025638.4,2.4937333333354523,8.0,768014579.7333333,10.0
3.0463302446466316,16.0,776960129.9624327,34359738368.0,568041472.0,100000000000.0,134213149.52336508,843437419.9053397,2.7146190253969564,8.0,856926107.3261783,10.0
2.723333333339542,16.0,840663594.6418173,34359738368.0,568041472.0,100000000000.0,39216742.4,812776925.8666667,2.132666666667986,8.0,815493722.1333333,10.0
2.763999999997516,16.0,744733354.6666666,34359738368.0,568365056.0,100000000000.0,19927313.066666666,764713915.7333333,2.265599999998813,8.0,760174673.6666666,10.0
2.7743182878933106,16.0,856553777.7185146,34359738368.0,568365056.0,100000000000.0,19924272.284818985,819961633.7089138,2.217881192078719,8.0,834613048.7365824,10.0
2.9113333333283666,16.0,815423227.7848145,34359738368.0,569200640.0,100000000000.0,19927313.066666666,894643950.9333334,2.266733333332619,8.0,887312818.0666667,10.0
