CPU,CPU_count,Goodput,Memory_total,Memory_used,NIC_speed,NVMe_from_ceph,NVMe_from_transfer,NVMe_total_util,Storage_count,network_throughput,num_workers
1.2393333332923553,16.0,0.0,34359738368.0,99991552.0,100000000000.0,0.0,1590340.2666666668,0.013333333339930203,8.0,957621.5333333333,8.0
1.474898326547653,16.0,503726043.3029715,34359738368.0,554811392.0,100000000000.0,279638.90926061734,132857428.89525966,0.38249216613816933,8.0,125679065.27101806,8.0
2.571333333353202,16.0,649994786.1333332,34359738368.0,554811392.0,100000000000.0,134217728.0,626449885.8666667,1.9300000000007762,8.0,629526549.2666667,8.0
2.530666666664183,16.0,634355302.4000001,34359738368.0,557215744.0,100000000000.0,134219912.53333333,640496708.2666667,1.9132666666662164,8.0,641236403.6666666,8.0
2.6386666666716336,16.0,697284744.5333333,34359738368.0,557215744.0,100000000000.0,134217728.0,673793911.4666667,2.0236666666693055,8.0,688777719.4,8.0
2.5276981534974112,16.0,521591876.26666665,34359738368.0,556609536.0,100000000000.0,134003448.30344643,602411534.164389,1.8496100259991826,8.0,626251077.861476,8.0
3.0456697112793156,16.0,534353237.3333333,34359738368.0,556609536.0,100000000000.0,19924272.284818985,614671446.3630908,1.6483098873237572,8.0,834971180.3453563,8.0
2.2277181521331246,16.0,429579810.1333333,34359738368.0,556142592.0,100000000000.0,19923800.279981337,436247618.6920872,1.251516565562622,8.0,488226486.3675755,8.0
1.969597973185795,16.0,447168238.93333334,34359738368.0,556142592.0,100000000000.0,19924272.284818985,379152129.07527167,1.036202413493348,8.0,382440990.7327155,8.0
