NVMe_from_ceph,NVMe_from_transfer,NVMe_total_util
1.2563378,0.6044121,1.900578
0.05886194,0.811308,2.211059
-0.067152455,0.8796382,2.4064155
0.07306213,0.9699322,2.702937
