NVMe_from_ceph,NVMe_from_transfer,NVMe_total_util
0.9493376,3.8310356,6.507866
0.038517144,3.4890685,5.8195586
-0.031389575,2.871452,4.9850464
0.12769899,2.2068195,4.2630715
