CPU,CPU_count,Goodput,Memory_total,Memory_used,NIC_speed,NVMe_from_ceph,NVMe_from_transfer,NVMe_total_util,Storage_count,network_throughput,num_workers
1.1919999999615056,16.0,0.0,34359738368.0,60739584.0,100000000000.0,0.0,1826269.8666666667,0.015533333326069019,8.0,493573.93333333335,100.0
1.8093333333420256,16.0,119245240.34935662,34359738368.0,60739584.0,100000000000.0,37261585.06666666,376282043.73333335,0.5840666666665735,8.0,370295311.46666664,100.0
3.5694009462412297,16.0,927029022.5984933,34359738368.0,524570624.0,100000000000.0,134224994.73578998,1176879030.852269,3.1219430932247763,8.0,1174854251.7491837,100.0
3.2564530113046932,16.0,941826406.5604372,34359738368.0,524570624.0,100000000000.0,134354700.99379712,965503393.8504634,2.765157073292053,8.0,963554881.4113252,100.0
2.9900000001303857,16.0,979100908.7275151,34359738368.0,524296192.0,100000000000.0,134077917.86666667,778462822.3999999,2.558533333338952,8.0,791507677.4,100.0
3.4383041130789955,16.0,796817368.3789192,34359738368.0,524296192.0,100000000000.0,102478364.90900607,981463691.2205853,2.9231384574384993,8.0,985466409.9726685,100.0
3.182345489590031,16.0,958695594.6666669,34359738368.0,520765440.0,100000000000.0,19924272.284818985,938141023.8015869,2.587439162607519,8.0,952870430.4953663,100.0
3.4966666667411728,16.0,1029411908.2666667,34359738368.0,520765440.0,100000000000.0,19927313.066666666,1087182984.5333333,3.1066000000069227,8.0,1083772271.2666667,100.0
2.53799999995778,16.0,831583576.961403,34359738368.0,524173312.0,100000000000.0,19922944.0,586898090.6666666,1.7956666666587504,8.0,594598752.4,100.0
