NVMe_from_ceph,NVMe_from_transfer,NVMe_total_util
1.2310908,3.565761,6.1673827
0.34680232,3.5273314,6.1323137
0.43710467,3.0436382,5.6362586
0.14849849,3.3973484,5.933412
