NVMe_from_ceph,NVMe_from_transfer,NVMe_total_util,num_workers,Goodput
1.2310908,3.565761,6.1673827,65,4.1368647
0.34680232,3.5273314,6.1323137,65,3.6306129
0.43710467,3.0436382,5.6362586,65,3.4872901
0.14849849,3.3973484,5.9334120000000015,65,3.4404252
