NVMe_from_ceph,NVMe_from_transfer,NVMe_total_util
1.5215327,3.34713,5.6990504
0.08162197,3.6733987,5.8674345
0.050030842,3.6955645,5.8727307
-0.11464103,3.7396924,5.8830175
