NVMe_from_ceph,NVMe_from_transfer,NVMe_total_util,num_workers,Goodput
1.5215326999999998,3.3471300000000004,5.6990504,46,3.240175
0.08162197,3.6733987,5.8674345,46,3.3158545
0.050030842,3.6955645,5.8727307,46,3.3028266
-0.11464103,3.7396924,5.8830175,46,3.3288326
