NVMe_from_ceph,NVMe_from_transfer,NVMe_total_util
0.61126804,3.8193598,6.0852942
0.6721513,3.397377,5.8592763
0.5703595,3.4775567,5.9180098
0.652892,3.3857098,5.892844
