NVMe_from_ceph,NVMe_from_transfer,NVMe_total_util,num_workers,Goodput
0.61126804,3.8193598,6.0852942,66,3.5375645
0.6721513000000001,3.397377,5.8592763,66,3.5901089
0.5703595,3.4775567,5.9180098,66,3.6533706
0.652892,3.3857098,5.892844,66,3.5688577
