NVMe_from_ceph,NVMe_from_transfer,NVMe_total_util
1.2981032,0.7193325,2.1068497
0.15960717,0.7264187,1.9804568
0.081220806,0.8421717,2.3722324
0.10821593,0.71647364,2.017645
