NVMe_from_ceph,NVMe_from_transfer,NVMe_total_util,num_workers,Goodput
1.2981032,0.7193324999999999,2.1068497,54,0.8564151
0.15960717,0.7264187,1.9804568,54,0.8579363
0.08122080599999999,0.8421716999999999,2.3722324,54,0.95630693
0.10821593,0.71647364,2.017645,54,0.8088392
