CPU,CPU_count,Goodput,Memory_total,Memory_used,NIC_speed,NVMe_from_ceph,NVMe_from_transfer,NVMe_total_util,Storage_count,network_throughput,num_workers
3.8286666666467983,16.0,88302.93333333333,34359738368.0,575594496.0,100000000000.0,1092.2666666666667,1599078.4000000001,0.01413333333330229,8.0,3804329.8,60.0
3.011333333359411,16.0,266603997.86666664,34359738368.0,572592128.0,100000000000.0,92624213.33333333,950159496.5333334,2.3575333333302604,8.0,931094996.0666667,60.0
2.940666666689018,16.0,941094943.5370975,34359738368.0,591167488.0,100000000000.0,134289817.6,822025966.9333334,2.3913333333369033,8.0,835593188.0666667,60.0
3.056666666672875,16.0,725763191.6794453,34359738368.0,591167488.0,100000000000.0,134147822.93333334,827666432.0,2.593733333332542,8.0,839230580.3333334,60.0
3.28799999995778,16.0,923031797.8801414,34359738368.0,592678912.0,100000000000.0,134222097.06666666,941509836.8,2.9296666666651925,8.0,933837986.0,60.0
2.6479999999826154,16.0,886867700.5133675,34359738368.0,592678912.0,100000000000.0,55364812.800000004,650234538.6666667,2.1651333333342335,8.0,663898284.4,60.0
2.96466666671137,16.0,736254765.0193526,34359738368.0,591319040.0,100000000000.0,19927313.066666666,833750084.2666667,2.5257333333312997,8.0,846020708.8666667,60.0
2.754000000003725,16.0,752528371.9707549,34359738368.0,591319040.0,100000000000.0,19922944.0,789723545.6000001,2.1349333333336595,8.0,800040804.7333333,60.0
2.9933333332960803,16.0,840772159.7226852,34359738368.0,591319040.0,100000000000.0,19927313.066666666,900931584.0000001,2.356266666665518,8.0,892513904.5333333,60.0
