CPU,CPU_count,Goodput,Memory_total,Memory_used,NIC_speed,NVMe_from_ceph,NVMe_from_transfer,NVMe_total_util,Storage_count,network_throughput,num_workers
1.4410393071471943,16.0,0.0,34359738368.0,107388928.0,100000000000.0,0.0,1501957.6282478345,0.01232511658878559,8.0,626793.6708860759,30.0
3.0400266844190265,16.0,77883225.28168544,34359738368.0,107388928.0,100000000000.0,55755877.78519013,507433738.75917274,1.2416944629741828,8.0,498280436.42428285,30.0
3.4696979798529064,16.0,801387315.2,34359738368.0,566255616.0,100000000000.0,134226676.44509634,833608230.9487299,2.1696779785303035,8.0,829919334.7556504,30.0
2.901673221724372,16.0,829813564.429038,34359738368.0,566255616.0,100000000000.0,134213149.52336508,886922845.1436571,2.355842943807394,8.0,914407992.0671955,30.0
3.064000000059605,16.0,1029138295.4666666,34359738368.0,564330496.0,100000000000.0,134217728.0,971269734.4000001,2.622999999996197,8.0,971181962.1333333,30.0
3.073333333308498,16.0,1000009508.3277816,34359738368.0,567590912.0,100000000000.0,86826461.86666666,956532872.5333333,2.6054666666682653,8.0,969002350.0,30.0
2.686000000033528,16.0,713688515.5436958,34359738368.0,567590912.0,100000000000.0,19853038.933333334,777501354.6666667,1.8885333333339078,8.0,781540056.0666667,30.0
2.9986666666964688,16.0,1026058001.0666665,34359738368.0,567320576.0,100000000000.0,19997218.133333333,960347340.8000001,2.344399999995949,8.0,952643918.9333333,30.0
2.6916461097021527,16.0,871417104.6069738,34359738368.0,567320576.0,100000000000.0,19854362.557503834,825528468.8312553,1.9965331022085058,8.0,846110427.6285086,30.0
