NVMe_from_ceph,NVMe_from_transfer,NVMe_total_util,num_workers,Goodput
1.2371413,3.3659892,5.8753057,54,3.7867732
0.20844513,3.488907,5.910695,54,3.529498
-0.09548015,3.657942,6.0466127,54,3.3298187
0.09058116,3.6063545,5.999642400000001,54,3.600849
