NVMe_from_ceph,NVMe_from_transfer,NVMe_total_util
0.610559,3.5883389,5.8898573
0.6272962,3.5620282,5.8917274
0.7515208,3.1927183,5.6966105
0.68056124,3.0429711,5.5793486
