NVMe_from_ceph,NVMe_from_transfer,NVMe_total_util,num_workers,Goodput
0.610559,3.5883389,5.8898573,57,3.787437
0.6272962,3.5620282,5.8917274000000015,57,3.5821745
0.7515208000000001,3.1927183,5.6966105,57,3.3572295
0.68056124,3.0429711,5.5793485999999985,57,3.350858
