NVMe_from_ceph,NVMe_from_transfer,NVMe_total_util,num_workers,Goodput
0.461174,3.624814,6.18468,53,3.888512
0.062019367,3.913422,6.3135843000000005,53,3.2776656
0.43294212,3.5675778,6.070762,53,3.6415024
0.21648131,3.8699253,6.246914,53,4.108821
