NVMe_from_ceph,NVMe_from_transfer,NVMe_total_util,num_workers,Goodput
1.4210912,0.7218595999999999,2.3776207,54,1.0070393
0.04919603,0.79702556,2.5403740000000004,54,1.0091896
0.076869555,0.7698581999999999,2.4707425,54,0.90890014
0.12780312,0.80555165,2.5794356,54,0.95036507
