NVMe_from_ceph,NVMe_from_transfer,NVMe_total_util
1.4210912,0.7218596,2.3776207
0.04919603,0.79702556,2.540374
0.076869555,0.7698582,2.4707425
0.12780312,0.80555165,2.5794356
