NVMe_from_ceph,NVMe_from_transfer,NVMe_total_util
0.7617481,1.0504743,2.5863698
0.3435492,0.90998065,2.4387379
0.414324,0.88757086,2.405705
0.31366137,0.89074916,2.3973172
