NVMe_from_ceph,NVMe_from_transfer,NVMe_total_util,num_workers,Goodput
0.7617480999999999,1.0504743,2.5863697999999995,33,1.0490997
0.3435492,0.90998065,2.4387379,33,0.9117763
0.414324,0.88757086,2.405705,33,0.8994237
0.31366137,0.89074916,2.3973172000000003,33,0.91011983
