NVMe_from_ceph,NVMe_from_transfer,NVMe_total_util
1.1483518,2.2463288,5.350021
1.3469099,2.2497752,5.3073936
1.2479784,2.49221,5.6244993
1.4219625,2.5231626,5.742067
