NVMe_from_ceph,NVMe_from_transfer,NVMe_total_util,num_workers,Goodput
1.1483518,2.2463288,5.350021,68,2.4998462
1.3469098999999998,2.2497752,5.307393599999998,68,2.497494
1.2479784,2.49221,5.624499299999999,68,3.2503417
1.4219625,2.5231626,5.742067,68,3.192881
