NVMe_from_ceph,NVMe_from_transfer,NVMe_total_util,num_workers,Goodput
0.71902966,3.2127755,5.8880677000000015,54,3.5818691
0.69319063,3.228656,5.8684797,54,3.6037579
0.61401623,2.7328238,5.4503965,54,3.054878
0.62663305,2.8987677000000005,5.550085,54,3.2905364
