NVMe_from_ceph,NVMe_from_transfer,NVMe_total_util,num_workers,Goodput
0.8521668,3.8418624,6.1511602,52,3.5358279
0.5215733,3.7443953,6.1222315,52,3.801113
0.23709689,3.74876,6.1009583,52,3.7746356
-0.12853448,4.0612216,6.2620830000000005,52,2.897844
