NVMe_from_ceph,NVMe_from_transfer,NVMe_total_util,num_workers,Goodput
0.41011837,4.4938684,6.8046446,85,4.374156
-0.20019627,4.285627,6.624021000000001,85,3.3452501
-0.17595549,4.7021604,6.9269047000000015,85,3.6647089
0.04183948,4.411871,6.6855660000000015,85,3.6140835
