NVMe_from_ceph,NVMe_from_transfer,NVMe_total_util,num_workers,Goodput
0.5794169,2.9262154,5.337526,53,3.2668173
1.181712,3.5763764,5.9828777,53,3.7389426
1.3180329,3.620533,5.9736395,53,3.7219808
1.2935021999999998,3.6661665,6.2510033,53,4.174267
