NVMe_from_ceph,NVMe_from_transfer,NVMe_total_util,num_workers,Goodput
0.61209786,4.007788,6.3988724,68,3.9440494
0.5740900999999999,3.4737735,5.8741474,68,3.6027966
0.60349035,3.2432222,5.815185,68,3.7347658
0.6108331,3.3571548,5.9899559999999985,68,3.6753278
