NVMe_from_ceph,NVMe_from_transfer,NVMe_total_util,num_workers,Goodput
1.355139,0.8292765999999999,2.4362934,54,0.947652
0.32379475,0.7583313,2.226076,54,0.87053263
0.13363834,0.8828146000000001,2.4433968,54,0.975978
0.0865717,0.9426252,2.6838627,54,0.97693694
