CPU,CPU_count,Goodput,Memory_total,Memory_used,NIC_speed,NVMe_from_ceph,NVMe_from_transfer,NVMe_total_util,Storage_count,network_throughput,num_workers
1.1971201919996175,16.0,0.0,34359738368.0,95105024.0,100000000000.0,0.0,1415483.2344510367,0.012065862272728553,8.0,987537.0975268316,40.0
2.081333333284905,16.0,6934717.247816521,34359738368.0,550227968.0,100000000000.0,45927628.80000001,509933704.5333334,1.186933333335522,8.0,505916214.2,40.0
2.65866666669026,16.0,763490860.2723209,34359738368.0,550227968.0,100000000000.0,134217728.0,695307741.8666666,2.261533333330105,8.0,703481137.1333333,40.0
3.157010467324752,16.0,989240438.1499455,34359738368.0,552103936.0,100000000000.0,134298770.8513901,1019837367.2911528,2.8415227681861754,8.0,1018224707.3138208,40.0
3.0686666666530074,16.0,1026068342.1105261,34359738368.0,552103936.0,100000000000.0,134217728.0,981553151.9999999,2.7009333333330385,8.0,978829550.6666666,40.0
2.28638090803508,16.0,771847441.0666666,34359738368.0,549879808.0,100000000000.0,95068921.80521299,612866286.7808814,1.6480234651029164,8.0,629393088.060796,40.0
2.8629908659459717,16.0,718628576.3050871,34359738368.0,549879808.0,100000000000.0,19924272.284818985,837487128.4752316,2.385159010598378,8.0,827573834.6556437,40.0
2.8160000000459458,16.0,834355643.7333333,34359738368.0,550129664.0,100000000000.0,19927313.066666666,836038382.9333333,2.327133333333768,8.0,840152039.0,40.0
2.916666666666667,16.0,882477616.1589227,34359738368.0,550129664.0,100000000000.0,19922944.0,876016981.3333333,2.191933333334358,8.0,904175651.3333334,40.0
