NVMe_from_ceph,NVMe_from_transfer,NVMe_total_util,num_workers,Goodput
1.0463806,4.154757,6.5137324,69,4.154582
0.32217938,3.7159576,6.105382,69,3.604201
-0.04490564,3.1473062,5.7159176,69,3.5187783
0.12416989,3.8401282,6.089612000000002,69,3.405062
