NVMe_from_ceph,NVMe_from_transfer,NVMe_total_util,num_workers,Goodput
0.571112,2.9385715,5.157828,69,3.201079
1.1167506,2.9460535,5.587561,69,3.6783485
1.2630994,2.2413325,4.7018294,69,2.3221
1.2168752,3.080854,5.5212994,69,3.6613486
