NVMe_from_ceph,NVMe_from_transfer,NVMe_total_util,num_workers,Goodput
0.7452248,3.1017473,5.7778974000000005,68,3.6147718
0.62935597,3.9708354,6.4395304000000015,68,3.9577887
0.6719425,3.319489,5.9536157,68,3.9007268
0.48585135,2.9714565,5.6819263,68,3.3814108
