NVMe_from_ceph,NVMe_from_transfer,NVMe_total_util
0.7452248,3.1017473,5.7778974
0.62935597,3.9708354,6.4395304
0.6719425,3.319489,5.9536157
0.48585135,2.9714565,5.6819263
