CPU,CPU_count,Goodput,Memory_total,Memory_used,NIC_speed,NVMe_from_ceph,NVMe_from_transfer,NVMe_total_util,Storage_count,network_throughput,num_workers
1.3508900593385311,16.0,0.0,34359738368.0,123592704.0,100000000000.0,2029566.7711180742,1756481.8987932529,0.021934795652903828,8.0,2124083.2722181478,60.0
1.5450969934977552,16.0,452573354.6666667,34359738368.0,586321920.0,100000000000.0,0.0,217804752.21651888,0.34384374375013727,8.0,186639044.99700022,60.0
3.054311829355467,16.0,910399897.6,34359738368.0,586321920.0,100000000000.0,133281420.05563651,929445285.9981453,2.576897602330648,8.0,941127344.6151807,60.0
2.932223862598781,16.0,615489228.8000001,34359738368.0,581988352.0,100000000000.0,134185641.65883777,850178370.6884983,2.3901489732913475,8.0,834859158.5022146,60.0
2.3093333333109816,16.0,769486301.8666667,34359738368.0,581988352.0,100000000000.0,134222097.06666666,510154615.4666667,1.6758666666709663,8.0,541358288.8,60.0
2.970998066557639,16.0,760017442.1333333,34359738368.0,582922240.0,100000000000.0,134296586.1724115,781401776.6517768,2.5881058737241545,8.0,787594127.3418227,60.0
3.028331444596437,16.0,780445434.1371889,34359738368.0,582922240.0,100000000000.0,20694889.140723955,823355251.5165657,2.5578294780364277,8.0,821214091.3939071,60.0
2.8606666666455567,16.0,872631768.3501682,34359738368.0,582987776.0,100000000000.0,19922944.0,782612889.6,2.377733333333163,8.0,801939693.4,60.0
2.80400000003477,16.0,763899767.1844789,34359738368.0,582987776.0,100000000000.0,19927313.066666666,773301043.1999998,2.21626666666513,8.0,761152597.2666667,60.0
