CPU,CPU_count,Goodput,Memory_total,Memory_used,NIC_speed,NVMe_from_ceph,NVMe_from_transfer,NVMe_total_util,Storage_count,network_throughput,num_workers
1.3698118243781123,16.0,0.0,34359738368.0,112721920.0,100000000000.0,0.0,1591825.9709061794,0.013879620974640319,8.0,2303506.0056052315,50.0
2.4272569675596634,16.0,236917511.83412224,34359738368.0,575234048.0,100000000000.0,470209220.42939055,569291291.1054808,1.9243232431013153,8.0,570106955.927457,50.0
3.253016867809815,16.0,874189243.7333332,34359738368.0,575234048.0,100000000000.0,1157951953.0635374,749759978.6652443,3.934462297488859,8.0,747798375.1583439,50.0
3.451333333334575,16.0,608485102.9333334,34359738368.0,575234048.0,100000000000.0,1156439517.8666668,703514487.4666667,4.174733333324548,8.0,691324640.0,50.0
3.7306666666952273,16.0,796525260.8000002,34359738368.0,570191872.0,100000000000.0,1155547136.0,998179362.1333333,4.447933333339946,8.0,1029489100.9333333,50.0
4.225584960964109,16.0,1104510429.8666668,34359738368.0,570191872.0,100000000000.0,1549552214.3857079,1036818533.1644558,5.162055862945483,8.0,1052417287.1141924,50.0
4.651776785136394,16.0,1033555933.8666668,34359738368.0,572817408.0,100000000000.0,2181269787.05247,958508512.8341889,6.150876725106129,8.0,955894660.110674,50.0
3.813132658459149,16.0,634275976.5333334,34359738368.0,574111744.0,100000000000.0,2258670133.191263,652641244.5391582,6.008124667025286,8.0,651400022.575919,50.0
4.455552589437426,16.0,876853970.1492538,34359738368.0,574111744.0,100000000000.0,2140000358.7827017,874595229.0443138,6.0359049652989265,8.0,889721410.3043246,50.0
