NVMe_from_ceph,NVMe_from_transfer,NVMe_total_util,num_workers,Goodput
0.532816,0.9418418,2.5147746,54,0.9950362
0.17356946,0.95335436,2.488542,54,0.9119245
0.33216253,0.9280942,2.4278412,54,0.9645286
0.51593983,0.9689639,2.5290887000000004,54,1.025872
