NVMe_from_ceph,NVMe_from_transfer,NVMe_total_util,num_workers,Goodput
0.68296134,4.1771984,6.7442656,85,4.1280627
0.38343954,3.7092998,6.2837562999999985,85,3.6321712
0.5631993000000001,3.9559567,6.443604,85,4.0281024
0.4797968,3.2719445,5.755774,85,3.6908588
