NVMe_from_ceph,NVMe_from_transfer,NVMe_total_util
0.68296134,4.1771984,6.7442656
0.38343954,3.7092998,6.2837563
0.5631993,3.9559567,6.443604
0.4797968,3.2719445,5.755774
