NVMe_from_ceph,NVMe_from_transfer,NVMe_total_util
0.46470675,3.3880954,5.9021416
0.52193946,3.8565898,6.322275
0.41620353,3.8018844,6.301306
0.52513695,3.4209874,5.9423456
