NVMe_from_ceph,NVMe_from_transfer,NVMe_total_util,num_workers,Goodput
0.46470675,3.3880954,5.902141599999998,54,3.4339912
0.52193946,3.8565898,6.322275,54,4.030714
0.41620353,3.8018844,6.3013059999999985,54,3.947818
0.52513695,3.4209874,5.9423456,54,3.2943943
