CPU,CPU_count,Goodput,Memory_total,Memory_used,NIC_speed,NVMe_from_ceph,NVMe_from_transfer,NVMe_total_util,Storage_count,network_throughput,num_workers
1.1386666666716336,16.0,0.0,34359738368.0,108163072.0,100000000000.0,0.0,1590340.2666666668,0.014333333331160245,8.0,64322.8,60.0
2.5576371758502177,16.0,23826158.933333334,34359738368.0,573014016.0,100000000000.0,100672192.01280084,755652330.9553971,1.8775251683460155,8.0,725355300.9533969,60.0
3.0219999999739233,16.0,785015424.5716953,34359738368.0,566448128.0,100000000000.0,134217728.0,876679441.0666666,2.7026666666662402,8.0,896082557.3333334,60.0
3.29933333331719,16.0,936790016.0,34359738368.0,566448128.0,100000000000.0,134222097.06666666,1098519347.1999998,2.881866666667823,8.0,1102256565.9333334,60.0
2.6656889540684867,16.0,1004211997.0664711,34359738368.0,566448128.0,100000000000.0,134208780.7479501,693817783.8810747,2.361775881608141,8.0,716739706.4862343,60.0
3.155677045157454,16.0,770158830.9333334,34359738368.0,567029760.0,100000000000.0,48381900.660044,961088072.5381691,2.700113340889136,8.0,960688976.065071,60.0
2.6928452578886177,16.0,911663103.9999999,34359738368.0,567029760.0,100000000000.0,19959583.09484193,750341946.3560733,2.11374376039873,8.0,754600341.5640599,60.0
3.0861378205227705,16.0,814095188.3207787,34359738368.0,567336960.0,100000000000.0,19889230.769230768,903287794.8717948,2.628472222221344,8.0,907108551.6159188,60.0
2.930328688576755,16.0,877243323.7333332,34359738368.0,567336960.0,100000000000.0,19924272.28481899,872304357.3571571,2.5478365224345962,8.0,884164483.4988999,60.0
