NVMe_from_ceph,NVMe_from_transfer,NVMe_total_util,num_workers,Goodput
0.7031871999999999,0.92878467,2.674274,54,0.9462837
0.08718056,0.9488786,2.7117624,54,0.96950245
0.14834052,0.9697695,2.7797713,54,0.99700356
0.20413926,1.0041685,2.9339793,54,1.0323681
