NVMe_from_ceph,NVMe_from_transfer,NVMe_total_util
1.095369,3.2997897,5.5613456
0.5981032,3.3565187,5.533017
0.3593207,3.518609,5.68271
0.33171922,3.4648538,5.5747757
