NVMe_from_ceph,NVMe_from_transfer,NVMe_total_util,num_workers,Goodput
1.095369,3.2997897000000003,5.5613456,65,3.634715
0.5981032,3.3565187000000005,5.533017,65,3.5383787
0.35932070000000005,3.518609,5.68271,65,3.187744
0.33171922,3.4648538,5.574775700000001,65,3.3700314
