NVMe_from_ceph,NVMe_from_transfer,NVMe_total_util,num_workers,Goodput
0.6395846,3.61722,5.9538474,65,3.5815365
0.6773314,3.3504336,5.7360435,65,3.8286257
0.8051279,2.8287995,5.449865,65,3.2795708
0.63124555,2.9741101000000003,5.549226999999999,65,3.4281616
