NVMe_from_ceph,NVMe_from_transfer,NVMe_total_util
0.6395846,3.61722,5.9538474
0.6773314,3.3504336,5.7360435
0.8051279,2.8287995,5.449865
0.63124555,2.9741101,5.549227
