NVMe_from_ceph,NVMe_from_transfer,NVMe_total_util
1.8086433,2.929396,5.75761
0.21389334,3.436626,5.9798665
0.17456129,3.2568328,5.8414307
0.040904734,3.6809392,6.2129893
