NVMe_from_ceph,NVMe_from_transfer,NVMe_total_util,num_workers,Goodput
1.8086433,2.929396,5.75761,54,3.5013812
0.21389334,3.4366260000000004,5.9798665,54,3.3562493
0.17456129,3.2568328,5.8414307,54,3.7301326
0.040904734,3.6809392,6.2129892999999985,54,3.572598
