NVMe_from_ceph,NVMe_from_transfer,NVMe_total_util,num_workers,Goodput
0.785858,2.514173,5.404104,66,3.1041055
1.3362707,2.0915706000000003,5.3290834,66,2.3811085
1.7064419999999998,2.7461085,5.884343,66,3.2719467
1.5706108,3.5013034,6.7727559999999984,66,3.9052293
