NVMe_from_ceph,NVMe_from_transfer,NVMe_total_util
0.785858,2.514173,5.404104
1.3362707,2.0915706,5.3290834
1.706442,2.7461085,5.884343
1.5706108,3.5013034,6.772756
