NVMe_from_ceph,NVMe_from_transfer,NVMe_total_util,num_workers,Goodput
1.8707421,0.30804968,1.2311413,33,0.37673977
0.23161756,1.0970869,2.3751943,33,0.9676492
-0.21317732,0.6840361,1.6957068,33,0.7047844
0.076848395,0.8353316999999999,1.9432337,33,0.84338236
