NVMe_from_ceph,NVMe_from_transfer,NVMe_total_util
1.8707421,0.30804968,1.2311413
0.23161756,1.0970869,2.3751943
-0.21317732,0.6840361,1.6957068
0.076848395,0.8353317,1.9432337
