NVMe_from_ceph,NVMe_from_transfer,NVMe_total_util
1.3859447,4.1368217,6.5491943
0.33363265,3.9165447,6.3239245
0.2969107,4.177407,6.4922924
0.17870909,3.8152344,6.0828013
