NVMe_from_ceph,NVMe_from_transfer,NVMe_total_util,num_workers,Goodput
1.3859447,4.1368217000000005,6.5491943,69,4.35044
0.33363265,3.9165447,6.3239245,69,3.7221422
0.2969107,4.177407,6.492292400000001,69,4.1634827
0.17870909,3.8152344,6.0828013,69,3.3901052
