NVMe_from_ceph,NVMe_from_transfer,NVMe_total_util,num_workers,Goodput
1.8078643,3.1228895,5.5481057,64,3.6345549
0.72585577,3.5392056000000003,5.9603343,64,3.4337542
-0.2705503,3.7288623,6.0533285,64,2.968417
0.16335757,3.3381187999999997,5.675997,64,3.4460747
