NVMe_from_ceph,NVMe_from_transfer,NVMe_total_util,num_workers,Goodput
0.6586708,4.0153027,6.705082400000001,68,4.162037
0.7169505,3.639843,6.1800356,68,3.7803159
0.5944519,3.942338,6.473628,68,4.1271496
0.34479323,3.6988008,6.212723,68,3.569268
