NVMe_from_ceph,NVMe_from_transfer,NVMe_total_util
0.54569024,0.8641092,2.4113286
0.13734493,0.92365336,2.5228543
0.1266874,0.94601184,2.5992043
0.39891383,0.9882263,2.7457097
