NVMe_from_ceph,NVMe_from_transfer,NVMe_total_util,num_workers,Goodput
0.54569024,0.8641091999999999,2.4113286,54,1.000813
0.13734493,0.92365336,2.5228543,54,0.9398384
0.1266874,0.94601184,2.5992043,54,0.96950245
0.39891383,0.9882263,2.7457097000000004,54,1.0256367
