NVMe_from_ceph,NVMe_from_transfer,NVMe_total_util
0.47267526,3.5220263,5.953185
0.13714875,3.4899468,5.7938733
0.33915755,2.6278908,4.997289
0.5376142,3.424029,5.8052597
