NVMe_from_ceph,NVMe_from_transfer,NVMe_total_util,num_workers,Goodput
0.47267526,3.5220263,5.953185,66,3.6194208
0.13714875,3.4899468,5.7938733,66,3.7033656
0.33915755,2.6278908,4.997289,66,3.0029452
0.5376141999999999,3.424029,5.8052597000000015,66,3.654039
