NVMe_from_ceph,NVMe_from_transfer,NVMe_total_util,num_workers,Goodput
0.20059805,3.7459748,6.0350876,52,3.8318694
-0.04468533,3.5578291,5.844256,52,3.2847357
0.122234024,3.576082,5.9262934000000005,52,3.4467874
0.009409627,3.7438262,6.0949063,52,3.2606
