NVMe_from_ceph,NVMe_from_transfer,NVMe_total_util,num_workers,Goodput
0.7921113000000001,3.129435,5.795512,68,3.6086926
0.53974974,2.6933076,5.359934,68,3.0688543
0.4297762,3.7055407,6.171192,68,3.5579724
0.61953247,3.1992786,5.8058624000000005,68,3.7189052
