NVMe_from_ceph,NVMe_from_transfer,NVMe_total_util,num_workers,Goodput
0.41126183,0.7859615,2.1002886000000003,54,0.9103664
0.13676831,0.8621664000000001,2.2277472,54,0.880134
0.24959123,0.9488352,2.4647806,54,0.96800816
0.2395016,0.93805426,2.4604547,54,0.96039903
