NVMe_from_ceph,NVMe_from_transfer,NVMe_total_util
0.41126183,0.7859615,2.1002886
0.13676831,0.8621664,2.2277472
0.24959123,0.9488352,2.4647806
0.2395016,0.93805426,2.4604547
