NVMe_from_ceph,NVMe_from_transfer,NVMe_total_util,num_workers,Goodput
0.4886512,3.6008823,6.2782,54,3.8629434
-0.03151874,3.6979845,6.2954464,54,3.3713639
-0.15870245,3.7194047,6.314553299999999,54,3.3612053
0.095482685,3.2757654,6.0071330000000005,54,3.6470006
