NVMe_from_ceph,NVMe_from_transfer,NVMe_total_util
0.4886512,3.6008823,6.2782
-0.03151874,3.6979845,6.2954464
-0.15870245,3.7194047,6.3145533
0.095482685,3.2757654,6.007133
