NVMe_from_ceph,NVMe_from_transfer,NVMe_total_util,num_workers,Goodput
0.4334024,3.6724534,5.91248,69,3.6681697
0.47327706,3.372714,5.5955353,69,3.338493
0.4303749,3.873487200000001,6.160295,69,3.4914525
0.28770936,3.7265253,5.9932694,69,3.6230013
