NVMe_from_ceph,NVMe_from_transfer,NVMe_total_util
0.4334024,3.6724534,5.91248
0.47327706,3.372714,5.5955353
0.4303749,3.8734872,6.160295
0.28770936,3.7265253,5.9932694
