NVMe_from_ceph,NVMe_from_transfer,NVMe_total_util,num_workers,Goodput
0.8031215,3.2844293,5.7267714000000005,52,3.5542905
0.45924592,3.454506,5.840437400000001,52,3.2798014
0.3941019,3.749446,6.104665,52,3.7689242
0.62565374,3.2856207000000004,5.711811,52,3.3647184
