NVMe_from_ceph,NVMe_from_transfer,NVMe_total_util,num_workers,Goodput
1.3824729,0.40322077,1.3224069,54,0.33570766
0.25580502,0.8175045,2.184903,54,0.9006424
-0.0055674,0.6972374,1.9126449,54,0.80143785
0.03919044,0.69446784,1.887863,54,0.81376684
