NVMe_from_ceph,NVMe_from_transfer,NVMe_total_util,num_workers,Goodput
0.6853074,4.21328,6.784207,85,4.043311
0.7019745,4.4803042,6.8702983999999985,85,4.2939396
0.75597894,3.1739604,5.6909833,85,3.4949017
0.34651795,3.3478441,6.057232,85,3.6548028
