NVMe_from_ceph,NVMe_from_transfer,NVMe_total_util,num_workers,Goodput
-0.59104335,3.634889100000001,6.1978345,53,3.5149999
0.14868122,3.6964228,6.197964,53,3.6447444
0.12693714,3.760038,6.259801,53,4.010379
-0.061163787,3.713361,6.158443,53,3.1888902
