NVMe_from_ceph,NVMe_from_transfer,NVMe_total_util,num_workers,Goodput
0.69797325,0.9688043,2.6197133,52,0.9491185
0.17012629999999998,1.000196,2.6757345,52,0.9902564
0.1539979,1.0210774,2.71601,52,1.0145663
0.14163007,1.0807388,2.8846512000000004,52,1.1312628
