NVMe_from_ceph,NVMe_from_transfer,NVMe_total_util,num_workers,Goodput
0.9925384,1.5277569,3.8199167,65,0.9265916
1.6557933,2.5591214,5.0036825999999985,65,3.2397702
1.9225093,2.3676353,4.8919034,65,2.822335
1.7139162,2.4521766,4.8999515,65,2.8421397
