NVMe_from_ceph,NVMe_from_transfer,NVMe_total_util,num_workers,Goodput
1.0230387,3.38795,5.784307,68,3.5083556
0.4139801,3.4207617999999997,5.7612386,68,3.5614088
0.4196242,3.2502143,5.6098930000000005,68,3.7221265
0.18464796,3.4416656000000003,5.7643010000000015,68,3.6054754
