NVMe_from_ceph,NVMe_from_transfer,NVMe_total_util
1.0230387,3.38795,5.784307
0.4139801,3.4207618,5.7612386
0.4196242,3.2502143,5.609893
0.18464796,3.4416656,5.764301
