NVMe_from_ceph,NVMe_from_transfer,NVMe_total_util,num_workers,Goodput
0.5795508,3.0714672000000003,5.481491,64,3.5199704
-0.02814354,3.850614,6.085718,64,2.93355
-0.24226543,3.8159688,6.051818,64,3.0202353
-0.22283699,3.8538284,6.062692,64,2.8888988
