NVMe_from_ceph,NVMe_from_transfer,NVMe_total_util
0.6244689,3.5136173,5.999399
0.6570692,3.4270296,5.964749
0.4912671,3.3635042,5.88883
0.59717584,3.39905,5.9564486
