NVMe_from_ceph,NVMe_from_transfer,NVMe_total_util,num_workers,Goodput
0.6244689,3.5136172999999995,5.999399,66,3.6928878
0.6570691999999999,3.4270296,5.9647489999999985,66,3.5740921
0.4912671,3.3635042,5.8888300000000005,66,3.6144595
0.59717584,3.39905,5.9564486,66,3.6391773
