CPU,CPU_count,Goodput,Memory_total,Memory_used,NIC_speed,NVMe_from_ceph,NVMe_from_transfer,NVMe_total_util,Storage_count,network_throughput,num_workers
1.245549703340875,16.0,95505.06666666668,34359738368.0,49278976.0,100000000000.0,0.0,1494320.4213614238,0.01420094673097726,8.0,1637553.103540236,90.0
1.6801066310559265,16.0,633220684.4877008,34359738368.0,49278976.0,100000000000.0,4404735.488170609,333894564.2119294,0.4720426524500681,8.0,334351499.0336554,90.0
4.097626033669825,16.0,804044301.6201079,34359738368.0,514097152.0,100000000000.0,134253528.94105098,910934994.9319819,2.549413176845203,8.0,4228343971.8591623,90.0
3.1893333333544436,16.0,836009164.8,34359738368.0,514097152.0,100000000000.0,134222097.06666666,808266956.8000001,2.4206666666684518,8.0,1640747926.7333333,90.0
3.196666666616996,16.0,976034391.8507738,34359738368.0,513691648.0,100000000000.0,134287633.06666666,991977471.9999999,2.813933333329624,8.0,982969560.4,90.0
3.3773333333122233,16.0,928335197.9572638,34359738368.0,513691648.0,100000000000.0,130377318.39999999,956551714.1333332,2.875466666667489,8.0,996276062.9333333,90.0
5.752912323762035,16.0,990506510.2326511,34359738368.0,510640128.0,100000000000.0,19930015.94114041,926797726.0576334,2.8242795830768817,8.0,935289100.9809933,90.0
4.890430971490282,16.0,692712821.9214613,34359738368.0,510640128.0,100000000000.0,19919305.770635504,780812491.4536157,2.3578524470444595,8.0,789069706.8663259,90.0
2.829333333298564,16.0,779628626.9493997,34359738368.0,514179072.0,100000000000.0,19922944.0,790883532.8000001,2.258399999999286,8.0,774298494.2666667,90.0
