NVMe_from_ceph,NVMe_from_transfer,NVMe_total_util,num_workers,Goodput
1.174179,0.7708746999999999,2.3412158,54,0.8888675
0.10823363,0.7410711999999999,2.2353718,54,0.8589331
0.17576714,0.7384748000000001,2.2297914,54,0.8589331
0.20182024,0.7923611999999999,2.4187088,54,1.0058204
