NVMe_from_ceph,NVMe_from_transfer,NVMe_total_util
1.174179,0.7708747,2.3412158
0.10823363,0.7410712,2.2353718
0.17576714,0.7384748,2.2297914
0.20182024,0.7923612,2.4187088
