NVMe_from_ceph,NVMe_from_transfer,NVMe_total_util,num_workers,Goodput
0.5725172,3.4924784,5.989032,68,3.6341248
0.64622855,3.3583121,5.927421,68,3.726043
0.62889326,3.2294247000000005,5.854336,68,3.6409328
0.59038496,3.244749,5.8737135,68,3.6501086
