NVMe_from_ceph,NVMe_from_transfer,NVMe_total_util
0.5725172,3.4924784,5.989032
0.64622855,3.3583121,5.927421
0.62889326,3.2294247,5.854336
0.59038496,3.244749,5.8737135
