NVMe_from_ceph,NVMe_from_transfer,NVMe_total_util,num_workers,Goodput
1.7446166,3.4060687999999995,6.0224786,68,3.150425
-0.07868451,3.5846035000000005,6.0592875,68,3.2338052
0.10727805,3.4306116,5.9091306,68,3.5075734
0.1286998,3.2920864,5.7329044,68,3.7481546
