NVMe_from_ceph,NVMe_from_transfer,NVMe_total_util
1.7446166,3.4060688,6.0224786
-0.07868451,3.5846035,6.0592875
0.10727805,3.4306116,5.9091306
0.1286998,3.2920864,5.7329044
