NVMe_from_ceph,NVMe_from_transfer,NVMe_total_util,num_workers,Goodput
0.84208626,3.441425,6.084088,52,3.3582687
1.3532002,2.9396257,5.759786,52,3.5885377
0.47663838,3.1661081,5.7753825,52,3.6202705
0.14760357,3.5947545,6.178343,52,3.9393818
