CPU,CPU_count,Goodput,Memory_total,Memory_used,NIC_speed,NVMe_from_ceph,NVMe_from_transfer,NVMe_total_util,Storage_count,network_throughput,num_workers
1.4397706819446028,16.0,0.0,34359738368.0,104259584.0,100000000000.0,0.0,1258207.3195120322,0.010865942266666088,8.0,2734327.7781481235,20.0
1.6715781052430279,16.0,794499481.6,34359738368.0,563404800.0,100000000000.0,5732597.6398426555,208045613.70758048,0.4888325888427952,8.0,200986445.4296953,20.0
3.1849876674590334,16.0,850992739.1507233,34359738368.0,564310016.0,100000000000.0,134210965.13565761,941216620.7586161,2.581961202576064,8.0,952702644.2237184,20.0
2.8983265551024324,16.0,772633567.5711713,34359738368.0,564310016.0,100000000000.0,134226676.44509634,798700610.974065,2.235949063283272,8.0,805066967.664511,20.0
3.0809946004195767,16.0,902487676.3745418,34359738368.0,561504256.0,100000000000.0,134288510.89927337,824269417.7721486,2.3035797613480637,8.0,819966354.5763617,20.0
3.0650043335278614,16.0,504908279.29309773,34359738368.0,561504256.0,100000000000.0,129263085.80572039,864787150.0766717,2.4343622908139864,8.0,875193944.396293,20.0
2.3680000000633297,16.0,681803583.2277849,34359738368.0,561504256.0,100000000000.0,19927313.066666666,481789815.46666664,1.3346666666679083,8.0,495379772.26666665,20.0
2.776666666660458,16.0,823268145.343023,34359738368.0,564400128.0,100000000000.0,19922944.0,661239671.4666666,1.5673999999960264,8.0,679113767.2666667,20.0
3.939333333261311,16.0,922537365.8021513,34359738368.0,564400128.0,100000000000.0,19929497.6,888413388.8000001,2.2561333333374933,8.0,881400960.4666667,20.0
