CPU,CPU_count,Goodput,Memory_total,Memory_used,NIC_speed,NVMe_from_ceph,NVMe_from_transfer,NVMe_total_util,Storage_count,network_throughput,num_workers
1.2773333333432673,16.0,67127.34927078635,34359738368.0,520785920.0,100000000000.0,18568.533333333333,1494220.7999999998,0.014533333330958461,8.0,1747261.0,40.0
1.3335554370815963,16.0,544145134.9333334,34359738368.0,526311424.0,100000000000.0,0.0,157111948.8272921,0.24300373134503667,8.0,156310325.22654584,40.0
3.1180629669194158,16.0,894291979.4680356,34359738368.0,526311424.0,100000000000.0,127306040.55496265,950262437.5667021,2.646544823905819,8.0,945993962.9135538,40.0
2.963999999966472,16.0,906548108.0072005,34359738368.0,525664256.0,100000000000.0,134287633.06666666,931386709.3333335,2.662666666670703,8.0,933949396.6666666,40.0
2.6782886419911027,16.0,743978424.9050063,34359738368.0,526045184.0,100000000000.0,134171322.11058621,711523085.235212,2.1019362565665247,8.0,711812644.3542484,40.0
3.2615055774534687,16.0,973652400.2933527,34359738368.0,526045184.0,100000000000.0,134267596.82051966,1029947147.9527087,3.041546990849208,8.0,1041471571.4381137,40.0
2.733999999985099,16.0,696629930.6666666,34359738368.0,526045184.0,100000000000.0,25869243.733333334,719568349.8666667,2.051400000002468,8.0,713627292.2,40.0
2.329044730362485,16.0,579552740.1186429,34359738368.0,527241216.0,100000000000.0,19921615.89227385,536779694.15372306,1.5531631224565008,8.0,562600464.5023665,40.0
3.028316343550796,16.0,1059234285.2570513,34359738368.0,527241216.0,100000000000.0,19915363.84835765,906393849.023919,2.3791724965003302,8.0,904244165.0343127,40.0
