CPU,CPU_count,Goodput,Memory_total,Memory_used,NIC_speed,NVMe_from_ceph,NVMe_from_transfer,NVMe_total_util,Storage_count,network_throughput,num_workers
1.1626666666008534,16.0,2218.6666666666665,34359738368.0,91086848.0,100000000000.0,2218.6666666666665,1572864.0,0.014799999998649583,8.0,606831.6666666666,50.0
1.7653333333941796,16.0,663447695.4869676,34359738368.0,91086848.0,100000000000.0,13212057.6,356606498.1333333,0.5421999999981684,8.0,339603252.1333333,50.0
2.8393333332923554,16.0,989799942.9295286,34359738368.0,548712448.0,100000000000.0,134289817.6,907698176.0,2.3738000000012107,8.0,896616006.4666667,50.0
3.2676488234279146,16.0,988764842.6666667,34359738368.0,548712448.0,100000000000.0,134138880.34131056,973285070.5952935,3.004199720023927,8.0,997493056.8628758,50.0
3.0601613116660564,16.0,769129335.4666666,34359738368.0,547966976.0,100000000000.0,134213187.35951343,913384441.0948037,2.827647758822538,8.0,925604370.355679,50.0
2.906878235760483,16.0,763638306.1333332,34359738368.0,547966976.0,100000000000.0,122884957.17071202,816686714.4490016,2.4420762455434124,8.0,826247123.512405,50.0
2.4779798786537928,16.0,807567906.1333333,34359738368.0,546742272.0,100000000000.0,19915363.84835765,689996293.4239455,1.8172429875423601,8.0,685948344.4599906,50.0
2.7875391902031406,16.0,793850675.2,34359738368.0,546742272.0,100000000000.0,19934904.942965783,805431363.3513442,2.1804415982907246,8.0,811107681.0753119,50.0
2.697999999982615,16.0,785631387.7741485,34359738368.0,546742272.0,100000000000.0,19927313.066666666,747319022.9333334,2.12573333333518,8.0,757438117.7333333,50.0
