NVMe_from_ceph,NVMe_from_transfer,NVMe_total_util
0.96771723,4.577665,7.186096
0.5229441,3.0697365,5.838297
0.20796306,3.7147062,6.2439294
0.25467712,3.417873,5.9753165
