NVMe_from_ceph,NVMe_from_transfer,NVMe_total_util,num_workers,Goodput
0.96771723,4.5776650000000005,7.186096000000001,69,4.540693
0.5229441,3.0697365000000003,5.838297,69,3.4856663
0.20796306,3.7147062000000006,6.2439294,69,3.7093527
0.25467712,3.417873,5.9753165,69,3.360838
