NVMe_from_ceph,NVMe_from_transfer,NVMe_total_util,num_workers,Goodput
0.94949836,0.60843545,1.822115,54,0.8073018
-0.006466031,0.55186445,1.6267473999999995,54,0.6478988
-0.016916651,0.546138,1.6155816,54,0.61257774
0.08961089,0.50825965,1.5047845,54,0.5688026
