NVMe_from_ceph,NVMe_from_transfer,NVMe_total_util,num_workers,Goodput
0.35319555,0.7595096,2.1785338,54,0.88954437
0.16279568,0.8844004999999999,2.431969,54,0.97363275
0.24194553,0.84726906,2.3518803,54,0.97149897
0.79353523,0.8410095999999999,2.3509078,54,0.9605811
