NVMe_from_ceph,NVMe_from_transfer,NVMe_total_util
0.35319555,0.7595096,2.1785338
0.16279568,0.8844005,2.431969
0.24194553,0.84726906,2.3518803
0.79353523,0.8410096,2.3509078
