NVMe_from_ceph,NVMe_from_transfer,NVMe_total_util
-0.5116498,3.7785242,6.2331853
0.57069176,4.2305303,6.7734885
-0.28917563,4.433158,6.7884693
0.13808516,4.0916104,6.4309
