NVMe_from_ceph,NVMe_from_transfer,NVMe_total_util,num_workers,Goodput
-0.5116497999999999,3.7785242,6.2331853,85,3.0389013
0.57069176,4.2305303,6.773488499999999,85,4.3576684
-0.28917563,4.4331580000000015,6.7884693,85,3.6622283
0.13808516,4.0916104,6.4309,85,3.7066946
