NVMe_from_ceph,NVMe_from_transfer,NVMe_total_util
0.7043238,3.8017504,5.8691897
0.5165156,3.1843996,5.591323
0.3102113,3.4315445,5.7516356
0.55280805,3.7579806,5.8585525
