NVMe_from_ceph,NVMe_from_transfer,NVMe_total_util,num_workers,Goodput
0.7043238,3.8017504,5.8691897000000015,50,3.7023005
0.5165156,3.1843996,5.591323,50,3.5289397
0.3102113,3.4315445,5.7516356,50,3.3766105
0.55280805,3.7579806,5.8585525,50,3.590593
