NVMe_from_ceph,NVMe_from_transfer,NVMe_total_util
0.8730041,3.1250696,5.4085784
1.3456975,4.44973,6.741842
1.370103,3.9912832,6.4170785
1.3025042,3.725222,6.1682186
