NVMe_from_ceph,NVMe_from_transfer,NVMe_total_util,num_workers,Goodput
0.8730041,3.1250696,5.4085784000000015,69,3.3722756
1.3456975,4.4497300000000015,6.741842,69,4.484551
1.370103,3.9912832,6.4170785000000015,69,4.004481
1.3025042,3.725222,6.1682185999999986,69,3.9409678
