NVMe_from_ceph,NVMe_from_transfer,NVMe_total_util,num_workers,Goodput
0.61297196,3.366668,5.84576,68,3.5432918
0.6472401,3.0967834,5.614182,68,3.671325
0.70070374,3.0627813,5.7360606,68,3.520542
0.578382,3.2991650000000003,5.8189216,68,3.9244955
