NVMe_from_ceph,NVMe_from_transfer,NVMe_total_util
1.7708473,3.6097827,6.229718
0.29572257,3.518172,6.0532126
0.18496512,4.1575637,6.479746
0.043898202,4.06809,6.431207
