NVMe_from_ceph,NVMe_from_transfer,NVMe_total_util,num_workers,Goodput
1.7708473000000002,3.6097827000000007,6.229718,85,3.523882
0.29572257,3.5181720000000003,6.053212599999998,85,3.515842
0.18496512,4.1575637,6.479746,85,4.108347
0.043898202,4.06809,6.431207,85,2.9815133
