NVMe_from_ceph,NVMe_from_transfer,NVMe_total_util,num_workers,Goodput
1.3721749,0.7990461999999999,2.3990924,54,1.0030417
0.10427589,0.8724780000000001,2.5281584,54,0.9569261
0.08277415,0.8202676,2.4198287,54,0.9338819
0.094066784,0.87612915,2.5351064,54,0.959056
