NVMe_from_ceph,NVMe_from_transfer,NVMe_total_util
1.3721749,0.7990462,2.3990924
0.10427589,0.872478,2.5281584
0.08277415,0.8202676,2.4198287
0.094066784,0.87612915,2.5351064
