NVMe_from_ceph,NVMe_from_transfer,NVMe_total_util
1.2734492,3.6261024,5.8708963
0.15291756,3.2037141,5.597041
0.13820426,3.4979124,5.78993
0.211605,3.4553587,5.7621593
