NVMe_from_ceph,NVMe_from_transfer,NVMe_total_util,num_workers,Goodput
1.2734492,3.6261024,5.870896299999999,68,3.5144777
0.15291756,3.2037141,5.597041,68,3.8073509
0.13820426,3.4979124,5.78993,68,3.4782014
0.211605,3.4553587,5.7621593,68,3.539444
