NVMe_from_ceph,NVMe_from_transfer,NVMe_total_util
0.96622765,0.78300035,2.423829
0.19857712,0.729504,2.202321
0.14059736,0.9166649,2.8553975
0.22208324,0.8889786,2.781621
