NVMe_from_ceph,NVMe_from_transfer,NVMe_total_util,num_workers,Goodput
0.65225446,3.7022808,6.2645206,68,3.6190295
0.70610356,3.5107546000000003,6.0885096,68,3.6720085
0.61015034,3.5402794,6.0919247,68,3.634712
0.56757265,3.8901432,6.4791713,68,4.081176
