NVMe_from_ceph,NVMe_from_transfer,NVMe_total_util,num_workers,Goodput
1.0529683,3.8398292,6.190877,52,3.9727273
0.22601658,3.7891104,6.0543847,52,3.7318769
0.23931381,3.924277,6.2093973,52,3.8601148
0.27311105,4.1127105,6.4159665,52,3.4294136
