NVMe_from_ceph,NVMe_from_transfer,NVMe_total_util
0.79303944,3.1768217,5.5077457
1.4487275,3.4191096,5.82511
1.4667612,3.5222468,5.9126363
1.5631961,3.6243916,6.01623
