CPU,CPU_count,Goodput,Memory_total,Memory_used,NIC_speed,NVMe_from_ceph,NVMe_from_transfer,NVMe_total_util,Storage_count,network_throughput,num_workers
1.2233333333705865,16.0,157344.17705486302,34359738368.0,105361408.0,100000000000.0,2184.5333333333333,1756364.8,0.01619999999917733,8.0,625917.2666666667,50.0
1.9917338844151558,16.0,880886852.2666668,34359738368.0,563040256.0,100000000000.0,36068609.8260116,532923430.7046197,0.9610025998245675,8.0,524192787.9474702,50.0
2.5456363757546585,16.0,816126054.4000001,34359738368.0,563040256.0,100000000000.0,134231045.80305353,674116015.2010133,1.8530568704576578,8.0,684047147.209814,50.0
3.1026666666070617,16.0,791191278.9333333,34359738368.0,563335168.0,100000000000.0,134217728.0,925392349.8666667,2.715600000003663,8.0,918680957.6666666,50.0
2.78000000010555,16.0,745738444.8000001,34359738368.0,563335168.0,100000000000.0,134222097.06666666,697673318.4000001,2.305999999997827,8.0,714251751.0666667,50.0
3.2103193120396547,16.0,887830051.6034402,34359738368.0,561778688.0,100000000000.0,103522502.23318444,989821704.6863543,2.8698086794186555,8.0,987655954.6030265,50.0
2.742982865456067,16.0,861354621.1767842,34359738368.0,561778688.0,100000000000.0,19928641.642776184,750855049.0032668,2.2188145876410386,8.0,757319298.5532368,50.0
2.8593333333420254,16.0,829288787.033949,34359738368.0,562712576.0,100000000000.0,19922944.0,842709128.5333334,2.4092000000043,8.0,840936932.0666667,50.0
3.0593333333420256,16.0,987354643.5570962,34359738368.0,562712576.0,100000000000.0,19927313.066666666,954472038.4,2.513866666663671,8.0,977287444.8666667,50.0
