NVMe_from_ceph,NVMe_from_transfer,NVMe_total_util
0.8883738,3.2726743,5.8173747
0.41190836,3.051192,5.5446773
0.49108538,3.081492,5.6046457
0.29399294,3.1527808,5.5990953
