NVMe_from_ceph,NVMe_from_transfer,NVMe_total_util,num_workers,Goodput
0.8883738000000001,3.2726743,5.8173747,85,3.650194
0.41190836,3.051192,5.5446773,85,3.3576515
0.49108538,3.081492,5.6046457,85,3.6096985
0.29399294,3.1527808,5.5990953,85,3.9744284
