NVMe_from_ceph,NVMe_from_transfer,NVMe_total_util
1.2337483,2.8343806,5.0220413
1.6971292,3.3995013,5.760494
1.8307699,3.3501618,5.8588405
1.5609735,3.1427872,5.5709667
