NVMe_from_ceph,NVMe_from_transfer,NVMe_total_util,num_workers,Goodput
1.2337483,2.8343806,5.0220413,69,3.0217316
1.6971292000000002,3.3995013,5.760494,69,3.137559
1.8307699,3.3501617999999995,5.8588405,69,3.172359
1.5609735,3.1427872000000003,5.5709667000000005,69,3.648105
