NVMe_from_ceph,NVMe_from_transfer,NVMe_total_util,num_workers,Goodput
1.1815972,3.568517,6.0339417,52,3.9825087
-0.22360282,3.957035,6.1949510000000005,52,3.085782
-0.23557511,3.9831643,6.205031,52,3.1005852
-0.04246491,3.844507,6.130803,52,3.1639247
