NVMe_from_ceph,NVMe_from_transfer,NVMe_total_util,num_workers,Goodput
0.70126915,3.5930623999999995,5.8619385,69,3.2717516
0.72947705,3.3389585,5.7576866,69,3.5160253
0.4336469,3.7308388,5.979155,69,3.702748
0.46286443,3.8039494,6.0119586,69,3.3991675
