NVMe_from_ceph,NVMe_from_transfer,NVMe_total_util
0.70126915,3.5930624,5.8619385
0.72947705,3.3389585,5.7576866
0.4336469,3.7308388,5.979155
0.46286443,3.8039494,6.0119586
