NVMe_from_ceph,NVMe_from_transfer,NVMe_total_util,num_workers,Goodput
0.36185026,0.8961919,2.6759057,54,0.9619934
0.041069355,0.92134136,2.7104053,54,0.9411621
0.021641063,0.9743131,2.8500888,54,0.9731358
0.056745447,0.93907475,2.769529,54,0.94510305
