NVMe_from_ceph,NVMe_from_transfer,NVMe_total_util,num_workers,Goodput
0.5445749,3.767058,6.493868,66,3.927368
0.32863107,3.9848928,6.572750599999999,66,4.114961
0.33481798,3.6667717,6.269596599999999,66,3.6940913
0.5767696,3.7235596,6.433216000000002,66,3.6974754
