NVMe_from_ceph,NVMe_from_transfer,NVMe_total_util
0.5445749,3.767058,6.493868
0.32863107,3.9848928,6.5727506
0.33481798,3.6667717,6.2695966
0.5767696,3.7235596,6.433216
