NVMe_from_ceph,NVMe_from_transfer,NVMe_total_util
0.4119814,3.7574909,6.016718
0.06379363,3.3255868,5.5458326
0.43498614,3.6687994,5.979376
0.20521371,3.7798755,6.028234
