NVMe_from_ceph,NVMe_from_transfer,NVMe_total_util,num_workers,Goodput
0.4119814000000001,3.7574909,6.016718,52,3.5536606
0.06379363,3.3255867999999995,5.5458326,52,3.3848784
0.43498614,3.6687994,5.979376,52,3.5622425
0.20521371,3.7798755,6.0282339999999985,52,3.787814
