NVMe_from_ceph,NVMe_from_transfer,NVMe_total_util,num_workers,Goodput
0.7110524,3.8472548,6.3131027,53,4.0842505
0.6285693,3.022197,5.6569943,53,3.265192
0.5434166,4.840400700000001,7.1488156,53,3.6025577
0.40307212,3.2802389,6.2014093,53,3.4399016
