NVMe_from_ceph,NVMe_from_transfer,NVMe_total_util
0.7110524,3.8472548,6.3131027
0.6285693,3.022197,5.6569943
0.5434166,4.8404007,7.1488156
0.40307212,3.2802389,6.2014093
