NVMe_from_ceph,NVMe_from_transfer,NVMe_total_util,num_workers,Goodput
0.6322047,0.73804885,2.1807861,54,0.90753675
0.3482525,0.7405553,2.2120175,54,0.86952364
0.6677517,0.6559929,1.9782664,54,0.8783828
0.6788783,0.65628713,1.9913422,54,0.8783828
