CPU,CPU_count,Goodput,Memory_total,Memory_used,NIC_speed,NVMe_from_ceph,NVMe_from_transfer,NVMe_total_util,Storage_count,network_throughput,num_workers
1.8213333333221575,16.0,0.0,34359738368.0,123224064.0,100000000000.0,349525.3333333333,1756364.8,0.016733333334559577,8.0,1366656.8666666667,60.0
2.1666666666977106,16.0,415949639.6240251,34359738368.0,123224064.0,100000000000.0,2184.5333333333333,1677721.6000000003,0.015466666663996874,8.0,1429213.9333333333,60.0
3.4346666666058203,16.0,972247368.5328802,34359738368.0,582537216.0,100000000000.0,107234372.26666667,1148997905.0666666,2.9238666666671635,8.0,1139271592.0,60.0
3.247333333361894,16.0,980403747.6058356,34359738368.0,580112384.0,100000000000.0,134222097.06666666,971467980.8,2.859533333334063,8.0,981597998.6666666,60.0
3.017999999970198,16.0,714029192.5333333,34359738368.0,580112384.0,100000000000.0,134217728.0,839171549.8666666,2.699399999998665,8.0,857332850.6666666,60.0
2.926666666691502,16.0,829323946.6666667,34359738368.0,580112384.0,100000000000.0,134222097.06666666,809269657.6,2.3594666666661697,8.0,811177216.5333333,60.0
2.8993333333482347,16.0,928542993.0666668,34359738368.0,580673536.0,100000000000.0,42921710.93333334,817262592.0,2.3912666666690106,8.0,819819900.5333333,60.0
3.0293333332675205,16.0,732332105.2292492,34359738368.0,582713344.0,100000000000.0,19927313.066666666,874598126.9333333,2.5420666666643226,8.0,871392158.9333333,60.0
2.5173333333805203,16.0,636159864.9551609,34359738368.0,582713344.0,100000000000.0,19922944.0,653229533.8666667,1.8792666666655957,8.0,652914876.1333333,60.0
