num_workers,rmse
8,0.3764875340609119
10,0.36043135195884485
20,0.738066877047619
30,0.8285048715855428
40,1.306343512719367
50,1.2774106897106696
60,1.3489594202393635
70,1.7212192967371194
100,1.6957918760152093
90,1.0833097469912962
100,1.0187339622043616
