NVMe_from_ceph,NVMe_from_transfer,NVMe_total_util
1.0070609,3.4812527,5.879435
0.6632383,3.2981217,5.722719
0.25883672,3.4742737,5.800466
0.20676991,3.5563688,5.8800235
