NVMe_from_ceph,NVMe_from_transfer,NVMe_total_util,num_workers,Goodput
1.0070609,3.4812527,5.879435,65,3.4936328
0.6632383000000001,3.2981217000000003,5.7227190000000006,65,3.9100437
0.25883672,3.4742737,5.800466,65,3.4383311
0.20676991,3.5563688,5.8800235,65,3.419749
