NVMe_from_ceph,NVMe_from_transfer,NVMe_total_util,num_workers,Goodput
0.6545667,2.3941624,4.5127707,64,2.6349862
1.4027706,3.0347404,5.203761,64,3.5346935
1.5773431,3.0740712,5.3465614000000015,64,3.4429994
1.6703894,2.6492205,5.0599346,64,3.2289553
