NVMe_from_ceph,NVMe_from_transfer,NVMe_total_util,num_workers,Goodput
2.2556782,3.7420685,6.055816,52,3.928563
0.1768943,3.4183779000000003,5.7715435,52,3.441171
1.1044707,2.9657524,5.5512432999999985,52,3.4428887
-0.049560204,3.7908316,5.9770193,52,3.0640733
