NVMe_from_ceph,NVMe_from_transfer,NVMe_total_util,num_workers,Goodput
0.68060374,3.4537518,5.787069,66,3.7175062
0.6158195,3.4197485,5.7524376,66,3.5694013
0.75116754,3.0422077,5.5641017,66,3.5175035
0.43835965,3.426617,5.718849,66,3.552971
