NVMe_from_ceph,NVMe_from_transfer,NVMe_total_util,num_workers,Goodput
1.1981157,0.79190534,2.289798,54,0.93349135
0.03538504,0.8328405999999999,2.420696,54,0.9374705
0.075806424,0.82155573,2.371756,54,0.9688208
0.14201693,0.87784946,2.530784,54,0.959056
