CPU,CPU_count,Goodput,Memory_total,Memory_used,NIC_speed,NVMe_from_ceph,NVMe_from_transfer,NVMe_total_util,Storage_count,network_throughput,num_workers
1.3627195618544115,16.0,0.0,34359738368.0,118689792.0,100000000000.0,2188.4725839845055,1829563.0802110466,0.016028851934802014,8.0,988588.4592266078,80.0
2.088394107079396,16.0,874346564.2666667,34359738368.0,592867328.0,100000000000.0,33761896.4069062,551028728.2181188,1.1220585294349101,8.0,546357425.5716286,80.0
3.2903526901706526,16.0,915866692.2666668,34359738368.0,592867328.0,100000000000.0,134161136.07573839,969700623.2415494,2.863990932728507,8.0,962556783.1188745,80.0
2.797999999951571,16.0,753560113.5159876,34359738368.0,591740928.0,100000000000.0,134217728.0,725984324.2666667,2.2833333333294528,8.0,740283380.7333333,80.0
3.2746666666741175,16.0,1003598260.420208,34359738368.0,591740928.0,100000000000.0,134222097.06666666,968013960.5333333,2.9149333333324954,8.0,968666885.8,80.0
3.3056739478051504,16.0,916838570.6666667,34359738368.0,591740928.0,100000000000.0,105444176.87799679,951173796.4837506,2.919885455516134,8.0,952137136.7208312,80.0
3.1157824491505863,16.0,732003532.8000001,34359738368.0,589414400.0,100000000000.0,19947260.32699366,874495043.3099767,2.6047380714071156,8.0,891154130.9976643,80.0
2.6743116207511233,16.0,816332834.1333334,34359738368.0,590901248.0,100000000000.0,19924272.284818985,706307259.9506634,2.1224748316549,8.0,702254702.3134875,80.0
3.1626666666318974,16.0,947455590.3999999,34359738368.0,590901248.0,100000000000.0,19927313.066666666,859651549.8666667,2.5759999999989907,8.0,884053411.4666667,80.0
