NVMe_from_ceph,NVMe_from_transfer,NVMe_total_util
0.62788826,3.753444,6.4306736
0.5803066,3.3691578,6.110232
0.51823026,2.7972252,5.605552
0.58327925,2.7051983,5.4469366
