NVMe_from_ceph,NVMe_from_transfer,NVMe_total_util,num_workers,Goodput
0.62788826,3.753444,6.4306736,54,3.9234438
0.5803066,3.3691578,6.110232,54,3.5059564
0.51823026,2.7972252,5.6055519999999985,54,3.2585661
0.58327925,2.7051983,5.446936599999999,54,2.9818966
