NVMe_from_ceph,NVMe_from_transfer,NVMe_total_util
0.8646534,3.085087,5.683021
1.3613153,3.4776497,6.2983165
1.4628421,4.1570783,6.7242756
1.4673828,3.9831998,6.509508
