NVMe_from_ceph,NVMe_from_transfer,NVMe_total_util,num_workers,Goodput
0.8646534,3.085087,5.683021,66,3.4603276
1.3613153,3.4776497,6.2983165,66,3.798681
1.4628421,4.1570782999999984,6.7242756,66,4.094815
1.4673828000000002,3.9831998,6.509508,66,4.2040396
