NVMe_from_ceph,NVMe_from_transfer,NVMe_total_util,num_workers,Goodput
0.9185885,4.4144830000000015,6.9091845,69,4.293549
0.20249422,3.412886,6.0068054,69,3.3497908
0.66825897,3.6782687000000007,6.2554164000000005,69,3.6891086
0.39779842,3.8648796,6.393392,69,3.8699908
