NVMe_from_ceph,NVMe_from_transfer,NVMe_total_util
0.9185885,4.414483,6.9091845
0.20249422,3.412886,6.0068054
0.66825897,3.6782687,6.2554164
0.39779842,3.8648796,6.393392
