NVMe_from_ceph,NVMe_from_transfer,NVMe_total_util,num_workers,Goodput
1.0471903,3.7036486000000006,6.0964364999999985,53,3.728724
0.3458256,3.8184676,6.234178,53,3.9936044
0.15141857,3.8338888,6.2184143,53,4.11081
0.25737888,3.6863775,6.031095,53,3.8467615
