CPU,CPU_count,Goodput,Memory_total,Memory_used,NIC_speed,NVMe_from_ceph,NVMe_from_transfer,NVMe_total_util,Storage_count,network_throughput,num_workers
1.2059999999900657,16.0,0.0,34359738368.0,122007552.0,100000000000.0,1092.2666666666667,1590340.2666666668,0.01353333333002714,8.0,1758441.6,70.0
2.033462205023188,16.0,799609352.9764683,34359738368.0,122007552.0,100000000000.0,24323720.03732836,484398551.65977865,0.9289428076325407,8.0,478791898.6135182,70.0
3.1806666666952266,16.0,983672191.4794319,34359738368.0,578932736.0,100000000000.0,134849058.13333333,966421981.8666666,2.868333333334886,8.0,960927976.9333333,70.0
3.2120282704012832,16.0,869010831.8112125,34359738368.0,578932736.0,100000000000.0,133536482.19762635,930857648.2197626,2.819309241225349,8.0,945863695.692759,70.0
3.0920000000235937,16.0,797192363.2242149,34359738368.0,578932736.0,100000000000.0,134222097.06666666,864976076.8,2.8412666666690107,8.0,863397229.0,70.0
3.070666666670392,16.0,846518954.6666667,34359738368.0,578527232.0,100000000000.0,113595733.33333333,793597815.4666667,2.5744666666665577,8.0,800671445.8666667,70.0
2.5251879949721854,16.0,445914316.8,34359738368.0,579690496.0,100000000000.0,19891508.351633728,591203234.7108538,1.7458574565791665,8.0,586188901.5106143,70.0
2.6310024711059654,16.0,775164757.3333335,34359738368.0,579690496.0,100000000000.0,19958869.965938687,614887208.7090095,1.8448540706580652,8.0,620211379.215922,70.0
3.2319999999987576,16.0,926728192.0,34359738368.0,577351680.0,100000000000.0,19927313.066666666,915203140.2666668,2.6555333333361584,8.0,944502850.3333334,70.0
