CPU,CPU_count,Goodput,Memory_total,Memory_used,NIC_speed,NVMe_from_ceph,NVMe_from_transfer,NVMe_total_util,Storage_count,network_throughput,num_workers
1.2982058294193481,16.0,0.0,34359738368.0,122716160.0,100000000000.0,0.0,1757184.8195824716,0.01720803042012548,8.0,721812.0456212899,100.0
1.3628908593719986,16.0,927689253.783081,34359738368.0,122716160.0,100000000000.0,848747.7831855457,37726675.111674115,0.1120074671562504,8.0,37242856.05707047,100.0
3.775900973501475,16.0,1077568601.6401095,34359738368.0,585482240.0,100000000000.0,120331718.13551675,1359691111.5982206,3.3811488620983163,8.0,1348226669.9116757,100.0
3.2943612395816153,16.0,685175800.0133326,34359738368.0,583634944.0,100000000000.0,134109298.91641933,920508788.7362827,2.7334529643164727,8.0,907089574.918904,100.0
2.7546666666554906,16.0,764706732.9821987,34359738368.0,583634944.0,100000000000.0,134217728.0,643873450.6666667,2.204066666669678,8.0,659810073.0,100.0
3.3419999999925496,16.0,945937935.8709419,34359738368.0,583634944.0,100000000000.0,134258141.86666667,889021781.3333334,2.8926666666637173,8.0,905392202.2666667,100.0
3.8279999999639895,16.0,710409540.9027269,34359738368.0,583401472.0,100000000000.0,32226235.73333333,1029005312.0,2.8792666666752966,8.0,1027634244.8,100.0
3.6679999999701973,16.0,913585602.1248338,34359738368.0,583401472.0,100000000000.0,19971003.733333334,655307571.1999999,2.0127999999909663,8.0,664228298.6,100.0
3.502666666731238,16.0,892977075.2342705,34359738368.0,585154560.0,100000000000.0,19922944.0,922364859.7333332,2.5847333333338613,8.0,917926493.1333333,100.0
