NVMe_from_ceph,NVMe_from_transfer,NVMe_total_util,num_workers,Goodput
9.984049,0.86469895,4.932512,69,0.91642433
14.181784,0.90531766,5.4485226,69,1.0465825
15.580135999999998,0.84627014,5.028842,69,0.8886317
18.327534,0.8162956,4.8307595,69,0.8696412
