NVMe_from_ceph,NVMe_from_transfer,NVMe_total_util
13.644238,3.115995,6.4415827
10.158282,3.392845,6.541782
11.152536,3.2234728,6.469427
15.396015,3.0941155,6.4289145
