NVMe_from_ceph,NVMe_from_transfer,NVMe_total_util,num_workers,Goodput
13.644238,3.1159950000000003,6.4415827000000005,68,3.5327883
10.158282,3.392845,6.541782,68,3.7116961
11.152536,3.2234728,6.469427,68,3.8464596
15.396015,3.0941155,6.4289144999999985,68,3.5476792
