NVMe_from_ceph,NVMe_from_transfer,NVMe_total_util,num_workers,Goodput
16.169155,3.618962,6.498056,58,3.862248
16.332473999999998,3.781151,6.5621424,58,4.012128
16.123058,3.4639027,6.4587517,58,3.546204
17.808462,3.7984364,6.5624824,58,4.0400925
