NVMe_from_ceph,NVMe_from_transfer,NVMe_total_util
16.169155,3.618962,6.498056
16.332474,3.781151,6.5621424
16.123058,3.4639027,6.4587517
17.808462,3.7984364,6.5624824
