NVMe_from_ceph,NVMe_from_transfer,NVMe_total_util
17.042099,1.8255664,5.875096
16.476147,2.466395,6.0749125
18.049345,2.6071904,6.1931477
16.924168,2.62153,6.157337
