NVMe_from_ceph,NVMe_from_transfer,NVMe_total_util,num_workers,Goodput
17.042099,1.8255664,5.875096,68,1.6380888
16.476147,2.466395,6.0749125,68,3.1202033
18.049345,2.6071904,6.1931477,68,3.467976
16.924167999999998,2.62153,6.157337,68,3.345556
