NVMe_from_ceph,NVMe_from_transfer,NVMe_total_util,num_workers,Goodput
0.40595305,0.8931468000000001,2.6195397,54,0.9644122
0.046536848,0.9270581,2.7065096,54,0.948874
0.10207894,0.94007444,2.7528183,54,0.9447223
0.11046828,0.9609234,2.8192253,54,1.0094929
