NVMe_from_ceph,NVMe_from_transfer,NVMe_total_util
0.40595305,0.8931468,2.6195397
0.046536848,0.9270581,2.7065096
0.10207894,0.94007444,2.7528183
0.11046828,0.9609234,2.8192253
