NVMe_from_ceph,NVMe_from_transfer,NVMe_total_util,num_workers,Goodput
1.4323997,3.338085,5.8841887,54,3.5544012
0.001924151,3.495164,5.9574738,54,3.2365656
-0.11936526,3.5252742999999995,5.988025,54,3.2812912
-0.08925288,3.4596343000000003,5.909779,54,3.1140864
