NVMe_from_ceph,NVMe_from_transfer,NVMe_total_util,num_workers,Goodput
0.57395285,3.263978,5.9479365,68,3.7916336
0.6354523,3.287863,5.974826,68,3.7129853
0.65242493,3.0124805,5.727892400000001,68,3.5082765
0.6524890999999999,2.9445748,5.701765,68,3.432516
