NVMe_from_ceph,NVMe_from_transfer,NVMe_total_util
0.57395285,3.263978,5.9479365
0.6354523,3.287863,5.974826
0.65242493,3.0124805,5.7278924
0.6524891,2.9445748,5.701765
