NVMe_from_ceph,NVMe_from_transfer,NVMe_total_util,num_workers,Goodput
1.0629222,3.2539132,6.136745,53,3.4016001
0.61693484,3.1658964,5.9815559999999985,53,3.495067
0.42573547,3.523847,6.254207,53,3.851872
0.34278417,3.828297,6.5413837,53,4.075077
