NVMe_from_ceph,NVMe_from_transfer,NVMe_total_util,num_workers,Goodput
1.0024505,0.46102515,1.470784,54,0.3608089
0.1887269,0.7345851,1.9700279,54,0.85328543
0.07972565,0.59640896,1.7426479,54,0.73373425
0.39568987,0.8051491,2.1872249,54,0.94876754
