NVMe_from_ceph,NVMe_from_transfer,NVMe_total_util
1.0402061,3.6911886,6.184848
0.62138575,4.1194043,6.487803
0.2538681,3.768915,6.1947875
0.26668787,3.757932,6.104425
