NVMe_from_ceph,NVMe_from_transfer,NVMe_total_util,num_workers,Goodput
1.0402061,3.6911886,6.1848480000000015,85,3.515451
0.62138575,4.1194042999999985,6.487803,85,4.0018797
0.2538681,3.768915,6.1947875,85,3.4945335
0.26668787,3.757932,6.104425,85,3.477752
