NVMe_from_ceph,NVMe_from_transfer,NVMe_total_util
0.7823958,2.6894393,4.9102044
0.6479982,4.25705,6.534769
0.6572948,3.126928,5.3768554
0.5552796,3.8951018,6.1615863
