NVMe_from_ceph,NVMe_from_transfer,NVMe_total_util,num_workers,Goodput
0.7823958000000001,2.6894393,4.9102044000000005,85,2.726615
0.6479982,4.25705,6.534769,85,4.2177896
0.6572948000000001,3.126928,5.3768554,85,3.1820807
0.5552796,3.8951018,6.1615863,85,3.6123478
