CPU,CPU_count,Goodput,Memory_total,Memory_used,NIC_speed,NVMe_from_ceph,NVMe_from_transfer,NVMe_total_util,Storage_count,network_throughput,num_workers
1.1959999999341866,16.0,0.0,34359738368.0,100171776.0,100000000000.0,0.0,1415577.5999999999,0.01180000000167638,8.0,158917.73333333334,50.0
1.570666666701436,16.0,618479889.0666666,34359738368.0,562266112.0,100000000000.0,34952.53333333333,299631684.26666665,0.5121999999993325,8.0,276078959.0,50.0
2.69066666662693,16.0,759091950.9333334,34359738368.0,562266112.0,100000000000.0,134252680.53333333,844045516.8000001,2.038266666668157,8.0,861439438.9333333,50.0
2.7153333333631355,16.0,883469601.226585,34359738368.0,559968256.0,100000000000.0,134219912.53333333,770125550.9333333,2.2231999999979353,8.0,779429432.7333333,50.0
2.9,16.0,781177275.7333332,34359738368.0,559968256.0,100000000000.0,134217728.0,815636206.9333334,2.7062000000015054,8.0,813240052.1333333,50.0
2.839072847671017,16.0,769755253.0168678,34359738368.0,556552192.0,100000000000.0,133473178.27814572,781554504.9006623,2.537350993378347,8.0,779831998.9403974,50.0
2.5932885906002765,16.0,778488695.4666667,34359738368.0,556552192.0,100000000000.0,19915906.57718121,645819343.8926175,1.9826845637574981,8.0,656675102.6845638,50.0
3.250983267767247,16.0,904708369.0666666,34359738368.0,557248512.0,100000000000.0,19925984.667688824,1009515325.1116593,2.8480101326557588,8.0,1016310325.4449704,50.0
2.8709913994775444,16.0,769758446.9333334,34359738368.0,557248512.0,100000000000.0,19924272.284818985,818008257.6171744,2.366691112742277,8.0,822294574.9716648,50.0
