CPU,CPU_count,Goodput,Memory_total,Memory_used,NIC_speed,NVMe_from_ceph,NVMe_from_transfer,NVMe_total_util,Storage_count,network_throughput,num_workers
1.2522168144257346,16.0,0.0,34359738368.0,123322368.0,100000000000.0,0.0,1756481.8987932529,0.014200946730977262,8.0,408155.14367624506,40.0
2.027064862367344,16.0,969753873.2603704,34359738368.0,551669760.0,100000000000.0,41802627.55816279,557945591.8938738,1.1126591560557042,8.0,558561695.4203054,40.0
2.736982465532472,16.0,884245742.9333333,34359738368.0,551669760.0,100000000000.0,134226676.44509634,788812207.7471831,2.161077405159661,8.0,791117965.9977331,40.0
3.1656556228641013,16.0,1068643669.3333335,34359738368.0,553873408.0,100000000000.0,134352950.33664423,1038376274.6483568,2.8832744483725614,8.0,1035692634.9576695,40.0
3.109673978321101,16.0,992616413.8666667,34359738368.0,553873408.0,100000000000.0,134086856.99046604,1030282590.5727049,2.662244149606854,8.0,1044720468.0978732,40.0
2.695333333344509,16.0,886712456.5333334,34359738368.0,553390080.0,100000000000.0,98640418.13333334,785622903.4666666,2.1492666666648197,8.0,793940520.2,40.0
3.5506666666517654,16.0,1004279653.8435895,34359738368.0,553390080.0,100000000000.0,19922944.0,1067955814.4,2.9427999999995036,8.0,1075688121.4,40.0
3.779333333298564,16.0,921471667.2221853,34359738368.0,552869888.0,100000000000.0,19927313.066666666,1003247752.5333333,2.2795333333352272,8.0,993884354.2666667,40.0
3.143333333389213,16.0,700861981.7321155,34359738368.0,552869888.0,100000000000.0,19922944.0,830955793.0666665,2.3349333333336593,8.0,834438380.1333333,40.0
