CPU,CPU_count,Goodput,Memory_total,Memory_used,NIC_speed,NVMe_from_ceph,NVMe_from_transfer,NVMe_total_util,Storage_count,network_throughput,num_workers
1.547763482432021,16.0,0.0,34359738368.0,112308224.0,100000000000.0,0.0,1756247.7168188784,0.015332311178013036,8.0,2963413.7057529497,40.0
2.9937081926362454,16.0,684344934.4,34359738368.0,577064960.0,100000000000.0,103128376.71368966,827304920.3258494,2.085568580700092,8.0,830884857.2090867,40.0
3.3580296624125126,16.0,735904017.0666666,34359738368.0,577064960.0,100000000000.0,134126476.34386954,1052070285.752634,2.3858130326847764,8.0,1046190438.2256224,40.0
3.1553333333693443,16.0,938433915.6056263,34359738368.0,573657088.0,100000000000.0,134287633.06666666,871093316.2666667,2.269999999999224,8.0,883318503.5333333,40.0
3.3860000000024835,16.0,925334708.7139143,34359738368.0,573657088.0,100000000000.0,134152192.0,914483063.4666666,2.666066666673093,8.0,932066185.7333333,40.0
3.032335488985412,16.0,771991729.6180255,34359738368.0,568676352.0,100000000000.0,46629788.11920795,711442347.8898593,2.2316821121368045,8.0,712142374.8249884,40.0
3.358976068285708,16.0,938343106.6071072,34359738368.0,568676352.0,100000000000.0,19925984.667688824,989732144.7903473,2.407439504037038,8.0,997815006.7328845,40.0
3.2416827788755183,16.0,865290001.0666666,34359738368.0,568582144.0,100000000000.0,19924272.284818985,875093919.3279552,2.3803586905780056,8.0,884126977.1318088,40.0
3.308979401334749,16.0,957259229.8666666,34359738368.0,568582144.0,100000000000.0,19925984.667688824,921596996.4669023,2.3692420505239737,8.0,923538849.7433505,40.0
