NVMe_from_ceph,NVMe_from_transfer,NVMe_total_util
0.5870602,0.71316296,2.1198266
0.17495584,0.7388524,2.273689
0.1493076,0.7351508,2.249912
0.2417464,0.75450176,2.2998054
