NVMe_from_ceph,NVMe_from_transfer,NVMe_total_util,num_workers,Goodput
0.63702106,0.90739477,2.6249757,54,0.9680357
0.20761906,0.9451486,2.6705358,54,0.975204
0.1380095,0.9560518,2.7283494,54,0.9322957
0.12398982,0.98424405,2.8098187,54,1.0196998
