NVMe_from_ceph,NVMe_from_transfer,NVMe_total_util,num_workers,Goodput
0.6274746,3.270138,5.717095400000002,65,3.8848283
0.6022731,3.4474049,5.9482856,65,3.5272143
0.55615675,3.4176934,5.8926387,65,3.547494
0.6916714,3.2894367999999994,5.827279,65,3.748884
