NVMe_from_ceph,NVMe_from_transfer,NVMe_total_util
0.6274746,3.270138,5.7170954
0.6022731,3.4474049,5.9482856
0.55615675,3.4176934,5.8926387
0.6916714,3.2894368,5.827279
