NVMe_from_ceph,NVMe_from_transfer,NVMe_total_util,num_workers,Goodput
0.9926584,3.6626399,6.098599,53,3.90391
0.34557694,3.653376,6.0228243,53,3.6704772
0.18034503,3.671649500000001,6.030203,53,3.8882124
0.3414868,3.6544175,5.9770985,53,3.427608
