NVMe_from_ceph,NVMe_from_transfer,NVMe_total_util
0.9926584,3.6626399,6.098599
0.34557694,3.653376,6.0228243
0.18034503,3.6716495,6.030203
0.3414868,3.6544175,5.9770985
