NVMe_from_ceph,NVMe_from_transfer,NVMe_total_util,num_workers,Goodput
0.3898234,0.8505246,2.5076323,54,0.9391953
0.16888022,0.8372814000000001,2.4350731,54,0.9479548
0.23897521,0.8474152,2.4463727000000004,54,0.9620731
0.2838845,0.977328,2.6543286,54,1.0136933
