NVMe_from_ceph,NVMe_from_transfer,NVMe_total_util
0.3898234,0.8505246,2.5076323
0.16888022,0.8372814,2.4350731
0.23897521,0.8474152,2.4463727
0.2838845,0.977328,2.6543286
