NVMe_from_ceph,NVMe_from_transfer,NVMe_total_util,num_workers,Goodput
0.1644739,3.5239050000000005,5.9709473,58,3.5753176
-0.047252897,3.6290565,6.072472,58,3.3588147
0.05847648,3.4453487000000003,5.910576,58,3.320084
0.089880556,3.6826062,6.152025,58,3.3433876
