NVMe_from_ceph,NVMe_from_transfer,NVMe_total_util
0.6628869,3.082342,5.6138515
0.53352654,3.141512,5.6679745
0.54431653,3.341742,5.818321
0.49019063,3.1039329,5.5578265
