NVMe_from_ceph,NVMe_from_transfer,NVMe_total_util,num_workers,Goodput
0.6628869000000001,3.082342,5.6138515,65,3.5724478
0.53352654,3.141512,5.6679745000000015,65,3.5373123
0.54431653,3.341742,5.818321,65,3.8030255
0.49019063,3.1039329,5.5578265,65,3.658295
