NVMe_from_ceph,NVMe_from_transfer,NVMe_total_util,num_workers,Goodput
0.23500602,0.64137775,1.8782092,54,0.825156
0.1717598,0.6718185,1.9381285,54,0.80381584
0.2569047,0.67601466,1.9590789,54,0.8277968
0.2383828,0.67605627,1.9677083,54,0.8277968
