NVMe_from_ceph,NVMe_from_transfer,NVMe_total_util,num_workers,Goodput
0.69024646,4.259971599999999,6.6845546,85,4.0581255
0.6139248,3.5339882000000005,6.0277095,85,3.4922001
0.33475426,4.189877,6.6106786999999985,85,4.2751036
0.51652306,3.5020447,5.9885199999999985,85,3.473506
