NVMe_from_ceph,NVMe_from_transfer,NVMe_total_util
0.69024646,4.2599716,6.6845546
0.6139248,3.5339882,6.0277095
0.33475426,4.189877,6.6106787
0.51652306,3.5020447,5.98852
