NVMe_from_ceph,NVMe_from_transfer,NVMe_total_util,num_workers,Goodput
0.5844937,3.6349947,6.145592,52,3.5876653
0.47838533,2.9826386,5.578951,52,3.2525768
0.12649691,3.469845,5.7516375,52,3.3134446
0.251044,3.8034859,6.1882815,52,3.9122205
