NVMe_from_ceph,NVMe_from_transfer,NVMe_total_util
1.016554,2.3324766,4.5547028
1.2715771,2.4359999,4.9721994
1.2763976,2.641241,5.070319
1.5937084,2.5310986,4.8543925
