CPU,CPU_count,Goodput,Memory_total,Memory_used,NIC_speed,NVMe_from_ceph,NVMe_from_transfer,NVMe_total_util,Storage_count,network_throughput,num_workers
1.1713333333532017,16.0,0.0,34359738368.0,126840832.0,100000000000.0,1092.2666666666667,1668983.4666666668,0.01413333333330229,8.0,233934.8,70.0
1.7606666666766007,16.0,683774156.8,34359738368.0,126840832.0,100000000000.0,10835285.333333332,312815616.0,0.6525333333294839,8.0,294842673.8666667,70.0
2.896666666616996,16.0,587166242.1333333,34359738368.0,588771328.0,100000000000.0,134359722.66666666,808123596.7999998,2.430200000004455,8.0,823483141.4,70.0
2.9126666666939856,16.0,863674246.9037154,34359738368.0,588771328.0,100000000000.0,134077917.86666667,727708740.2666667,2.376866666666077,8.0,729135334.0666667,70.0
3.183779464668475,16.0,830883524.229075,34359738368.0,588337152.0,100000000000.0,134340508.72286588,910591693.1681981,2.8345984818203407,8.0,912071280.5300306,70.0
3.144840475222032,16.0,1012717451.251998,34359738368.0,588337152.0,100000000000.0,124860471.49913229,913883980.2429582,2.7313442798006267,8.0,898525838.8733147,70.0
3.3026666666691504,16.0,1025176807.2610785,34359738368.0,578953216.0,100000000000.0,19927313.066666666,1048232209.0666666,2.883800000000823,8.0,1076450948.2666667,70.0
2.839333333323399,16.0,735609924.2666667,34359738368.0,578953216.0,100000000000.0,19922944.0,787395925.3333334,2.1869333333316416,8.0,776740478.7333333,70.0
2.935116789787075,16.0,883389324.9783349,34359738368.0,575741952.0,100000000000.0,19961287.815265857,829425417.1824051,2.5494110600955535,8.0,845537915.5520065,70.0
