CPU,CPU_count,Goodput,Memory_total,Memory_used,NIC_speed,NVMe_from_ceph,NVMe_from_transfer,NVMe_total_util,Storage_count,network_throughput,num_workers
1.212666666600853,16.0,2218.518765415639,34359738368.0,93634560.0,100000000000.0,2218.6666666666665,1258291.2,0.012199999995452042,8.0,692692.2666666667,8.0
2.392666666706403,16.0,284738496.1664111,34359738368.0,93634560.0,100000000000.0,95420416.00000003,583100825.6,1.7537333333360343,8.0,586381360.5333333,8.0
2.429333333329608,16.0,653655552.0,34359738368.0,548278272.0,100000000000.0,134219912.53333333,588978312.5333333,1.7875333333329766,8.0,591188147.3333334,8.0
2.550000000062088,16.0,575719681.6212252,34359738368.0,548278272.0,100000000000.0,134217728.0,648623718.4,1.9861333333324485,8.0,651543465.6,8.0
2.451333333210399,16.0,619608138.1425428,34359738368.0,546467840.0,100000000000.0,134222097.06666666,561826747.7333333,1.7628666666666202,8.0,574269404.7333333,8.0
2.0680000000633303,16.0,496718370.1333333,34359738368.0,548478976.0,100000000000.0,52988040.533333324,440850022.4,1.3301333333346217,8.0,444132360.26666665,8.0
2.448370108673081,16.0,521819990.1405636,34359738368.0,548478976.0,100000000000.0,19925984.667688824,606703309.9126724,1.7028864742359047,8.0,608693610.4926338,8.0
2.3666666666666667,16.0,495045145.10641134,34359738368.0,548478976.0,100000000000.0,19922944.0,565235165.8666667,1.516199999999177,8.0,570757409.3333334,8.0
2.5043002866125104,16.0,642129300.1799879,34359738368.0,548438016.0,100000000000.0,19928641.642776184,624459354.3569571,1.73504900326527,8.0,624254049.1366091,8.0
