NVMe_from_ceph,NVMe_from_transfer,NVMe_total_util,num_workers,Goodput
0.64337724,0.94458914,2.5583303,54,0.98644936
0.21817105,0.920914,2.542392,54,0.94486713
0.14343670000000006,0.93443054,2.5411575,54,0.9503193
0.14752457,0.95733345,2.59689,54,0.9322957
