NVMe_from_ceph,NVMe_from_transfer,NVMe_total_util
0.64337724,0.94458914,2.5583303
0.21817105,0.920914,2.542392
0.1434367,0.93443054,2.5411575
0.14752457,0.95733345,2.59689
