NVMe_from_ceph,NVMe_from_transfer,NVMe_total_util,num_workers,Goodput
0.57498646,3.6847749,6.111456,54,3.6133604
0.67872363,3.7014124,6.156689,54,3.388216
0.7149611,3.2715015,5.796033400000002,54,3.6818497
0.5910101,3.4997404000000003,5.970333,54,3.4031436
