NVMe_from_ceph,NVMe_from_transfer,NVMe_total_util
0.57498646,3.6847749,6.111456
0.67872363,3.7014124,6.156689
0.7149611,3.2715015,5.7960334
0.5910101,3.4997404,5.970333
