NVMe_from_ceph,NVMe_from_transfer,NVMe_total_util,num_workers,Goodput
0.7411748,2.0644104,4.4222364,69,2.6995077
1.5977176000000002,2.4969773,4.929828,69,2.9553816
1.7161325,2.7931988,5.342735299999998,69,3.2995772
1.4876348999999998,3.0449936,5.5596623,69,3.4936128
