NVMe_from_ceph,NVMe_from_transfer,NVMe_total_util
0.7411748,2.0644104,4.4222364
1.5977176,2.4969773,4.929828
1.7161325,2.7931988,5.3427353
1.4876349,3.0449936,5.5596623
