NVMe_from_ceph,NVMe_from_transfer,NVMe_total_util,num_workers,Goodput
1.2023915,3.3264017,5.9090657,53,3.487253
0.25797108,3.903252,6.2489104000000015,53,3.957407
0.101221055,3.9435706,6.3219557,53,3.9425852
-0.3019141,4.004311,6.3882008,53,2.8118482
