NVMe_from_ceph,NVMe_from_transfer,NVMe_total_util
1.2023915,3.3264017,5.9090657
0.25797108,3.903252,6.2489104
0.101221055,3.9435706,6.3219557
-0.3019141,4.004311,6.3882008
