NVMe_from_ceph,NVMe_from_transfer,NVMe_total_util,num_workers,Goodput
0.5867675,3.9625096,6.37262,54,3.71454
0.5771458,3.8111014,6.3093624,54,3.985296
0.70032704,3.345934,6.167471400000001,54,3.6738245
0.8179733,3.1975124,6.1561704000000015,54,3.4821413
