NVMe_from_ceph,NVMe_from_transfer,NVMe_total_util
0.5867675,3.9625096,6.37262
0.5771458,3.8111014,6.3093624
0.70032704,3.345934,6.1674714
0.8179733,3.1975124,6.1561704
