NVMe_from_ceph,NVMe_from_transfer,NVMe_total_util
1.7003281,2.9322512,5.414123
0.32787538,3.2770648,5.513759
0.067246616,3.5733707,5.6893964
-0.03332666,3.6551294,5.7551417
