NVMe_from_ceph,NVMe_from_transfer,NVMe_total_util,num_workers,Goodput
1.7003281000000003,2.9322512,5.414123,65,3.4691398
0.32787538,3.2770648,5.5137589999999985,65,3.5873945
0.067246616,3.5733707000000003,5.6893964000000015,65,3.1722472
-0.03332666,3.6551294,5.7551417,65,3.0994115
