NVMe_from_ceph,NVMe_from_transfer,NVMe_total_util
1.1786479,3.5571768,6.037492
-0.038960744,3.491232,5.843769
0.07996226,3.462096,5.7995515
-0.15949258,3.7667952,6.014549
