NVMe_from_ceph,NVMe_from_transfer,NVMe_total_util,num_workers,Goodput
1.1786479,3.5571768,6.0374919999999985,52,3.8613892
-0.038960744,3.491232,5.843769,52,3.4761832
0.07996226,3.462096,5.7995515,52,3.2505233
-0.15949258,3.7667952000000007,6.014549,52,3.1650136
