NVMe_from_ceph,NVMe_from_transfer,NVMe_total_util,num_workers,Goodput
1.4211086000000002,0.80117756,2.4196174,54,0.98494065
0.080008514,0.74466544,2.106303,54,0.8810626
0.086952075,0.8466959000000001,2.5201118,54,0.9198593
0.10709284,0.9122426,2.7027743,54,0.9394419
