NVMe_from_ceph,NVMe_from_transfer,NVMe_total_util
1.4211086,0.80117756,2.4196174
0.080008514,0.74466544,2.106303
0.086952075,0.8466959,2.5201118
0.10709284,0.9122426,2.7027743
