NVMe_from_ceph,NVMe_from_transfer,NVMe_total_util,num_workers,Goodput
0.48964253,0.75441986,2.2373302,54,0.8958827
0.17420307,0.790954,2.2572389,54,0.9338668
0.056885794,0.88703525,2.5576653,54,0.9280632
0.08473865,0.8613084999999999,2.485162,54,0.9540541
