NVMe_from_ceph,NVMe_from_transfer,NVMe_total_util
0.66915375,3.1527143,5.6903577
0.8362853,3.0709,5.812447
0.745581,3.0752962,5.747558
0.8711427,2.8988132,5.684304
