NVMe_from_ceph,NVMe_from_transfer,NVMe_total_util,num_workers,Goodput
0.03997306,3.2733188,5.9321065000000015,52,3.4857695
0.11117114,3.2116065,5.8264464999999985,52,3.7191577
-0.008949773000000001,3.5461001000000003,6.1139197,52,3.4487047
0.092732064,3.6017022000000005,6.201333,52,3.8550835
