NVMe_from_ceph,NVMe_from_transfer,NVMe_total_util
0.03997306,3.2733188,5.9321065
0.11117114,3.2116065,5.8264465
-0.008949773,3.5461001,6.1139197
0.092732064,3.6017022,6.201333
