num_workers,rmse
10,0.2691142420305437
10,0.4382958931144514
10,0.2778634577495612
10,0.4661966214090809
10,0.5008243051903768
10,0.7941559884558672
10,0.3257486712325503
10,0.2812140917575359
10,0.22236040615373745
10,0.1894053946141407
10,0.2597393698091258
10,0.3477173864480336
10,0.5001999504728056
10,0.3285535066023918
10,0.5140338336029421
10,0.30325259251033193
10,0.3955630260583716
10,0.2449144811211501
10,0.2808272707587869
10,0.20537684729117292
10,0.4237010547527846
