NVMe_from_ceph,NVMe_from_transfer,NVMe_total_util,num_workers,Goodput
0.36752525,0.8989048000000001,2.4249063,54,0.99116457
0.17868502,0.8974174000000001,2.421568,54,0.98901916
0.19054048,0.9204553,2.457309,54,0.9414632
0.39814824,0.92548084,2.4650830000000004,54,0.95097864
