NVMe_from_ceph,NVMe_from_transfer,NVMe_total_util
0.36752525,0.8989048,2.4249063
0.17868502,0.8974174,2.421568
0.19054048,0.9204553,2.457309
0.39814824,0.92548084,2.465083
