NVMe_from_ceph,NVMe_from_transfer,NVMe_total_util
0.53018,3.3743796,6.1949806
0.58294165,3.4473145,6.3194423
0.6912123,3.208528,6.049365
0.5733174,3.2099812,6.046625
