NVMe_from_ceph,NVMe_from_transfer,NVMe_total_util,num_workers,Goodput
0.53018,3.3743796,6.1949806,68,3.4309587
0.58294165,3.4473145,6.3194423,68,3.5786424
0.6912123,3.208528,6.049365,68,3.694597
0.5733174,3.2099812,6.046625,68,3.6549366
