NVMe_from_ceph,NVMe_from_transfer,NVMe_total_util,num_workers,Goodput
0.17345466,3.3565273,5.6663885,65,3.5225792
0.054896653,3.459454,5.7731028,65,3.3753443
-0.20153382,3.3092263,5.5270114,65,3.3068929
0.11614407,3.2124739,5.435539,65,3.6640408
