NVMe_from_ceph,NVMe_from_transfer,NVMe_total_util
1.4542477,3.6707456,6.084456
1.6108711,3.949841,6.5343466
1.3974785,3.3964987,5.9712644
1.3292451,3.0973878,5.4988856
