NVMe_from_ceph,NVMe_from_transfer,NVMe_total_util,num_workers,Goodput
1.4542476999999998,3.6707456,6.0844559999999985,53,3.960797
1.6108711000000002,3.949841,6.534346599999999,53,3.791499
1.3974785,3.3964987,5.9712644,53,3.494705
1.3292451,3.0973878,5.4988856,53,3.6940298
