NVMe_from_ceph,NVMe_from_transfer,NVMe_total_util
0.44235036,3.5074716,5.878427
0.38861713,3.6939616,6.1000605
0.35304263,3.5983207,6.0148473
0.41122967,3.6143088,6.021326
