NVMe_from_ceph,NVMe_from_transfer,NVMe_total_util,num_workers,Goodput
0.44235036,3.5074716,5.8784269999999985,52,3.4994283
0.38861713,3.6939616,6.1000605000000006,52,3.6322274
0.35304263,3.5983207000000004,6.0148473,52,3.7645288
0.41122967,3.6143088,6.021326,52,3.6434515
