NVMe_from_ceph,NVMe_from_transfer,NVMe_total_util,num_workers,Goodput
0.8581485000000001,0.34784403,1.2553691,54,0.2974323
0.09979191,0.6107026,1.6392307000000002,54,0.7353925
0.15911314,0.6443934,1.7142363,54,0.7959807
0.5027388,0.77507526,2.0545359,54,0.86187625
