NVMe_from_ceph,NVMe_from_transfer,NVMe_total_util
0.6995842,2.7635736,5.3750386
1.3622926,3.2334523,5.856356
1.3517622,4.074758,6.903746
1.4193012,3.471095,6.212932
