NVMe_from_ceph,NVMe_from_transfer,NVMe_total_util,num_workers,Goodput
0.6995842,2.7635736,5.3750386,69,3.2305038
1.3622926000000002,3.2334523,5.856356,69,3.5002174
1.3517622,4.074758,6.903746000000001,69,4.146638
1.4193011999999998,3.471095,6.212932,69,3.483435
