NVMe_from_ceph,NVMe_from_transfer,NVMe_total_util,num_workers,Goodput
0.7074871,3.5834155,5.967526,52,3.5530362
0.57052565,3.5550265,5.954125,52,3.4087327
0.42472616,3.6565752,6.0423145,52,3.70151
0.5901488,3.4316201,5.8306537,52,3.277476
