NVMe_from_ceph,NVMe_from_transfer,NVMe_total_util
0.9046914,4.473574,6.7066054
0.20194401,3.7396383,5.860408
0.2576996,3.809716,5.944078
0.57611555,3.7931752,6.1149435
