NVMe_from_ceph,NVMe_from_transfer,NVMe_total_util,num_workers,Goodput
0.9046914,4.473574,6.7066054,69,4.4601374
0.20194401,3.7396383,5.8604080000000005,69,3.532827
0.25769960000000003,3.809716,5.944078,69,3.5770411
0.57611555,3.7931752,6.1149435,69,3.5715475
