num_workers,rmse
60,1.3764514416666218
60,1.2702751463649524
60,1.2552437854277436
60,1.2951200410448065
60,1.4077371883553893
60,1.3982636860871562
60,1.3990453425333702
60,1.4123014315766824
60,1.4202777170202554
60,1.3613878289998935
60,1.2704089206903977
60,1.3727952929975618
60,1.3105914808382335
60,1.340977548525502
60,1.2586163136245307
60,1.2969578088904798
60,1.5110182836872394
60,1.3055162076383782
60,1.398617105522767
60,1.407565952721903
60,1.2589793008127736
