NVMe_from_ceph,NVMe_from_transfer,NVMe_total_util
0.489949,0.91075736,2.4123752
0.26258996,0.8808358,2.3563511
0.3233986,0.79407674,2.1788557
0.24218605,0.7748598,2.135365
