NVMe_from_ceph,NVMe_from_transfer,NVMe_total_util,num_workers,Goodput
0.489949,0.91075736,2.4123752,54,0.994346
0.26258996,0.8808358000000001,2.3563511000000004,54,0.97306204
0.3233986,0.79407674,2.1788557,54,0.97315633
0.24218605,0.7748598000000001,2.135365,54,0.8661908
