NVMe_from_ceph,NVMe_from_transfer,NVMe_total_util
0.95897937,3.487683,6.1178327
1.5082638,2.466255,5.222557
1.5042008,4.1200986,6.9164615
1.6428313,3.6484501,6.310828
