NVMe_from_ceph,NVMe_from_transfer,NVMe_total_util,num_workers,Goodput
0.95897937,3.487683,6.1178327,69,3.6832733
1.5082638000000002,2.466255,5.222557,69,2.899025
1.5042008,4.1200986,6.9164615000000005,69,3.933826
1.6428313,3.6484501,6.310828,69,3.5406442
