NVMe_from_ceph,NVMe_from_transfer,NVMe_total_util,num_workers,Goodput
0.5675680999999999,4.1742153,6.426066400000002,69,3.8448205
0.6044177,4.072931,6.3150096,69,3.7095006
0.2784145,4.112547,6.2539363,69,3.761595
1.1509535,4.722105,7.0216208,69,4.5809927
