NVMe_from_ceph,NVMe_from_transfer,NVMe_total_util
0.5675681,4.1742153,6.4260664
0.6044177,4.072931,6.3150096
0.2784145,4.112547,6.2539363
1.1509535,4.722105,7.0216208
