NVMe_from_ceph,NVMe_from_transfer,NVMe_total_util
0.78133494,3.396665,6.0667005
0.5436991,3.2745955,5.904671
0.60618496,3.2802312,5.8488064
0.59562075,3.3308475,5.9109406
