NVMe_from_ceph,NVMe_from_transfer,NVMe_total_util
0.5977185,3.6444986,6.1252565
0.58791703,3.9576886,6.4368544
0.6849824,3.6482544,6.2260723
0.66289824,3.2537467,5.920484
