NVMe_from_ceph,NVMe_from_transfer,NVMe_total_util,num_workers,Goodput
0.5977185,3.6444986,6.1252565,68,3.5311468
0.58791703,3.9576886,6.4368544000000005,68,3.9904835
0.6849824000000001,3.6482544,6.2260723,68,3.688016
0.66289824,3.2537467,5.920484,68,3.804318
