NVMe_from_ceph,NVMe_from_transfer,NVMe_total_util,num_workers,Goodput
1.0426055,3.005615,5.1602407,62,3.3370144
1.4993972,3.5271158,5.682754,62,3.204943
1.4987022,3.9338527,6.1989410000000005,62,3.7029068
1.3401028999999998,3.4289365,5.8449826,62,3.568402
