NVMe_from_ceph,NVMe_from_transfer,NVMe_total_util
0.19369425,3.8751116,6.1420064
0.18520321,3.7171469,5.9321833
0.08088864,4.3107452,6.4992986
-0.29717755,4.0664325,6.301424
