NVMe_from_ceph,NVMe_from_transfer,NVMe_total_util,num_workers,Goodput
0.19369425,3.8751116,6.1420064000000005,69,3.314982
0.18520321,3.7171469,5.9321833,69,3.6685948
0.08088864,4.3107452,6.4992986,69,3.3418486
-0.29717755,4.0664325,6.301424,69,2.954365
