NVMe_from_ceph,NVMe_from_transfer,NVMe_total_util
1.0416116,3.507717,5.724425
0.3585541,3.5861685,5.5700774
0.32372782,3.6395802,5.673726
0.3382533,3.6351862,5.659974
