NVMe_from_ceph,NVMe_from_transfer,NVMe_total_util,num_workers,Goodput
1.0416116,3.507717,5.724425,49,3.4023297
0.3585541,3.5861685,5.5700774000000015,49,3.5111492
0.32372782,3.6395802,5.673726,49,2.9982781
0.3382533,3.6351862,5.659974,49,3.1021836
