CPU,CPU_count,Goodput,Memory_total,Memory_used,NIC_speed,NVMe_from_ceph,NVMe_from_transfer,NVMe_total_util,Storage_count,network_throughput,num_workers
1.180878725230964,16.0,128204.79999999999,34359738368.0,93188096.0,100000000000.0,1092.3394892992865,1756481.8987932529,0.015467697847733901,8.0,596008.2672178145,8.0
1.9379999999577804,16.0,15719373.203523414,34359738368.0,93188096.0,100000000000.0,46766489.599999994,356392140.8,1.0276666666672098,8.0,357697330.06666666,8.0
2.6980000000757483,16.0,702207433.058184,34359738368.0,548671488.0,100000000000.0,134219912.53333333,688404070.4,2.022466666664695,8.0,691702705.0666667,8.0
2.6253333333569264,16.0,660127470.9333334,34359738368.0,547848192.0,100000000000.0,134217728.0,664268253.8666667,2.0110000000005432,8.0,656641612.5333333,8.0
2.422666666594645,16.0,640392226.1333332,34359738368.0,547848192.0,100000000000.0,134292002.13333333,563367662.9333333,1.7621333333353202,8.0,578726264.7333333,8.0
2.379708019461644,16.0,530771968.0,34359738368.0,548917248.0,100000000000.0,94365548.96340245,566940354.376375,1.6579561362584987,8.0,562696773.0151323,8.0
2.2956197079768064,16.0,551520256.0,34359738368.0,548917248.0,100000000000.0,19928641.642776184,497416175.47836524,1.355557037133527,8.0,499624911.6607774,8.0
2.232666666743656,16.0,436136618.6666667,34359738368.0,548917248.0,100000000000.0,19922944.0,544713932.8,1.4504666666674892,8.0,550058949.8,8.0
2.4099999999317028,16.0,643970150.4,34359738368.0,548716544.0,100000000000.0,19927313.066666666,586909286.4,1.6135333333319675,8.0,594788869.0666667,8.0
