NVMe_from_ceph,NVMe_from_transfer,NVMe_total_util
1.1387683,0.52157927,1.7082638
0.17185982,0.80368584,2.275821
0.084417894,0.7680535,2.2020025
0.09066067,0.64556134,1.9003959
