NVMe_from_ceph,NVMe_from_transfer,NVMe_total_util,num_workers,Goodput
1.1387683000000002,0.52157927,1.7082638,54,0.660017
0.17185982,0.80368584,2.275821,54,0.91237694
0.08441789400000001,0.7680535,2.2020025000000003,54,0.8655472
0.09066067,0.64556134,1.9003959,54,0.80575085
