NVMe_from_ceph,NVMe_from_transfer,NVMe_total_util
0.52596086,2.7990513,5.127223
1.2481573,2.2223876,4.6838865
1.3854741,2.6428099,5.079964
1.4025073,3.0554552,5.7087235
