NVMe_from_ceph,NVMe_from_transfer,NVMe_total_util,num_workers,Goodput
0.52596086,2.7990513,5.127223000000001,85,2.4141383
1.2481573,2.2223876,4.6838865,85,2.066968
1.3854741000000002,2.6428099,5.079964,85,2.6815553
1.4025073,3.0554552000000004,5.7087235,85,3.4683785
