NVMe_from_ceph,NVMe_from_transfer,NVMe_total_util,num_workers,Goodput
0.702562,3.3791664,6.244889700000001,58,3.6081312
0.72723705,4.769685,7.386423599999999,58,4.4514046
0.3916829,2.5413086,5.5935693,58,2.8475146
0.45450082,3.8815546,6.644562,58,3.9518812
