NVMe_from_ceph,NVMe_from_transfer,NVMe_total_util
0.702562,3.3791664,6.2448897
0.72723705,4.769685,7.3864236
0.3916829,2.5413086,5.5935693
0.45450082,3.8815546,6.644562
