NVMe_from_ceph,NVMe_from_transfer,NVMe_total_util,num_workers,Goodput
0.24189751,4.320510400000001,6.242237599999998,69,3.760889
0.28871602,4.242374,6.2326612,69,3.8751812
-0.22421584,4.205231,6.1326364999999985,69,2.5041256
-0.06093027400000001,3.990235,5.993372,69,2.8183606
