NVMe_from_ceph,NVMe_from_transfer,NVMe_total_util
0.24189751,4.3205104,6.2422376
0.28871602,4.242374,6.2326612
-0.22421584,4.205231,6.1326365
-0.060930274,3.990235,5.993372
