CPU,CPU_count,Goodput,Memory_total,Memory_used,NIC_speed,NVMe_from_ceph,NVMe_from_transfer,NVMe_total_util,Storage_count,network_throughput,num_workers
1.261999999980132,16.0,0.0,34359738368.0,94560256.0,100000000000.0,0.0,1913651.1999999997,0.01653333333670162,8.0,512145.73333333334,8.0
1.2546666666865347,16.0,448140214.1994363,34359738368.0,539258880.0,100000000000.0,1092.2666666666667,50468454.400000006,0.1488666666652231,8.0,41091339.2,8.0
2.757999999976406,16.0,675595862.1241416,34359738368.0,539258880.0,100000000000.0,124780544.00000003,714540100.2666667,2.1146000000007916,8.0,721274031.1333333,8.0
2.7373333333681025,16.0,718029059.3960403,34359738368.0,540774400.0,100000000000.0,134219912.53333333,714127223.4666667,2.139999999996508,8.0,719387574.1333333,8.0
2.5906666666269302,16.0,644044047.158564,34359738368.0,540774400.0,100000000000.0,134217728.0,647587430.4,1.9766000000022663,8.0,656637386.6,8.0
2.9819999999677145,16.0,656348817.6083748,34359738368.0,540672000.0,100000000000.0,134222097.06666666,610976563.2,1.9078666666677842,8.0,2486850142.4666667,8.0
3.874000000022352,16.0,631192507.7333332,34359738368.0,540672000.0,100000000000.0,27962026.666666664,678051293.8666667,1.9250666666640124,8.0,5132388065.533334,8.0
2.210000000024835,16.0,427797624.9083272,34359738368.0,540774400.0,100000000000.0,19927313.066666666,517110442.6666666,1.407333333332402,8.0,519151621.8,8.0
2.386666666654249,16.0,602289957.2157097,34359738368.0,540774400.0,100000000000.0,19922944.0,580439790.9333333,1.5750666666659525,8.0,572999124.8,8.0
