num_workers,rmse
40,1.284105294973072
40,1.408037243961581
40,1.6182965561653506
40,1.2683605540574707
40,1.231956381284311
40,1.2566189241948706
40,1.0525110589534532
40,1.3819958714512135
40,1.3143528859617464
40,1.3273569299379242
40,1.2629004430480506
40,1.2652644631518806
40,1.3349011681109562
40,1.2474209534275718
40,1.2174542647384574
40,1.5392442058489952
40,1.4018260400372828
40,1.2731851721056873
40,1.3065927372254824
40,1.1763276992207023
40,1.264504919250646
