CPU,CPU_count,Goodput,Memory_total,Memory_used,NIC_speed,NVMe_from_ceph,NVMe_from_transfer,NVMe_total_util,Storage_count,network_throughput,num_workers
1.1795453030636658,16.0,149855.32368824587,34359738368.0,109105152.0,100000000000.0,1092.3394892992865,1835130.3420228013,0.015801053403141113,8.0,641384.0256017067,30.0
1.2779999999950327,16.0,504244906.6666667,34359738368.0,564736000.0,100000000000.0,0.0,109696341.33333333,0.17059999999861852,8.0,109398900.33333333,30.0
2.934666666761041,16.0,880442381.1745886,34359738368.0,567320576.0,100000000000.0,118980608.00000001,891969809.0666667,2.260400000001149,8.0,892550652.2666667,30.0
2.729684687621678,16.0,617533166.9333334,34359738368.0,567320576.0,100000000000.0,134418481.9678688,776339855.7429504,2.186387574166255,8.0,767320233.8510766,30.0
2.7289819320940367,16.0,892536723.4921693,34359738368.0,567320576.0,100000000000.0,134021316.62110808,749203431.6954463,2.0024668311184266,8.0,749062746.7831188,30.0
2.4230384641235014,16.0,748431314.9259704,34359738368.0,568655872.0,100000000000.0,134208780.7479501,628830338.244117,1.8330111325913623,8.0,654454355.309646,30.0
2.9763317554752002,16.0,822774067.8621424,34359738368.0,568655872.0,100000000000.0,32931850.923394896,931112638.4425629,2.436962464165954,8.0,917079719.5813054,30.0
2.9190053996574075,16.0,1009690760.5333333,34359738368.0,567939072.0,100000000000.0,19921615.89227385,894410380.1079929,2.3549763349103543,8.0,922462899.4733685,30.0
2.950996733085737,16.0,747267157.5438362,34359738368.0,567939072.0,100000000000.0,19928641.642776184,911865889.7259816,2.3314220948071123,8.0,912105472.6981798,30.0
