CPU,CPU_count,Goodput,Memory_total,Memory_used,NIC_speed,NVMe_from_ceph,NVMe_from_transfer,NVMe_total_util,Storage_count,network_throughput,num_workers
1.2577828145013847,16.0,0.0,34359738368.0,60399616.0,100000000000.0,0.0,1756247.7168188784,0.015265648960088755,8.0,676397.8401439905,50.0
2.2262817520795526,16.0,162830266.78221455,34359738368.0,522182656.0,100000000000.0,521281881.7254483,489941296.3530901,1.9872658177192872,8.0,457264670.77805185,50.0
4.330000000012418,16.0,893931859.9906659,34359738368.0,522563584.0,100000000000.0,1983278830.9333336,948835669.3333333,5.625933333331098,8.0,973159827.0,50.0
4.3095793613846,16.0,805686923.5134957,34359738368.0,522563584.0,100000000000.0,2063355153.3897738,818028349.0433971,5.710352643162462,8.0,813372607.6261582,50.0
4.272000000004967,16.0,865948527.7833908,34359738368.0,522563584.0,100000000000.0,1980065382.3999999,800326178.1333333,5.527466666663531,8.0,830239991.6666666,50.0
4.279085272316719,16.0,870011554.4297048,34359738368.0,522502144.0,100000000000.0,1685628390.1593437,973964297.3531568,5.2646843122891935,8.0,976186034.2022802,50.0
3.0783281115163525,16.0,845659739.4492966,34359738368.0,522502144.0,100000000000.0,402386059.596027,723487502.9664689,2.8049463369102208,8.0,732712867.875475,50.0
3.285019001222045,16.0,865097247.3261143,34359738368.0,517832704.0,100000000000.0,402225616.1077404,867874101.4734316,3.0090672711495783,8.0,874712418.961264,50.0
3.0423305112917967,16.0,708389320.13113,34359738368.0,517832704.0,100000000000.0,403050113.4591027,733148230.65129,2.7307512832463248,8.0,734510831.944537,50.0
