NVMe_from_ceph,NVMe_from_transfer,NVMe_total_util,num_workers,Goodput
1.2304548,2.635198,4.88831,64,3.1103547
1.617159,3.1172934,5.5161190000000015,64,3.6101937
1.6506453,3.3557370000000004,5.869171,64,3.3773603
1.4426513,3.071947,5.638561,64,3.5004678
