NVMe_from_ceph,NVMe_from_transfer,NVMe_total_util,num_workers,Goodput
1.2473003,3.0034347,5.536939,69,3.7137897
0.14743611,3.4965696000000004,5.783301,69,3.346077
0.15282942,3.33068,5.670395,69,3.4632218
-0.09656188,3.5922418,5.815831,69,3.3102212
