NVMe_from_ceph,NVMe_from_transfer,NVMe_total_util,num_workers,Goodput
0.6417432,3.4494154000000004,5.78466,66,3.688782
0.65365976,3.082425,5.525795,66,3.5260975
0.82994837,2.913127,5.578725,66,3.460194
0.7759344,2.9912548,5.574285,66,3.5150595
