NVMe_from_ceph,NVMe_from_transfer,NVMe_total_util
0.5241147,3.432422,5.736422
0.38384,3.5852349,5.909085
0.4181678,3.4485972,5.7235756
0.1693784,3.5363257,5.8051047
