NVMe_from_ceph,NVMe_from_transfer,NVMe_total_util,num_workers,Goodput
0.5241147,3.4324220000000003,5.736422,66,3.5952523
0.38384,3.5852349,5.909085,66,3.7437878
0.4181678,3.4485972,5.723575599999998,66,3.6706083
0.16937839999999998,3.5363257000000003,5.8051047,66,3.3205247
