NVMe_from_ceph,NVMe_from_transfer,NVMe_total_util,num_workers,Goodput
0.2636513,0.8590781999999999,2.6278217,54,0.9149922
0.038361806,0.8980662,2.7771106,54,0.9488215
0.05594445,0.91066796,2.8228137,54,0.9405315
0.09220939,0.9036651,2.7801812000000004,54,0.9484408
