NVMe_from_ceph,NVMe_from_transfer,NVMe_total_util
0.2636513,0.8590782,2.6278217
0.038361806,0.8980662,2.7771106
0.05594445,0.91066796,2.8228137
0.09220939,0.9036651,2.7801812
