NVMe_from_ceph,NVMe_from_transfer,NVMe_total_util,num_workers,Goodput
0.5377934,0.8445671,2.3686093999999995,54,0.98478913
0.091080375,0.9585306999999998,2.5935354,54,0.9609779
0.14359288,0.88328826,2.4289587000000004,54,0.97363275
0.12243509,0.91956395,2.50855,54,0.9414632
