NVMe_from_ceph,NVMe_from_transfer,NVMe_total_util
0.5377934,0.8445671,2.3686094
0.091080375,0.9585307,2.5935354
0.14359288,0.88328826,2.4289587
0.12243509,0.91956395,2.50855
