NVMe_from_ceph,NVMe_from_transfer,NVMe_total_util
0.48297513,3.990649,6.624222
0.30765492,3.6928174,6.26303
0.2383427,3.9265723,6.4412956
0.4237039,3.7344384,6.284109
