NVMe_from_ceph,NVMe_from_transfer,NVMe_total_util
1.5512837,0.38569987,1.3293109
0.13486698,0.5496115,1.5657153
0.0952708,0.5962338,1.6408705
0.15633047,0.4547882,1.3220049
