NVMe_from_ceph,NVMe_from_transfer,NVMe_total_util,num_workers,Goodput
1.5512837,0.38569987,1.3293109,33,0.48079178
0.13486698,0.5496115,1.5657153,33,0.64954865
0.0952708,0.5962338,1.6408705,33,0.7075439
0.15633047,0.4547882,1.3220048999999998,33,0.5141414
