NVMe_from_ceph,NVMe_from_transfer,NVMe_total_util,num_workers,Goodput
0.7622174,2.1364293,4.9540076,54,2.3438714
1.1939442,1.9880714,5.098289,54,2.3510523
1.1741996,2.2113576,5.31531,54,2.394794
1.5565269,2.2070413,5.2944974999999985,54,2.4934025
