NVMe_from_ceph,NVMe_from_transfer,NVMe_total_util
0.6994828,3.6087484,6.01375
0.7232055,3.785827,6.1363297
0.45202172,3.3560634,5.8011656
0.5339068,3.7204762,6.0316987
