NVMe_from_ceph,NVMe_from_transfer,NVMe_total_util,num_workers,Goodput
0.6994828000000001,3.6087484,6.01375,69,3.5071628
0.7232055000000001,3.785827,6.1363297,69,3.4578164
0.45202172,3.3560634,5.801165599999999,69,3.668705
0.5339068,3.7204762,6.0316987,69,3.8829558
