NVMe_from_ceph,NVMe_from_transfer,NVMe_total_util
-0.5044629,3.788561,6.6631927
-0.04096451,3.9378202,6.523088
0.2591458,3.6332521,6.422709
0.2034106,3.9513512,6.6042824
