NVMe_from_ceph,NVMe_from_transfer,NVMe_total_util,num_workers,Goodput
-0.5044628999999999,3.788561,6.6631927,66,3.178721
-0.04096451,3.9378202,6.523088,66,3.351873
0.2591458,3.6332521,6.4227089999999984,66,3.5084288
0.2034106,3.9513512,6.6042824000000016,66,4.1250544
