NVMe_from_ceph,NVMe_from_transfer,NVMe_total_util,num_workers,Goodput
1.1194086,3.9227648,6.3776555,53,3.8824291
0.07291821400000001,3.715368,6.0759916,53,3.2712817
0.10358616,3.4280133000000004,5.7505217,53,3.4354527
0.03351618,3.5638433,5.926657,53,3.244004
