CPU,CPU_count,Goodput,Memory_total,Memory_used,NIC_speed,NVMe_from_ceph,NVMe_from_transfer,NVMe_total_util,Storage_count,network_throughput,num_workers
1.2520000000173845,16.0,0.0,34359738368.0,79593472.0,100000000000.0,2184.5333333333333,1843746.1333333333,0.01673333333261932,8.0,695229.6666666666,8.0
2.2946666666617,16.0,196807872.76021743,34359738368.0,535425024.0,100000000000.0,77349956.26666667,516516795.7333333,1.5168000000024524,8.0,509808325.8666667,8.0
2.4800000000124176,16.0,629431590.9606026,34359738368.0,535425024.0,100000000000.0,134326954.66666666,581952034.1333333,1.895400000002701,8.0,595105560.7333333,8.0
2.3946666666927436,16.0,635469453.6969131,34359738368.0,535425024.0,100000000000.0,134217728.0,580228437.3333334,1.8271333333318276,8.0,579409398.4666667,8.0
2.3533333333209154,16.0,469639807.47950137,34359738368.0,534077440.0,100000000000.0,134222097.06666666,532019336.5333334,1.736599999999938,8.0,539456020.0666667,8.0
2.503999999972681,16.0,659089383.5589038,34359738368.0,534077440.0,100000000000.0,68297250.13333333,634287445.3333334,1.8632666666662165,8.0,633010907.0,8.0
2.325999999977648,16.0,503903020.86527574,34359738368.0,535781376.0,100000000000.0,19927313.066666666,548391321.6,1.4767333333322314,8.0,555933050.4666667,8.0
2.4350376641569644,16.0,620910479.89866,34359738368.0,535781376.0,100000000000.0,19921615.89227385,620817184.9876674,1.7126858209439977,8.0,622998685.8876076,8.0
2.2062804187007896,16.0,511528824.37086093,34359738368.0,535748608.0,100000000000.0,19928641.642776184,467849822.5215014,1.2950863390923772,8.0,464979312.4874992,8.0
