CPU,CPU_count,Goodput,Memory_total,Memory_used,NIC_speed,NVMe_from_ceph,NVMe_from_transfer,NVMe_total_util,Storage_count,network_throughput,num_workers
1.22333333340163,16.0,0.0,34359738368.0,80809984.0,100000000000.0,1092.2666666666667,1494220.7999999998,0.014199999999254942,8.0,362171.86666666664,50.0
1.2339999999230105,16.0,681312996.3330889,34359738368.0,539320320.0,100000000000.0,0.0,35605435.733333334,0.10246666666935197,8.0,29561504.0,50.0
3.3626666666629417,16.0,990800554.6666667,34359738368.0,539320320.0,100000000000.0,121846715.73333333,1330363869.8666668,2.7593333333323242,8.0,1330051747.2666667,50.0
2.566947843679631,16.0,798089215.9999999,34359738368.0,540663808.0,100000000000.0,134295464.8924795,724252802.6612809,2.0184745158620165,8.0,731507849.2930974,50.0
3.199362041434768,16.0,852211559.2293848,34359738368.0,540663808.0,100000000000.0,134113125.23733576,955225338.4977597,2.791752107536471,8.0,965690883.7244626,50.0
2.489537518298695,16.0,620248317.3544902,34359738368.0,539271168.0,100000000000.0,134233939.4908703,625306562.1751299,2.031120884982693,8.0,621090768.0261229,50.0
2.730207430211088,16.0,781357602.1333332,34359738368.0,539271168.0,100000000000.0,30427272.46048156,764785187.7542853,2.0161408657394717,8.0,774950798.2391783,50.0
2.7666666666666666,16.0,717842225.9849343,34359738368.0,536199168.0,100000000000.0,19922944.0,789464951.4666667,2.1305999999982306,8.0,796201328.1333333,50.0
2.8472749051285486,16.0,883958527.3684913,34359738368.0,536199168.0,100000000000.0,19961287.815265853,827173939.1761496,2.202502162774263,8.0,823036707.5264524,50.0
