NVMe_from_ceph,NVMe_from_transfer,NVMe_total_util,num_workers,Goodput
0.6126712,3.545179,6.1305375,66,3.62235
0.59486365,3.3739013999999994,5.864693,66,3.4645176
0.6176577,3.5212686,6.1226129999999985,66,3.701176
0.70659554,3.2721531,5.895151,66,3.528222
