NVMe_from_ceph,NVMe_from_transfer,NVMe_total_util
2.5178235,2.870797,5.5969343
0.14001277,3.295941,5.687977
0.056730457,3.5226204,5.894971
-0.18871818,3.6195843,5.9599743
