NVMe_from_ceph,NVMe_from_transfer,NVMe_total_util,num_workers,Goodput
2.5178235,2.870797,5.5969343,68,3.3391664
0.14001277,3.2959410000000005,5.687977,68,3.7299855
0.05673045700000001,3.5226204,5.894971,68,3.1929228
-0.18871818,3.6195843,5.9599743,68,3.2138271
