NVMe_from_ceph,NVMe_from_transfer,NVMe_total_util,num_workers,Goodput
0.6688397,3.0522451,5.3299556,53,3.3292136
1.2867403999999998,3.5980341,5.854889,53,3.699367
1.4718973999999998,3.735885,6.224917,53,3.913899
1.3327355,3.621018,6.1454954000000015,53,3.8601117
