NVMe_from_ceph,NVMe_from_transfer,NVMe_total_util
0.6688397,3.0522451,5.3299556
1.2867404,3.5980341,5.854889
1.4718974,3.735885,6.224917
1.3327355,3.621018,6.1454954
