NVMe_from_ceph,NVMe_from_transfer,NVMe_total_util,num_workers,Goodput
1.3954057,3.3997624,5.932203,52,3.418959
0.05807169,3.3957105000000003,5.838768,52,3.3282895
-0.097838484,3.9251153,6.207103,52,3.2003913
0.09068698,3.8266367999999993,6.132891000000001,52,3.7670171
