NVMe_from_ceph,NVMe_from_transfer,NVMe_total_util
1.3954057,3.3997624,5.932203
0.05807169,3.3957105,5.838768
-0.097838484,3.9251153,6.207103
0.09068698,3.8266368,6.132891
