NVMe_from_ceph,NVMe_from_transfer,NVMe_total_util
1.3230227,0.7450647,2.411867
0.13570234,0.70025486,2.302038
0.046367586,0.7759543,2.4590547
0.13196272,0.8014126,2.5291529
