NVMe_from_ceph,NVMe_from_transfer,NVMe_total_util,num_workers,Goodput
1.3230227,0.7450647,2.411867,54,0.9480258
0.13570234,0.70025486,2.302038,54,0.8238828
0.046367586,0.7759543000000001,2.4590547000000003,54,0.8875011
0.13196272,0.8014126,2.5291529,54,0.92895764
