CPU,CPU_count,Goodput,Memory_total,Memory_used,NIC_speed,NVMe_from_ceph,NVMe_from_transfer,NVMe_total_util,Storage_count,network_throughput,num_workers
1.2200000000496707,16.0,0.0,34359738368.0,60026880.0,100000000000.0,2184.5333333333333,1913651.1999999997,0.017133333339976766,8.0,570751.6666666666,100.0
2.0230651289504245,16.0,63781614.93333333,34359738368.0,60026880.0,100000000000.0,37466617.95880275,406872518.89874005,0.9472701819815039,8.0,396708629.75801617,100.0
3.1493333332861466,16.0,841869575.6282915,34359738368.0,523759616.0,100000000000.0,134292002.13333333,947985612.8000001,2.6360666666645556,8.0,943935772.9333333,100.0
3.108426966327713,16.0,982947492.4994999,34359738368.0,523759616.0,100000000000.0,134253073.25842696,868425175.730337,2.590112359550117,8.0,867124097.9213483,100.0
2.993851955053855,16.0,675759450.7032865,34359738368.0,523902976.0,100000000000.0,134096573.16173455,741097650.6271005,2.3746208705626266,8.0,771477327.6498073,100.0
3.634000000047187,16.0,994550476.8,34359738368.0,523902976.0,100000000000.0,102341017.60000001,1096428475.7333333,3.284600000005836,8.0,1087601370.0,100.0
3.1106666666455562,16.0,1024672608.0405359,34359738368.0,523210752.0,100000000000.0,19927313.066666666,923488802.1333333,2.6529999999950333,8.0,921830175.3333334,100.0
2.7156856209884035,16.0,692034764.8000001,34359738368.0,523210752.0,100000000000.0,19921615.89227385,683486722.2185189,2.011132591164097,8.0,698838433.6377575,100.0
3.0350023334752394,16.0,826885040.0960385,34359738368.0,525942784.0,100000000000.0,19928641.642776184,838197968.3978931,2.519234615638621,8.0,853755449.6299753,100.0
