NVMe_from_ceph,NVMe_from_transfer,NVMe_total_util
0.9875146,0.6231129,1.781706
0.1990626,0.65855426,1.8780198
0.08217694,0.5225637,1.5922263
0.21287307,0.61079973,1.7609557
