NVMe_from_ceph,NVMe_from_transfer,NVMe_total_util,num_workers,Goodput
0.9875146,0.6231129,1.7817060000000002,54,0.7994354
0.1990626,0.65855426,1.8780198,54,0.7985734
0.08217694,0.5225637,1.5922263,54,0.5993908
0.21287307,0.61079973,1.7609557,54,0.8005157
