NVMe_from_ceph,NVMe_from_transfer,NVMe_total_util,num_workers,Goodput
0.9564078,3.648513,6.218853500000002,53,3.89706
0.8668924000000001,3.4637392,6.0958830000000015,53,3.4603858
0.36377206,3.594875,6.11152,53,3.8624425
0.25071442,3.6937435,6.1743283,53,3.6602201
