NVMe_from_ceph,NVMe_from_transfer,NVMe_total_util
0.9564078,3.648513,6.2188535
0.8668924,3.4637392,6.095883
0.36377206,3.594875,6.11152
0.25071442,3.6937435,6.1743283
