NVMe_from_ceph,NVMe_from_transfer,NVMe_total_util,num_workers,Goodput
0.67406374,3.6945078,6.2052803,54,3.5391488
0.7219845,3.1763852000000004,5.738098,54,3.6484468
0.68706363,2.8138704,5.3962617,54,3.2070935
0.41492212,3.1632419,5.7132587,54,3.5472913
