NVMe_from_ceph,NVMe_from_transfer,NVMe_total_util,num_workers,Goodput
1.1335921,4.0331597000000015,6.4354997,69,3.9030392
1.5173937,2.9312763,5.733708,69,3.3965943
1.2212417,2.9797752,5.5786657,69,3.5506756
1.383816,3.4355,6.0584992999999985,69,3.5423973
