NVMe_from_ceph,NVMe_from_transfer,NVMe_total_util
1.1335921,4.0331597,6.4354997
1.5173937,2.9312763,5.733708
1.2212417,2.9797752,5.5786657
1.383816,3.4355,6.0584993
