NVMe_from_ceph,NVMe_from_transfer,NVMe_total_util,num_workers,Goodput
0.7560838000000001,3.7914133,6.022515,52,3.7636118
0.090904735,3.4234192,5.819693599999999,52,3.418168
-0.10319876,3.4841104,5.8121266,52,3.4614298
0.15926737,3.7287226,5.997357,52,3.5283465
