NVMe_from_ceph,NVMe_from_transfer,NVMe_total_util,num_workers,Goodput
0.55228555,4.067488,6.4717970000000005,54,3.4768734
0.5641797,3.9828813,6.40613,54,3.8017166
0.5929295,3.4118857000000005,5.93578,54,3.37145
0.5074562,3.8304439,6.2880816,54,3.9873388
