NVMe_from_ceph,NVMe_from_transfer,NVMe_total_util
0.55228555,4.067488,6.471797
0.5641797,3.9828813,6.40613
0.5929295,3.4118857,5.93578
0.5074562,3.8304439,6.2880816
