NVMe_from_ceph,NVMe_from_transfer,NVMe_total_util
0.9103418,3.6628723,6.059725
0.31122023,3.468446,5.8521104
0.3795049,3.3720827,5.7841144
0.27747917,3.7642949,6.100731
