NVMe_from_ceph,NVMe_from_transfer,NVMe_total_util,num_workers,Goodput
0.9103418,3.6628723,6.059725,52,3.7917151
0.31122023,3.468446,5.852110400000001,52,3.3586526
0.3795049,3.3720827000000004,5.7841144,52,3.5366893
0.27747917,3.7642949,6.100731,52,3.8295817
