NVMe_from_ceph,NVMe_from_transfer,NVMe_total_util,num_workers,Goodput
0.3799981,0.8985261999999998,2.3959522,54,0.9920467
0.1811436,0.8739872999999999,2.3422558,54,0.99114525
0.22950411,0.9547826,2.511928,54,0.9279837
0.69602674,0.9122223,2.4722626,54,0.96573377
