NVMe_from_ceph,NVMe_from_transfer,NVMe_total_util
0.3799981,0.8985262,2.3959522
0.1811436,0.8739873,2.3422558
0.22950411,0.9547826,2.511928
0.69602674,0.9122223,2.4722626
