NVMe_from_ceph,NVMe_from_transfer,NVMe_total_util,num_workers,Goodput
0.42429903,3.3047235,5.666207,68,3.7869022
0.59876543,3.807841,6.1447,68,3.43689
0.25596952,3.7340436,6.060958,68,3.4801004
0.34209344,3.423757,5.7919803,68,3.4547238
