NVMe_from_ceph,NVMe_from_transfer,NVMe_total_util,num_workers,Goodput
0.7685135999999999,3.3613602999999994,5.8708043,85,3.4550378
0.6019111999999999,4.5792904000000005,6.811893,85,4.416685
0.32849870000000003,3.2844093,5.945824,85,3.7552474
0.3883957,3.4128992999999994,5.92552,85,3.4048257
