NVMe_from_ceph,NVMe_from_transfer,NVMe_total_util
0.7685136,3.3613603,5.8708043
0.6019112,4.5792904,6.811893
0.3284987,3.2844093,5.945824
0.3883957,3.4128993,5.92552
