CPU,CPU_count,Goodput,Memory_total,Memory_used,NIC_speed,NVMe_from_ceph,NVMe_from_transfer,NVMe_total_util,Storage_count,network_throughput,num_workers
1.28199999993667,16.0,0.0,34359738368.0,47357952.0,100000000000.0,2184.5333333333333,1415577.5999999999,0.013466666667954994,8.0,789401.6,90.0
1.5822388159670098,16.0,302009105.06666666,34359738368.0,47357952.0,100000000000.0,0.0,268555213.5475698,0.5237015801040985,8.0,190105343.35622373,90.0
2.678709505394314,16.0,771809049.6113253,34359738368.0,512049152.0,100000000000.0,131757852.0197307,607398411.9450741,2.030395947210376,8.0,674327666.7777629,90.0
3.2240298706258237,16.0,860687529.3785709,34359738368.0,512049152.0,100000000000.0,134235626.08347777,863965691.4255235,2.6986264835322396,8.0,868957291.6388853,90.0
3.142323845100587,16.0,835105860.2666667,34359738368.0,516214784.0,100000000000.0,134352950.33664423,853873878.2747817,2.7510165988902564,8.0,859493395.8402773,90.0
2.912000000011176,16.0,735105809.0666667,34359738368.0,516214784.0,100000000000.0,134077917.86666667,755516484.2666667,2.3912000000011178,8.0,759066431.3333334,90.0
3.077999999963989,16.0,987590041.708277,34359738368.0,510754816.0,100000000000.0,22024465.066666666,874665574.4,2.5235333333315797,8.0,877752914.8,90.0
3.526000000008692,16.0,887816916.6987748,34359738368.0,510754816.0,100000000000.0,19922944.0,986220680.5333333,2.896800000001288,8.0,1002117374.9333333,90.0
3.25266666666915,16.0,903122670.9333333,34359738368.0,510754816.0,100000000000.0,19927313.066666666,1005077026.1333334,2.758466666671059,8.0,1008110869.5333333,90.0
