NVMe_from_ceph,NVMe_from_transfer,NVMe_total_util,num_workers,Goodput
0.5950179,0.7994259,2.4053495,54,0.99753326
0.1200485,0.8565056999999999,2.5728407000000004,54,0.9226588
0.13630746,0.8751874,2.6459699,54,0.96088195
0.10724705,0.8704663,2.631509,54,0.95875204
