NVMe_from_ceph,NVMe_from_transfer,NVMe_total_util
0.5950179,0.7994259,2.4053495
0.1200485,0.8565057,2.5728407
0.13630746,0.8751874,2.6459699
0.10724705,0.8704663,2.631509
