NVMe_from_ceph,NVMe_from_transfer,NVMe_total_util
1.22981,2.9457712,5.6732397
0.011811076,3.387278,5.882179
-0.09776189,3.5351853,5.984698
-0.04778151,3.6608205,6.056794
