NVMe_from_ceph,NVMe_from_transfer,NVMe_total_util,num_workers,Goodput
1.22981,2.9457712000000003,5.673239700000001,54,3.6056426
0.011811076,3.387278,5.882179,54,3.4107172
-0.09776189,3.5351853,5.984698000000002,54,3.0397637
-0.04778151,3.6608205,6.056794,54,3.3585207
