NVMe_from_ceph,NVMe_from_transfer,NVMe_total_util
1.1914111,3.0949094,5.7003303
0.36287132,3.267874,5.7813344
0.19759394,3.323743,5.859384
0.29744697,3.3355894,5.860795
