NVMe_from_ceph,NVMe_from_transfer,NVMe_total_util,num_workers,Goodput
1.1914111,3.0949094,5.7003303,68,3.5593946
0.36287132,3.267874,5.7813344,68,3.8261101
0.19759394,3.323743,5.859384,68,3.7818782
0.29744697,3.3355894,5.860795,68,3.6891716
