NVMe_from_ceph,NVMe_from_transfer,NVMe_total_util
0.6943756,3.551486,6.0174584
0.6649221,3.4211245,5.905583
0.60474,3.09095,5.6358128
0.4169645,3.647249,6.1166334
