NVMe_from_ceph,NVMe_from_transfer,NVMe_total_util,num_workers,Goodput
0.6943756,3.551486,6.0174584000000015,66,3.492828
0.6649221,3.4211245000000003,5.905583,66,3.5371118
0.6047399999999999,3.09095,5.6358128,66,3.6952128
0.4169645000000001,3.647249,6.1166334,66,3.611707
