NVMe_from_ceph,NVMe_from_transfer,NVMe_total_util,num_workers,Goodput
0.86028427,0.9156837,2.5932736000000003,54,0.9317756
0.25842342,0.82856977,2.3950915,54,0.9477154
0.24254899,0.8798478999999999,2.5274255,54,0.9436801
0.61466116,0.9865982,2.805565,54,1.0219294
