NVMe_from_ceph,NVMe_from_transfer,NVMe_total_util,num_workers,Goodput
0.68484426,4.2884693,6.548532,85,3.9401736
0.32378179999999995,3.9285302,6.1918144,85,3.587437
0.5024337000000001,3.478101,5.8379154,85,3.4328306
0.79733866,4.099983,6.386931400000001,85,3.6693697
