NVMe_from_ceph,NVMe_from_transfer,NVMe_total_util,num_workers,Goodput
0.84564507,2.7601972000000004,5.2214722999999985,69,3.1801512
1.348393,2.400132,4.8816395,69,2.7233255
1.5015352,4.035915,6.582883,69,4.1519136
1.5186341,3.705259,6.1579432,69,3.379151
