NVMe_from_ceph,NVMe_from_transfer,NVMe_total_util,num_workers,Goodput
0.84009236,3.9286308,6.329073,53,3.930564
-0.17130633,3.935111,6.228861,53,3.2689683
-0.07614842,3.4581246,5.8721128,53,3.243195
-0.04516203,3.6514952,5.9662805,53,3.1724684
