NVMe_from_ceph,NVMe_from_transfer,NVMe_total_util,num_workers,Goodput
0.7179924,3.9633687000000006,6.353477,53,3.881829
0.81120723,2.8919919,5.43291,53,3.0998116
0.28105882,3.843695,6.49263,53,4.1755934
0.60208815,3.906441000000001,6.2539124,53,3.936261
