NVMe_from_ceph,NVMe_from_transfer,NVMe_total_util,num_workers,Goodput
1.2999408,0.34192804,1.2169787,54,0.2826293
0.09724907,0.5618889,1.607001,54,0.64164364
0.14433399,0.69754064,1.9408815,54,0.8059969
0.10751849,0.5980255999999999,1.7642741999999998,54,0.78608
