NVMe_from_ceph,NVMe_from_transfer,NVMe_total_util
1.2999408,0.34192804,1.2169787
0.09724907,0.5618889,1.607001
0.14433399,0.69754064,1.9408815
0.10751849,0.5980256,1.7642742
