NVMe_from_ceph,NVMe_from_transfer,NVMe_total_util,num_workers,Goodput
0.5968981,2.7327892999999994,5.0419160000000005,69,2.83141
1.1605489,4.4248843,7.1875386,69,4.4974365
1.0234009,3.418928,6.086494999999998,69,3.5215356
1.5575193,3.3793285,5.918067,69,3.2829843
