NVMe_from_ceph,NVMe_from_transfer,NVMe_total_util
0.5968981,2.7327893,5.041916
1.1605489,4.4248843,7.1875386
1.0234009,3.418928,6.086495
1.5575193,3.3793285,5.918067
