NVMe_from_ceph,NVMe_from_transfer,NVMe_total_util,num_workers,Goodput
0.75365543,3.066704,5.5336947,69,3.6297176
0.6660113000000001,3.7123368,5.941771,69,3.7106736
0.6642661999999999,3.0398605,5.4561667,69,3.4599097
0.7704149,2.5730884,5.1826015,69,3.1207485
