NVMe_from_ceph,NVMe_from_transfer,NVMe_total_util,num_workers,Goodput
1.201663,4.0445470000000014,6.340145,69,3.9817948
0.29331034,3.9986718,6.201433,69,3.4210062
0.028373826,3.8457298,6.1780133,69,2.8679323
0.16353112,4.1394906,6.3135075999999986,69,3.7134461
