NVMe_from_ceph,NVMe_from_transfer,NVMe_total_util,num_workers,Goodput
0.89495516,0.9827964,2.5790627,54,0.9981951
0.28986964,0.9152667,2.472597,54,0.94649184
0.22499208,0.9106373,2.4747036,54,0.97519565
0.27756718,0.9455552,2.532221,54,0.9772558
