NVMe_from_ceph,NVMe_from_transfer,NVMe_total_util
1.2247888,2.4103947,4.901876
1.3901677,2.395603,4.838398
1.3818666,2.7317953,5.225783
1.5367026,3.3962889,5.8705306
