NVMe_from_ceph,NVMe_from_transfer,NVMe_total_util,num_workers,Goodput
1.2247888,2.4103947,4.9018760000000015,57,2.7778752
1.3901677,2.395603,4.8383980000000015,57,2.7423449
1.3818666000000002,2.7317953,5.225783,57,3.084364
1.5367026,3.3962889,5.8705306,57,3.5535326
