NVMe_from_ceph,NVMe_from_transfer,NVMe_total_util,num_workers,Goodput
0.48508042,4.5162597,6.825660000000001,85,4.3606167
1.3738796,3.3763885,6.1411424000000014,85,3.4716814
0.33791947,4.101907,6.544986,85,4.0567045
0.08862549,4.0832787,6.5074472000000005,85,4.038604
