NVMe_from_ceph,NVMe_from_transfer,NVMe_total_util
0.48508042,4.5162597,6.82566
1.3738796,3.3763885,6.1411424
0.33791947,4.101907,6.544986
0.08862549,4.0832787,6.5074472
