NVMe_from_ceph,NVMe_from_transfer,NVMe_total_util,num_workers,Goodput
0.7376344,3.4544227,5.811081400000001,66,3.670035
0.773876,3.3408818,5.693698,66,3.3206308
0.46461877,2.9994664,5.485246,66,3.2845705
0.6259564999999999,3.0183191000000003,5.3531976,66,3.2660074
