NVMe_from_ceph,NVMe_from_transfer,NVMe_total_util,num_workers,Goodput
0.7623788,4.00942,6.4741926,69,4.1644783
0.3165643,3.829044600000001,6.3417900000000005,69,3.5634227
0.41167518,3.8220158,6.3697324,69,3.665203
0.2615752,3.6245558,6.075018,69,3.4995368
