NVMe_from_ceph,NVMe_from_transfer,NVMe_total_util
0.7623788,4.00942,6.4741926
0.3165643,3.8290446,6.34179
0.41167518,3.8220158,6.3697324
0.2615752,3.6245558,6.075018
