NVMe_from_ceph,NVMe_from_transfer,NVMe_total_util
0.6001223,3.9469285,6.465504
0.5849392,3.5873027,6.1822143
0.5480466,3.5734699,6.2253494
0.5007619,3.7566879,6.3732796
