NVMe_from_ceph,NVMe_from_transfer,NVMe_total_util,num_workers,Goodput
0.6001223000000001,3.9469285,6.465504,68,4.066915
0.5849392,3.5873027000000004,6.1822143,68,3.8665287
0.5480465999999999,3.5734699,6.225349400000002,68,3.820567
0.5007619000000001,3.7566879,6.373279599999999,68,3.7076168
