NVMe_from_ceph,NVMe_from_transfer,NVMe_total_util,num_workers,Goodput
-0.03333184,3.4465175,5.8314486,66,3.3270695
0.051798042,3.8024733,6.090375,66,3.0360713
0.20926514,3.4900727,5.7660594000000005,66,3.7331128
0.0179993,4.0426307,6.2818785,66,2.867604
