NVMe_from_ceph,NVMe_from_transfer,NVMe_total_util
-0.03333184,3.4465175,5.8314486
0.051798042,3.8024733,6.090375
0.20926514,3.4900727,5.7660594
0.0179993,4.0426307,6.2818785
