NVMe_from_ceph,NVMe_from_transfer,NVMe_total_util,num_workers,Goodput
1.1398305,0.68191713,1.9704396,54,0.83145714
0.19292174,0.8109695,2.3140793,54,0.8909689
0.16598023,0.7971275,2.2680044,54,0.98823786
0.24137479,0.8182252,2.339579,54,0.9436791
