NVMe_from_ceph,NVMe_from_transfer,NVMe_total_util,num_workers,Goodput
0.8068236999999999,3.9097998,6.261396,53,3.9848301
0.21339029,3.8925483,6.2216015,53,3.946684
0.23096289,4.0222836000000015,6.352407,53,3.4803011
0.089225054,3.9604456,6.2784405,53,3.737224
