CPU,CPU_count,Goodput,Memory_total,Memory_used,NIC_speed,NVMe_from_ceph,NVMe_from_transfer,NVMe_total_util,Storage_count,network_throughput,num_workers
1.1291247249363812,16.0,0.0,34359738368.0,106086400.0,100000000000.0,0.0,1424220.7852809813,0.012865808946023698,8.0,246008.9327378175,10.0
1.913333333345751,16.0,492951756.8,34359738368.0,106086400.0,100000000000.0,36770065.06666667,352562653.8666667,0.956333333333411,8.0,353281099.73333335,10.0
2.508967264461946,16.0,615965764.2666668,34359738368.0,106086400.0,100000000000.0,134193906.26041737,656071659.1772785,1.8655910394018973,8.0,659659417.5611707,10.0
2.7226666667188204,16.0,707031790.9333334,34359738368.0,561643520.0,100000000000.0,134252680.53333333,728808106.6666667,2.0065333333351494,8.0,733176536.0666667,10.0
2.5693333333358166,16.0,713391854.9333334,34359738368.0,561643520.0,100000000000.0,134222097.06666666,684512051.2,2.0185333333327438,8.0,686230654.2666667,10.0
2.485700953256123,16.0,646415871.9999999,34359738368.0,560594944.0,100000000000.0,102963298.98006798,642137082.061196,1.8749416705555526,8.0,646410935.6709553,10.0
2.3729581971883107,16.0,531254203.73333335,34359738368.0,561192960.0,100000000000.0,19928641.642776184,611181694.779652,1.5870391359416745,8.0,605468282.0188012,10.0
2.1103926405154674,16.0,504174650.5767051,34359738368.0,561192960.0,100000000000.0,19921615.89227385,443948131.4579028,1.1769882007848527,8.0,452974391.77388173,10.0
2.232282152127332,16.0,533126305.71295244,34359738368.0,561192960.0,100000000000.0,19928641.642776184,523836863.79091936,1.454963664245517,8.0,528480467.2311487,10.0
