NVMe_from_ceph,NVMe_from_transfer,NVMe_total_util,num_workers,Goodput
1.1277692,0.73776764,2.0444489,54,0.8267778
1.0851485,0.7388861999999999,2.0971074,54,0.81666934
0.08692246,0.8182006,2.260816,54,0.88449055
-0.05231449,0.8591215,2.3779113,54,0.94118
