NVMe_from_ceph,NVMe_from_transfer,NVMe_total_util
1.1277692,0.73776764,2.0444489
1.0851485,0.7388862,2.0971074
0.08692246,0.8182006,2.260816
-0.05231449,0.8591215,2.3779113
