NVMe_from_ceph,NVMe_from_transfer,NVMe_total_util,num_workers,Goodput
0.6106219,4.167872,6.4802194,54,3.6017025
0.59176016,3.8994212,6.2509975,54,3.9438484
0.4998112,3.8827062,6.1821456,54,3.764872
0.6359165,3.8605652,6.3372183,54,4.070857
