NVMe_from_ceph,NVMe_from_transfer,NVMe_total_util
1.0343848,3.000697,5.35097
1.33982,2.8458002,5.287531
0.2830656,2.5263324,4.86947
-0.02455395,3.2916522,5.4864497
