NVMe_from_ceph,NVMe_from_transfer,NVMe_total_util,num_workers,Goodput
1.0343848,3.000697,5.3509699999999984,54,3.2856073
1.33982,2.8458002,5.287531,54,3.3808832
0.2830656,2.5263324000000003,4.86947,54,2.858634
-0.02455395,3.2916522000000006,5.4864497000000005,54,3.3371208
