CPU,CPU_count,Goodput,Memory_total,Memory_used,NIC_speed,NVMe_from_ceph,NVMe_from_transfer,NVMe_total_util,Storage_count,network_throughput,num_workers
1.1564562362720248,16.0,0.0,34359738368.0,101482496.0,100000000000.0,0.0,1415483.2344510367,0.012732484502414636,8.0,180510.76594893675,50.0
2.306953796911102,16.0,270888686.93333334,34359738368.0,101482496.0,100000000000.0,75362686.04573637,571580838.1892126,1.4476965131013546,8.0,555556160.2106807,50.0
2.9519999999863407,16.0,698893892.2666667,34359738368.0,558297088.0,100000000000.0,134289817.6,867547272.5333333,2.6589333333346685,8.0,883570073.6,50.0
2.9220000000049673,16.0,851958442.6666667,34359738368.0,558297088.0,100000000000.0,134147822.93333334,854836565.3333334,2.6205333333307257,8.0,849883370.2,50.0
2.728000000026077,16.0,731195669.0446029,34359738368.0,561188864.0,100000000000.0,134222097.06666666,784520806.4000001,2.223333333331781,8.0,793922360.5333333,50.0
2.8053333333072565,16.0,932708976.7348844,34359738368.0,561188864.0,100000000000.0,70044876.80000001,752945561.6,2.2923333333339544,8.0,741794001.2,50.0
3.040397350984743,16.0,774255043.136209,34359738368.0,557002752.0,100000000000.0,19934228.344370864,871092251.1258279,2.706158940398153,8.0,895836598.9403974,50.0
2.880536912702924,16.0,821993472.0,34359738368.0,557002752.0,100000000000.0,19915906.57718121,763336332.885906,2.4425503355685323,8.0,774705087.8523489,50.0
2.5760000001018244,16.0,649265356.8,34359738368.0,557002752.0,100000000000.0,19927313.066666666,708584789.3333335,2.0582000000033682,8.0,707776028.8,50.0
