NVMe_from_ceph,NVMe_from_transfer,NVMe_total_util
1.3182555,0.30951214,1.2581173
0.027842889,0.6421376,2.0259323
0.13291092,0.8433469,2.5544739
0.07089629,0.64352655,1.986964
