NVMe_from_ceph,NVMe_from_transfer,NVMe_total_util,num_workers,Goodput
1.3182555,0.30951214,1.2581173,54,0.29928115
0.027842889,0.6421376,2.0259323,54,0.8103099
0.13291092,0.8433469000000001,2.5544739,54,0.91093147
0.07089629,0.64352655,1.986964,54,0.8103099
