NVMe_from_ceph,NVMe_from_transfer,NVMe_total_util,num_workers,Goodput
0.4461352,4.1203747,6.677604700000002,68,3.9222436
0.022281215,3.5274565000000004,5.856824400000002,68,2.9960885
0.12611258,3.316936,5.6883370000000015,68,3.5765665
0.64434075,4.0047207,6.543656,68,4.105118
