NVMe_from_ceph,NVMe_from_transfer,NVMe_total_util
0.4461352,4.1203747,6.6776047
0.022281215,3.5274565,5.8568244
0.12611258,3.316936,5.688337
0.64434075,4.0047207,6.543656
