NVMe_from_ceph,NVMe_from_transfer,NVMe_total_util
0.47707206,2.7077973,5.046621
1.234411,2.4180412,4.8162227
1.3820889,3.711443,6.1505337
1.4081267,3.517658,6.0404553
