NVMe_from_ceph,NVMe_from_transfer,NVMe_total_util,num_workers,Goodput
0.47707206,2.7077973,5.046621,52,2.8615477
1.234411,2.4180412,4.8162227,52,2.8952174
1.3820888999999998,3.711443,6.1505337,52,3.7640445
1.4081267,3.5176580000000004,6.0404553,52,3.6269577
