NVMe_from_ceph,NVMe_from_transfer,NVMe_total_util,num_workers,Goodput
0.7589706999999999,3.4027392999999995,5.697673,68,3.324121
0.7009755999999999,3.4630019999999995,5.6790376,68,3.3671312
0.3155845,3.2366383,5.562133,68,3.673246
0.49710223,3.1467814,5.422803,68,3.4003282
