NVMe_from_ceph,NVMe_from_transfer,NVMe_total_util
0.7589707,3.4027393,5.697673
0.7009756,3.463002,5.6790376
0.3155845,3.2366383,5.562133
0.49710223,3.1467814,5.422803
