NVMe_from_ceph,NVMe_from_transfer,NVMe_total_util,num_workers,Goodput
1.4140673,3.951818,6.445031,62,4.050971
0.10983466,3.6120005,6.124365,62,3.576366
-0.0737536,3.4049157999999995,5.9666295,62,3.1962578
0.25077003,3.7207835,6.236263,62,3.547007
