CPU,CPU_count,Goodput,Memory_total,Memory_used,NIC_speed,NVMe_from_ceph,NVMe_from_transfer,NVMe_total_util,Storage_count,network_throughput,num_workers
1.1866666666542491,16.0,0.0,34359738368.0,108384256.0,100000000000.0,2184.5333333333333,1677721.6000000003,0.015999999997438865,8.0,506157.86666666664,30.0
2.934666666761041,16.0,339513838.25417197,34359738368.0,565768192.0,100000000000.0,81893785.60000001,1020260352.0,2.2064000000013038,8.0,1027462093.3333334,30.0
2.7313333332538603,16.0,1252319505.0666666,34359738368.0,565768192.0,100000000000.0,134257049.6,829644800.0,2.1174666666678,8.0,833511352.6,30.0
2.854666666748623,16.0,654438905.1396574,34359738368.0,565768192.0,100000000000.0,134357538.13333333,829200793.6,2.2720666666689793,8.0,831681446.2,30.0
2.791999999961506,16.0,717311761.0507368,34359738368.0,565358592.0,100000000000.0,134152192.0,773080405.3333333,2.114399999999053,8.0,780983579.7333333,30.0
2.8256782881066753,16.0,936720349.8666666,34359738368.0,567705600.0,100000000000.0,64378274.51503233,846617069.2620492,2.430971268582374,8.0,852885776.0815946,30.0
2.752983532223064,16.0,713476454.1030598,34359738368.0,567705600.0,100000000000.0,19928641.642776184,744047862.3908261,2.274618307883203,8.0,742273928.0618708,30.0
2.9303379774495433,16.0,872457182.4788318,34359738368.0,567705600.0,100000000000.0,19921615.89227385,881698335.8442771,2.5623625091656987,8.0,887228590.6272916,30.0
2.8963264218049156,16.0,887532748.8,34359738368.0,563089408.0,100000000000.0,19928641.642776184,853350355.6237081,2.370224681649774,8.0,857102188.0792053,30.0
