NVMe_from_ceph,NVMe_from_transfer,NVMe_total_util,num_workers,Goodput
0.8387617,3.5485580000000003,5.8981824000000005,69,3.4919853
0.35321712,3.4939663,5.7243724,69,3.372293
0.30196932,3.5835495,5.872170400000001,69,3.4301832
0.154538,4.1414633,6.3278937000000015,69,3.7193134
