NVMe_from_ceph,NVMe_from_transfer,NVMe_total_util
0.8387617,3.548558,5.8981824
0.35321712,3.4939663,5.7243724
0.30196932,3.5835495,5.8721704
0.154538,4.1414633,6.3278937
