NVMe_from_ceph,NVMe_from_transfer,NVMe_total_util,num_workers,Goodput
0.3266411,3.692471700000001,6.2579827,52,3.7214503
0.051246822,3.799211,6.345109,52,3.3970106
0.12075472,3.7128358,6.1919584,52,3.6832786
-0.32518134,3.7270381,6.2348957,52,3.332484
