NVMe_from_ceph,NVMe_from_transfer,NVMe_total_util,num_workers,Goodput
0.6281243000000001,3.7977984,6.134214,52,3.7699916
0.6403976,3.6847038,6.1594167,52,3.5249927
0.67790824,3.550952,6.0267196,52,3.465411
0.6639275,3.527728,6.055957,52,3.5757685
