NVMe_from_ceph,NVMe_from_transfer,NVMe_total_util
0.6281243,3.7977984,6.134214
0.6403976,3.6847038,6.1594167
0.67790824,3.550952,6.0267196
0.6639275,3.527728,6.055957
