NVMe_from_ceph,NVMe_from_transfer,NVMe_total_util,num_workers,Goodput
0.70086014,0.8531766,2.177663,54,0.8794813
0.19690724,0.86176753,2.143144,54,0.8826441
0.12566473,0.9456123,2.474201,54,0.9853273
0.20728251,0.80457187,1.9644202,54,0.91962147
