NVMe_from_ceph,NVMe_from_transfer,NVMe_total_util,num_workers,Goodput
0.6193652,4.4082627,6.815166499999999,85,4.3420324
0.7515291000000001,4.3575764,6.7377667,85,4.2320905
0.37633017,3.4472647000000003,6.1546016,85,3.4853413
0.3689113,4.0081882,6.5780262999999985,85,4.075938
