NVMe_from_ceph,NVMe_from_transfer,NVMe_total_util
0.6193652,4.4082627,6.8151665
0.7515291,4.3575764,6.7377667
0.37633017,3.4472647,6.1546016
0.3689113,4.0081882,6.5780263
