NVMe_from_ceph,NVMe_from_transfer,NVMe_total_util,num_workers,Goodput
1.2225937,3.811632,6.415611,53,4.234583
0.46271023,3.4518833,6.151549,53,3.2790315
0.6077018,3.873603,6.482732,53,4.0868196
0.29834396,3.9195082,6.425091,53,3.9711068
