NVMe_from_ceph,NVMe_from_transfer,NVMe_total_util
0.38103303,0.6325508,1.8888513
0.10791178,0.6582872,1.932564
0.21632735,0.6151322,1.8255229
0.4961563,0.6617445,1.9569982
