NVMe_from_ceph,NVMe_from_transfer,NVMe_total_util,num_workers,Goodput
0.38103303,0.6325508000000001,1.8888513,54,0.82599914
0.10791178,0.6582872,1.932564,54,0.7902347
0.21632735,0.6151321999999999,1.8255229,54,0.8119794
0.4961563,0.6617445,1.9569982,54,0.8597233
