NVMe_from_ceph,NVMe_from_transfer,NVMe_total_util,num_workers,Goodput
0.53383625,0.665333,1.850513,54,0.8553308
-0.022831293,0.7569523,1.969539,54,0.86023706
0.15733970000000005,0.8088284,2.066838,54,0.88639617
0.31147328,0.94396013,2.407511,54,0.97877586
