NVMe_from_ceph,NVMe_from_transfer,NVMe_total_util
0.65492827,3.56406,5.8309126
0.41397688,3.3669238,5.677105
0.35911012,3.5390573,5.7888403
-0.20038371,3.4943223,5.705775
