NVMe_from_ceph,NVMe_from_transfer,NVMe_total_util,num_workers,Goodput
1.1156803,4.254792,6.260893299999998,69,3.906244
0.6110441,3.1805105,5.667955,69,3.4512718
0.6478488,3.3380508,5.7226806,69,3.6034486
0.50567365,3.5782979,5.801554,69,3.4349856
