NVMe_from_ceph,NVMe_from_transfer,NVMe_total_util
1.1156803,4.254792,6.2608933
0.6110441,3.1805105,5.667955
0.6478488,3.3380508,5.7226806
0.50567365,3.5782979,5.801554
