NVMe_from_ceph,NVMe_from_transfer,NVMe_total_util,num_workers,Goodput
0.70030344,4.2181916,6.698918300000001,85,4.2660136
0.60857093,4.0163517,6.47156,85,4.093625
0.61020696,3.4972131,5.9673123,85,3.4780772
0.6973453000000001,3.8906798,6.317018,85,3.8631368
