NVMe_from_ceph,NVMe_from_transfer,NVMe_total_util
1.0137075,0.8090072,2.2129138
0.13327554,0.91825634,2.392302
0.1216321,0.8040473,2.0230777
0.17314112,0.74593234,1.8958217
