NVMe_from_ceph,NVMe_from_transfer,NVMe_total_util
0.75621575,2.8563106,5.6734447
0.6912304,3.2478504,5.9083962
0.45565397,2.8820138,5.6768866
0.7334589,3.0819037,5.728856
