NVMe_from_ceph,NVMe_from_transfer,NVMe_total_util
0.80594057,3.5279021,5.9259486
1.3760024,3.4648716,5.9897547
1.3417028,3.6488533,6.1807847
1.474782,4.2596,6.8095527
