NVMe_from_ceph,NVMe_from_transfer,NVMe_total_util
0.8863336,4.353749,6.678346
0.3341017,3.7320583,6.0539865
0.1684409,3.6928368,5.9414606
0.50324446,3.2776735,5.729666
