NVMe_from_ceph,NVMe_from_transfer,NVMe_total_util,num_workers,Goodput
6.1845045,3.5464346,6.1849504,68,3.7000165
3.1108387000000004,3.720697,6.27687,68,3.5871828
7.4828005000000015,3.2122939,5.9637747,68,3.805324
3.0849497,3.4985104,6.1100660000000016,68,3.522927
