NVMe_from_ceph,NVMe_from_transfer,NVMe_total_util,num_workers,Goodput
13.72016,4.1262360000000005,6.5024023,69,4.054471
14.58529,3.8700142,6.417721,69,3.9341552
13.717664,3.8011522000000006,6.3927264,69,3.801972
12.213419,4.0907415999999985,6.554971000000001,69,3.9222546
