NVMe_from_ceph,NVMe_from_transfer,NVMe_total_util
13.72016,4.126236,6.5024023
14.58529,3.8700142,6.417721
13.717664,3.8011522,6.3927264
12.213419,4.0907416,6.554971
