NVMe_from_ceph,NVMe_from_transfer,NVMe_total_util
5.8847985,3.6389704,6.1803255
8.219419,3.8269548,6.370238
9.043245,3.626037,6.2264695
7.218392,3.2904398,5.973178
