NVMe_from_ceph,NVMe_from_transfer,NVMe_total_util,num_workers,Goodput
5.8847985000000005,3.6389704,6.1803255,57,3.883348
8.219419,3.8269547999999993,6.370238,57,3.969615
9.043245,3.626037,6.2264695,57,3.88746
7.218392,3.2904398,5.973178,57,3.740771
