NVMe_from_ceph,NVMe_from_transfer,NVMe_total_util
13.678623,1.9948522,5.321922
7.0745873,2.2722394,5.28859
3.2760599,2.9815328,5.738304
4.7880216,3.4849477,6.1195474
