NVMe_from_ceph,NVMe_from_transfer,NVMe_total_util,num_workers,Goodput
13.678623000000002,1.9948522,5.321922,55,2.531149
7.074587299999999,2.2722394,5.28859,55,2.5092976
3.2760599,2.9815328,5.738304,55,3.2661743
4.7880216,3.4849477,6.1195474,55,3.6974804
