CPU,CPU_count,Goodput,Memory_total,Memory_used,NIC_speed,NVMe_from_ceph,NVMe_from_transfer,NVMe_total_util,Storage_count,network_throughput,num_workers
1.1639999999975164,16.0,0.0,34359738368.0,85520384.0,100000000000.0,0.0,1738888.5333333334,0.014466666668886321,8.0,496747.26666666666,10.0
2.6093333333109814,16.0,377070387.2,34359738368.0,539512832.0,100000000000.0,90387251.2,686632960.0000001,1.8656666666637949,8.0,689522120.8666667,10.0
2.5690287314352886,16.0,675084834.1333332,34359738368.0,539512832.0,100000000000.0,134210965.13565761,678211698.9534032,1.97740150656626,8.0,682383508.09946,10.0
2.3369557970258166,16.0,623312670.9780651,34359738368.0,540106752.0,100000000000.0,134226676.44509634,554111598.9065938,1.6519101273438872,8.0,544321203.7469164,10.0
2.266382241229863,16.0,564770028.6647557,34359738368.0,540106752.0,100000000000.0,134213149.52336508,533947908.53943074,1.718152123186293,8.0,548850150.0566629,10.0
2.6756450429494683,16.0,592588165.0776719,34359738368.0,541151232.0,100000000000.0,57325976.39842655,729568629.3752917,2.067937862527552,8.0,729706787.585839,10.0
2.5720000000670553,16.0,693136469.029805,34359738368.0,541151232.0,100000000000.0,19925128.533333335,701739827.1999999,1.804666666667132,8.0,709939459.6666666,10.0
2.630666666633139,16.0,691029445.4910551,34359738368.0,542031872.0,100000000000.0,19922944.0,714142515.1999999,1.8516000000003259,8.0,706851890.6,10.0
2.2660000000149014,16.0,704639078.4,34359738368.0,542031872.0,100000000000.0,19927313.066666666,538877678.9333334,1.5093999999982772,8.0,548178101.2666667,10.0
