CPU,CPU_count,Goodput,Memory_total,Memory_used,NIC_speed,NVMe_from_ceph,NVMe_from_transfer,NVMe_total_util,Storage_count,network_throughput,num_workers
1.3593333333109814,16.0,180531.2,34359738368.0,115265536.0,100000000000.0,2184.5333333333333,1756364.8,0.014733333334637187,8.0,1962080.4666666666,80.0
2.1673333333184326,16.0,869073715.2,34359738368.0,115265536.0,100000000000.0,32435950.933333334,554187707.7333333,1.1407333333336283,8.0,545417215.6666666,80.0
3.2926666667064035,16.0,976167287.4666667,34359738368.0,574681088.0,100000000000.0,134152192.0,990702796.8000001,2.8263999999966476,8.0,982316881.4666667,80.0
2.969333333335817,16.0,649733734.4,34359738368.0,574681088.0,100000000000.0,134287633.06666666,782404266.6666667,2.3599333333356,8.0,809681906.8,80.0
3.028756528050092,16.0,866233275.7333332,34359738368.0,576688128.0,100000000000.0,134204314.9335625,816263996.2980102,2.5732134593765026,8.0,802941747.7358365,80.0
2.851744772417645,16.0,683595053.3049042,34359738368.0,576688128.0,100000000000.0,106387493.04108116,673723288.1059638,2.3143279768709806,8.0,675030533.5171115,80.0
2.954666666655491,16.0,823269703.308431,34359738368.0,575193088.0,100000000000.0,19927313.066666666,802018099.1999999,2.4368666666676293,8.0,835786064.0,80.0
3.1800000000124173,16.0,923116238.1174588,34359738368.0,575193088.0,100000000000.0,19922944.0,900148155.7333333,2.5610666666645554,8.0,872701200.2,80.0
2.7140000000285607,16.0,741324267.5092155,34359738368.0,575193088.0,100000000000.0,19927313.066666666,680451822.9333334,2.1510666666668836,8.0,709938712.2,80.0
