NVMe_from_ceph,NVMe_from_transfer,NVMe_total_util,CPU,Goodput,Memory_used,NIC_speed,network_throughput,CPU_count,Memory_total,Storage_count,num_workers
0.0,0.0,0.0,0.5920000002719463,0.0,4224352256.0,100000000000.0,2027.2,16.0,34359740000.0,8.0,50.0
134217728.0,3730155110.4,7.492800000001442,10.177999999839814,3787816960.0,4229394432.0,100000000000.0,3734842772.0,16.0,34359740000.0,8.0,50.0
134217728.0,3066642431.9999995,7.654399999999441,8.380000000167637,3102040883.2,4233342976.0,100000000000.0,3075842932.2,16.0,34359740000.0,8.0,50.0
134217728.0,4256064307.2000003,7.476000000000931,12.16199999982491,4680497561.6,4233854976.0,100000000000.0,4261417001.0,16.0,34359740000.0,8.0,50.0
134217728.0,4400730112.0,7.6800000000032025,13.02799999983981,4477457203.2,4258144256.0,100000000000.0,4411335016.0,16.0,34359740000.0,8.0,50.0
19922944.0,4457968435.2,7.639999999999419,12.419999999925492,4431551692.799999,4232663040.0,100000000000.0,4463852073.4,16.0,34359740000.0,8.0,50.0
19922943.999999996,4624356147.2,7.684000000001106,12.931999999750406,4535619584.0,4234256384.0,100000000000.0,4630126534.8,16.0,34359740000.0,8.0,50.0
19922943.999999996,4445633740.8,7.587200000004668,12.405999999772755,4289164902.3999996,4233342976.0,100000000000.0,4452844423.4,16.0,34359740000.0,8.0,50.0
19922944.0,4487537459.200001,7.603999999997905,12.90200000004843,4468409958.400001,4255989760.0,100000000000.0,4494252149.8,16.0,34359740000.0,8.0,50.0
