CPU,CPU_count,Goodput,Memory_total,Memory_used,NIC_speed,NVMe_from_ceph,NVMe_from_transfer,NVMe_total_util,Storage_count,network_throughput,num_workers
1.2226666666256885,16.0,153463.46666666667,34359738368.0,66822144.0,100000000000.0,34952.53333333333,1590340.2666666668,0.015066666664400447,8.0,716681.6,40.0
1.3953333333755533,16.0,508974266.2934826,34359738368.0,66822144.0,100000000000.0,0.0,149750852.26666665,0.2204000000007606,8.0,134737335.4,40.0
2.5341845905803235,16.0,595855800.4668223,34359738368.0,523612160.0,100000000000.0,129735525.4447406,678043253.45565,1.8375999504144933,8.0,681814853.7779707,40.0
2.8994014567306765,16.0,902430261.2174144,34359738368.0,523612160.0,100000000000.0,134068309.51179056,813588122.5932069,2.5334246772888758,8.0,834514799.3077089,40.0
2.9913333332786958,16.0,663470523.7333333,34359738368.0,522801152.0,100000000000.0,134226466.13333333,841139814.4,2.672866666666232,8.0,837941570.0666667,40.0
2.7033333333519596,16.0,772898079.8613425,34359738368.0,522801152.0,100000000000.0,134357538.13333333,703071846.4,2.189533333332899,8.0,706091716.1333333,40.0
2.870666666639348,16.0,862489357.6856419,34359738368.0,530599936.0,100000000000.0,24060450.133333337,875984759.4666666,2.3625333333349166,8.0,857440126.5333333,40.0
2.8586666666592158,16.0,1003277195.1723678,34359738368.0,530599936.0,100000000000.0,19922944.0,897175825.0666666,2.2425333333318123,8.0,924978278.5333333,40.0
2.8373333333991466,16.0,801133021.8666668,34359738368.0,524398592.0,100000000000.0,19933866.666666664,868162764.8000001,2.3288000000000464,8.0,872161592.0666667,40.0
