NVMe_from_ceph,NVMe_from_transfer,NVMe_total_util,num_workers,Goodput
0.59005576,0.66906005,1.9007757,54,0.8518423
0.18574646,0.7108563,2.0566556,54,0.80829626
0.32075796,0.7560309000000001,2.1632562,54,0.88954437
1.2300757,0.7330331999999999,2.1279557,54,0.8569582
