NVMe_from_ceph,NVMe_from_transfer,NVMe_total_util,num_workers,Goodput
0.66582,3.8172724,6.260681,54,4.012747
0.4498508,3.6302054,6.261495,54,3.7810833
0.22727668,4.01671,6.455003,54,3.4941068
0.28712735,3.710174,6.1809864,54,3.6349316
