NVMe_from_ceph,NVMe_from_transfer,NVMe_total_util,num_workers,Goodput
0.62581223,4.2140083,6.7692565999999985,85,4.2054577
0.7681391,3.7523236,6.296365,85,3.7491052
0.4865044,3.6175058,6.295821,85,3.6728868
0.50612146,3.3161101000000004,5.9239817000000015,85,3.6726124
