NVMe_from_ceph,NVMe_from_transfer,NVMe_total_util
0.62581223,4.2140083,6.7692566
0.7681391,3.7523236,6.296365
0.4865044,3.6175058,6.295821
0.50612146,3.3161101,5.9239817
