NVMe_from_ceph,NVMe_from_transfer,NVMe_total_util
1.5161462,3.244615,5.9460535
0.4161818,2.8522618,5.4506607
0.18313369,2.5486941,5.146218
0.19892886,3.1339316,5.6759415
