NVMe_from_ceph,NVMe_from_transfer,NVMe_total_util,num_workers,Goodput
1.5161462,3.244615,5.9460535000000005,68,3.3752334
0.4161818000000001,2.8522618,5.4506607,68,3.2391448
0.18313369,2.5486941,5.146218,68,3.086736
0.19892886,3.1339316000000004,5.6759415,68,3.5026383
