NVMe_from_ceph,NVMe_from_transfer,NVMe_total_util,num_workers,Goodput
0.77623516,3.8301177,6.2992599999999985,53,4.0558033
0.7395687,3.5428834000000005,6.028397,53,3.679156
-0.11292509,3.919257,6.292914,53,3.2776656
-0.12815371,3.8829932,6.2457523,53,3.3841145
