NVMe_from_ceph,NVMe_from_transfer,NVMe_total_util,num_workers,Goodput
0.6847390999999999,3.615834,5.890297,69,3.4469006
0.83582026,2.9783187,5.5822606,69,3.5310977
0.70625716,3.0949447,5.587517299999999,69,3.691863
0.3808012,3.2294924,5.675782,69,3.5587258
