NVMe_from_ceph,NVMe_from_transfer,NVMe_total_util
0.6847391,3.615834,5.890297
0.83582026,2.9783187,5.5822606
0.70625716,3.0949447,5.5875173
0.3808012,3.2294924,5.675782
