NVMe_from_ceph,NVMe_from_transfer,NVMe_total_util
0.9247219,2.472208,4.592345
1.2510985,3.3151538,5.3567314
1.3630178,3.3510382,5.466575
1.5442547,3.4239492,5.845136
