NVMe_from_ceph,NVMe_from_transfer,NVMe_total_util,num_workers,Goodput
0.9247219,2.472208,4.592345,57,2.6885936
1.2510985,3.3151538,5.3567314,57,2.9491298
1.3630178,3.3510382000000005,5.466575,57,3.252724
1.5442546999999998,3.4239492,5.845136,57,3.540025
