NVMe_from_ceph,NVMe_from_transfer,NVMe_total_util,num_workers,Goodput
0.6436479,3.5124238,6.056556,66,3.6983204
0.57244277,3.5396106,5.941602,66,3.6891837
0.23154163,3.5456605000000003,5.8415370000000015,66,3.2590191
-0.13620858,3.998397,6.296136,66,3.0072439
