NVMe_from_ceph,NVMe_from_transfer,NVMe_total_util
1.0671155,3.4219818,5.8601274
0.4603516,3.4585128,5.743055
0.61467725,3.3554823,5.6367965
0.3123099,3.837228,5.973224
