NVMe_from_ceph,NVMe_from_transfer,NVMe_total_util,num_workers,Goodput
1.0671155,3.4219818,5.8601274000000005,68,3.4696498
0.4603516,3.4585128,5.743055,68,3.6765232
0.61467725,3.3554823,5.6367965,68,3.5703123
0.31230990000000003,3.837228,5.973224,68,3.493727
