NVMe_from_ceph,NVMe_from_transfer,NVMe_total_util
0.5823422,4.284829,6.577164
0.6131928,3.5122015,5.9794593
0.42515853,3.6393473,6.028685
0.6002048,3.5899086,6.0275307
