NVMe_from_ceph,NVMe_from_transfer,NVMe_total_util,num_workers,Goodput
0.5823421999999999,4.284829,6.577164,85,4.1016083
0.6131928000000001,3.5122015,5.9794593,85,3.479973
0.42515853,3.6393473,6.028685,85,3.6454358
0.6002048000000001,3.5899086,6.0275307,85,3.7299905
