CPU,CPU_count,Goodput,Memory_total,Memory_used,NIC_speed,NVMe_from_ceph,NVMe_from_transfer,NVMe_total_util,Storage_count,network_throughput,num_workers
1.33288885928833,16.0,0.0,34359738368.0,42496000.0,100000000000.0,0.0,1503059.137275818,0.012800853392833891,8.0,974246.0830722047,100.0
2.3619999999490875,16.0,266993459.3768684,34359738368.0,51736576.0,100000000000.0,0.0,656843571.2,1.41966666666558,8.0,629038469.2,100.0
3.197653489826949,16.0,976548694.988961,34359738368.0,51736576.0,100000000000.0,2184.3877074861675,1036854575.5616292,2.586160922615714,8.0,1042846354.3097128,100.0
3.3323554903498804,16.0,931899934.1377242,34359738368.0,505806848.0,100000000000.0,132339113.80758715,954315294.6196414,3.0191346089690576,8.0,956221103.3402226,100.0
2.953999999972681,16.0,758883198.079872,34359738368.0,505806848.0,100000000000.0,134221004.8,758539059.2,2.4825333333263795,8.0,750008253.0666667,100.0
3.1779999999950324,16.0,877894041.5999999,34359738368.0,509374464.0,100000000000.0,134217728.0,888977271.4666667,2.73833333333799,8.0,921420043.4,100.0
3.0106666666766007,16.0,889850163.2,34359738368.0,509374464.0,100000000000.0,134222097.06666666,795189794.1333333,2.408133333335475,8.0,800085189.4666667,100.0
3.279333333329608,16.0,840213263.64909,34359738368.0,511557632.0,100000000000.0,21530760.533333335,950352008.5333333,2.718799999992674,8.0,943110633.5333333,100.0
3.088000000019868,16.0,891675086.6057736,34359738368.0,511557632.0,100000000000.0,19927313.06666667,870913365.3333334,2.401733333338052,8.0,890914337.4666667,100.0
