NVMe_from_ceph,NVMe_from_transfer,NVMe_total_util
1.2522674,0.72323,2.1561828
0.15109523,0.85230476,2.3772566
-0.22931263,0.5814636,1.6036602
-0.059890144,0.59543955,1.6629765
