NVMe_from_ceph,NVMe_from_transfer,NVMe_total_util,num_workers,Goodput
1.2522673999999998,0.72323,2.1561828,54,0.8616091
0.15109523,0.85230476,2.3772566000000004,54,0.9634261
-0.22931263,0.5814636,1.6036602,54,0.65455496
-0.05989014400000001,0.59543955,1.6629765,54,0.7350204
