NVMe_from_ceph,NVMe_from_transfer,NVMe_total_util,num_workers,Goodput
0.65625256,4.9193482,7.017131,85,3.9108038
0.66826266,4.265651,6.5321794,85,4.148217
0.53796154,3.0265174,5.6163006,85,3.393819
0.51299405,3.2110372000000003,5.675045,85,3.4705744
