NVMe_from_ceph,NVMe_from_transfer,NVMe_total_util,num_workers,Goodput
0.4557871,2.8577127,5.251862,66,3.1546538
1.068929,2.7236047,5.3804793,66,3.27285
1.2918621,2.8631475,5.5224915,66,3.4529302
1.5326461999999998,3.9077895,6.5229297,66,4.133116
