NVMe_from_ceph,NVMe_from_transfer,NVMe_total_util,num_workers,Goodput
2.0948937,3.1240304,5.8075833,85,3.7262332
1.3213896,3.410089,6.160375,85,3.7539191
-0.2542798,3.6953423,6.069713,85,3.0527208
0.67624855,4.1111417,6.547981,85,3.9501722
