NVMe_from_ceph,NVMe_from_transfer,NVMe_total_util,num_workers,Goodput
1.7759237,3.1439009,5.7228794,52,3.6777773
0.83515346,3.3969066,6.011881400000001,52,3.1770787
-0.005641949,3.561268,6.011782,52,3.191213
0.14896661,3.9177685,6.182344400000002,52,3.7548501
