NVMe_from_ceph,NVMe_from_transfer,NVMe_total_util,num_workers,Goodput
0.5263912,3.7211945,6.2102914,66,3.6153529
0.88769615,3.1455755,5.7127843,66,3.4888263
0.6059359000000001,3.4567924,5.9105797,66,3.5836973
0.5831239,3.599215,6.0396304,66,3.822385
