NVMe_from_ceph,NVMe_from_transfer,NVMe_total_util,num_workers,Goodput
1.2559491000000005,3.1701891,5.248899,52,3.4609368
1.4007821000000005,3.5145426,5.5860634000000005,52,3.1047702
1.4195576,3.847769,6.052231,52,3.7942142
1.2508347,3.3100889,5.516685,52,3.2558389
