NVMe_from_ceph,NVMe_from_transfer,NVMe_total_util
1.2559491,3.1701891,5.248899
1.4007821,3.5145426,5.5860634
1.4195576,3.847769,6.052231
1.2508347,3.3100889,5.516685
