NVMe_from_ceph,NVMe_from_transfer,NVMe_total_util,num_workers,Goodput
0.60164213,3.6523774,6.0990634,52,3.6811917
0.5402260999999999,3.5617006,6.0170693,52,3.441323
0.41690847,3.5673885000000003,6.0090065,52,3.5858312
0.51426965,3.5594127,6.020866000000002,52,3.485163
