NVMe_from_ceph,NVMe_from_transfer,NVMe_total_util
0.60164213,3.6523774,6.0990634
0.5402261,3.5617006,6.0170693
0.41690847,3.5673885,6.0090065
0.51426965,3.5594127,6.020866
