NVMe_from_ceph,NVMe_from_transfer,NVMe_total_util,num_workers,Goodput
0.5953278000000001,0.9058563,2.7590094,54,0.95629203
0.07177401,0.97711134,2.90489,54,1.0273521
0.13416573,0.96055925,2.8585374,54,1.0211996
0.2992428,1.0275813,2.987594,54,1.0387552
