NVMe_from_ceph,NVMe_from_transfer,NVMe_total_util,num_workers,Goodput
0.29090595,0.9059956,2.2377987,52,0.83752465
0.27039397,1.0337188,2.4597461,52,0.9069482
0.36991692,1.1515325,2.6377795,52,1.1165088
0.45672,1.0641032,2.5346675,52,0.9511881
