NVMe_from_ceph,NVMe_from_transfer,NVMe_total_util,num_workers,Goodput
0.7258676,3.3118424,5.68634,53,3.0693963
0.49822655,3.668484,6.035805,53,3.8497708
0.7465881,3.348387,5.6844625,53,3.1159794
0.4980314,2.9640496,5.3909755,53,3.3273547
