NVMe_from_ceph,NVMe_from_transfer,NVMe_total_util
0.20231025,3.5616531,5.7725053
0.28782815,3.6441317,6.0711966
-0.27214098,4.2572837,6.5270853
-0.016339008,3.640579,5.8700633
