NVMe_from_ceph,NVMe_from_transfer,NVMe_total_util,num_workers,Goodput
0.20231025,3.5616531000000005,5.7725053,52,3.4260674
0.28782815,3.6441317,6.0711966,52,3.6715145
-0.27214098,4.2572837,6.5270853,52,3.1487787
-0.016339008000000002,3.640579,5.8700633,52,2.9569838
