CPU,CPU_count,Goodput,Memory_total,Memory_used,NIC_speed,NVMe_from_ceph,NVMe_from_transfer,NVMe_total_util,Storage_count,network_throughput,num_workers
1.2100000000248357,16.0,0.0,34359738368.0,77508608.0,100000000000.0,0.0,1415577.5999999999,0.012333333331237857,8.0,368327.4,50.0
2.260593640521428,16.0,227363257.38284117,34359738368.0,535896064.0,100000000000.0,89420442.91663912,532021579.42751366,1.227209625174393,8.0,532724818.6686058,50.0
3.2054057688078035,16.0,637057851.8567904,34359738368.0,535896064.0,100000000000.0,134237979.69474888,1001766538.5598063,2.942580515026213,8.0,997446603.9131312,50.0
2.6360000000024835,16.0,810332706.1333334,34359738368.0,536178688.0,100000000000.0,134217728.0,652312029.8666667,2.2286666666700814,8.0,652659365.0666667,50.0
3.076666666660458,16.0,800833160.5333333,34359738368.0,536178688.0,100000000000.0,134222097.06666666,876575948.8,2.8503333333317036,8.0,892915929.1333333,50.0
2.9603359775952844,16.0,861081873.0666666,34359738368.0,536207360.0,100000000000.0,58366839.5440304,824217811.6125593,2.6402239850657065,8.0,820177497.0335311,50.0
2.8810872027279335,16.0,818483029.3333334,34359738368.0,536092672.0,100000000000.0,19982564.25288122,796350972.4868431,2.4565318766238096,8.0,803706153.6206782,50.0
2.6970910061705555,16.0,627003938.1333333,34359738368.0,536092672.0,100000000000.0,19868934.080597814,708505791.2997065,2.21677341873926,8.0,701962576.3277289,50.0
2.94399999997889,16.0,915855667.2,34359738368.0,536092672.0,100000000000.0,19927313.066666666,846321800.5333333,2.5601333333315175,8.0,867617445.6666666,50.0
