CPU,CPU_count,Goodput,Memory_total,Memory_used,NIC_speed,NVMe_from_ceph,NVMe_from_transfer,NVMe_total_util,Storage_count,network_throughput,num_workers
1.1788785918713556,16.0,0.0,34359738368.0,100294656.0,100000000000.0,0.0,1337023.534902327,0.012134142278138697,8.0,543837.3891592773,8.0
1.8886666666716334,16.0,677002585.9596026,34359738368.0,100294656.0,100000000000.0,34463197.866666675,319964774.4,0.934666666664028,8.0,319809730.06666666,8.0
2.7330177987662285,16.0,682112095.1287075,34359738368.0,556093440.0,100000000000.0,134210965.13565761,717753758.2827811,2.114992333845311,8.0,710874673.6884208,8.0
2.6666666666356225,16.0,622290281.4479034,34359738368.0,556093440.0,100000000000.0,134287633.06666666,680734173.8666667,2.1242666666667596,8.0,696583998.6,8.0
2.250950063369844,16.0,525242743.4666667,34359738368.0,556277760.0,100000000000.0,134161136.0757384,507054706.0470698,1.6443096206414072,8.0,508982155.47703177,8.0
2.5100000000248346,16.0,631336723.7815855,34359738368.0,556277760.0,100000000000.0,104927505.06666666,608024712.5333333,1.8629999999965852,8.0,611924817.8666667,8.0
2.2450503300040765,16.0,536409565.8666667,34359738368.0,556277760.0,100000000000.0,19925984.667688824,518991678.9547364,1.4845676954882092,8.0,520514861.34257716,8.0
2.4229615307128354,16.0,544877219.3853743,34359738368.0,554262528.0,100000000000.0,19924272.284818985,562492300.5533702,1.559437295822593,8.0,556270665.1776785,8.0
2.5583627758534373,16.0,657219106.1333332,34359738368.0,554262528.0,100000000000.0,19925984.66768882,635002871.8085461,1.7023531764498276,8.0,647079609.0927272,8.0
