CPU,CPU_count,Goodput,Memory_total,Memory_used,NIC_speed,NVMe_from_ceph,NVMe_from_transfer,NVMe_total_util,Storage_count,network_throughput,num_workers
1.3033333332898716,16.0,153292.8,34359738368.0,132280320.0,100000000000.0,0.0,1415577.5999999999,0.013800000001598768,8.0,2514341.6,80.0
2.0584631775525564,16.0,941226939.7333332,34359738368.0,132280320.0,100000000000.0,22099526.434944734,520830482.887202,1.0470768411204963,8.0,487393293.3812758,80.0
3.4278467494326526,16.0,816348520.7652824,34359738368.0,586272768.0,100000000000.0,134204010.14550793,1115962062.207983,2.966092644506384,8.0,1150850015.5519958,80.0
2.9577427297208825,16.0,1080643404.3460872,34359738368.0,585928704.0,100000000000.0,134606765.95461506,817413264.1245759,2.5721035469477256,8.0,803595992.2805617,80.0
3.2714886796357625,16.0,825063128.8924452,34359738368.0,585928704.0,100000000000.0,133899506.57850799,933281793.0942363,2.8351031857389866,8.0,957682069.7922927,80.0
2.853333333320916,16.0,809948774.4000001,34359738368.0,585637888.0,100000000000.0,115487539.2,739641480.5333334,2.439066666663469,8.0,741271333.8666667,80.0
3.2033333333519605,16.0,900472524.8,34359738368.0,582795264.0,100000000000.0,19922944.0,965279744.0,2.7293333333354286,8.0,961872525.9333333,80.0
2.725325576811556,16.0,677238101.3333333,34359738368.0,582795264.0,100000000000.0,19898647.980432335,699892593.6405103,2.171084815231321,8.0,711635985.7208964,80.0
3.0420224567545757,16.0,883901166.9333333,34359738368.0,582795264.0,100000000000.0,19952061.319168966,864946974.5175822,2.6183016203807368,8.0,872374080.5486453,80.0
