NVMe_from_ceph,NVMe_from_transfer,NVMe_total_util,num_workers,Goodput
0.22086124,0.68080497,1.8404064,54,0.82456094
0.2007904,0.70522046,1.9147501,54,0.84294176
0.29001743,0.7663767,2.0309317,54,0.8535998
0.6973661,0.7452659,2.0045362,54,0.8647438
