NVMe_from_ceph,NVMe_from_transfer,NVMe_total_util
0.19206919,3.302112,5.888976
-0.040220644,3.4158316,5.93557
0.13822058,3.2831316,5.839245
-0.008950872,3.427159,5.952508
