NVMe_from_ceph,NVMe_from_transfer,NVMe_total_util,num_workers,Goodput
0.19206919,3.302112,5.888976,68,3.8990986
-0.040220644,3.4158316,5.9355699999999985,68,3.1866157
0.13822058,3.2831316,5.839245,68,3.747256
-0.008950872,3.427159,5.952508,68,3.2285013
