NVMe_from_ceph,NVMe_from_transfer,NVMe_total_util,num_workers,Goodput
0.7679236,3.582292,5.9363456,85,3.5673811
0.83423996,2.8916705,5.268966000000002,85,3.0493429
0.5353709,2.9416976000000004,5.3050112999999985,85,2.9534624
0.59653157,4.3306265,6.5051994,85,4.1169434
