NVMe_from_ceph,NVMe_from_transfer,NVMe_total_util
0.7679236,3.582292,5.9363456
0.83423996,2.8916705,5.268966
0.5353709,2.9416976,5.3050113
0.59653157,4.3306265,6.5051994
