NVMe_from_ceph,NVMe_from_transfer,NVMe_total_util,num_workers,Goodput
0.8704763000000001,2.2710505000000003,4.740545,64,2.4491491
1.2447244,2.2867591,5.037107,64,2.5872707
1.3220761,2.8044546,5.633379,64,3.54218
1.5405308000000002,2.6879232,5.429197,64,3.3494985
