NVMe_from_ceph,NVMe_from_transfer,NVMe_total_util
0.8704763,2.2710505,4.740545
1.2447244,2.2867591,5.037107
1.3220761,2.8044546,5.633379
1.5405308,2.6879232,5.429197
