NVMe_from_ceph,NVMe_from_transfer,NVMe_total_util,num_workers,Goodput
0.9624643,4.235427,6.727178,69,4.203407
0.29391602,3.8016064,6.147221599999999,69,3.267152
0.042439975,3.8295672,6.210762,69,3.0144172
0.53497213,3.9523275,6.450464,69,3.9522204
