NVMe_from_ceph,NVMe_from_transfer,NVMe_total_util,num_workers,Goodput
0.63295555,4.246532,6.8150444000000014,85,4.3070602
0.7433642,3.0625126,5.649824,85,3.544263
0.4297513,2.966622,5.530194,85,3.1944175
0.29707572,3.5829804,6.2759833,85,3.592611
