NVMe_from_ceph,NVMe_from_transfer,NVMe_total_util,num_workers,Goodput
1.1993185,3.990255,6.3341565000000015,65,4.0564976
0.48392147,3.3434021,5.80985,65,3.8173578
0.6372668,3.428847,5.8736854,65,3.551178
0.42769843,3.8143423,6.1563315,65,3.3462481
