CPU,CPU_count,Goodput,Memory_total,Memory_used,NIC_speed,NVMe_from_ceph,NVMe_from_transfer,NVMe_total_util,Storage_count,network_throughput,num_workers
1.2366666667163373,16.0,0.0,34359738368.0,86011904.0,100000000000.0,0.0,1494220.7999999998,0.013800000001598771,8.0,912836.6,20.0
1.9326666666194794,16.0,140618410.66666666,34359738368.0,543625216.0,100000000000.0,64596650.66666668,405073373.8666667,1.0158666666674738,8.0,405722554.4,20.0
3.00933333337307,16.0,789018588.0941269,34359738368.0,543625216.0,100000000000.0,134217728.0,974416827.7333333,2.4995333333344507,8.0,971953699.2666667,20.0
2.5736950870004085,16.0,887622063.3375556,34359738368.0,543625216.0,100000000000.0,134178199.32004532,724687277.9148057,2.0135324311704017,8.0,732788428.2381175,20.0
2.75498366552058,16.0,783873808.9460703,34359738368.0,539873280.0,100000000000.0,134261631.3087539,797437866.5244349,2.156277085137348,8.0,805815552.0368024,20.0
2.8116792214423576,16.0,705225966.9333334,34359738368.0,543969280.0,100000000000.0,79271429.90467304,828012366.1089262,2.2344510365975756,8.0,834038599.4933672,20.0
5.101806787105481,16.0,903868872.3248217,34359738368.0,543969280.0,100000000000.0,19924272.284818985,866140831.7887859,2.415894392957885,8.0,865948310.620708,20.0
5.413333333345751,16.0,731054051.3299114,34359738368.0,542027776.0,100000000000.0,19927313.066666666,615351637.3333334,1.7736666666673653,8.0,615515394.0666667,20.0
2.85333333335196,16.0,648793952.5166193,34359738368.0,542027776.0,100000000000.0,19922944.0,800554461.8666666,2.2438666666683273,8.0,816095240.5333333,20.0
