NVMe_from_ceph,NVMe_from_transfer,NVMe_total_util
1.1755722,3.5586405,5.8654056
0.80123574,3.6748638,6.02255
0.42427847,3.4496524,5.695178
0.5165936,3.7076285,5.9480553
