NVMe_from_ceph,NVMe_from_transfer,NVMe_total_util,num_workers,Goodput
1.1755722,3.5586405,5.8654056,69,3.4019644
0.80123574,3.6748638,6.02255,69,3.718881
0.42427847,3.4496524,5.695178,69,3.3985596
0.5165936,3.7076285,5.9480553,69,3.7605894
