NVMe_from_ceph,NVMe_from_transfer,NVMe_total_util
0.88070595,2.506729,4.9984946
1.1702671,2.081946,4.6350465
1.2000101,4.0590425,6.7824636
1.2361872,3.713961,6.4735827
