NVMe_from_ceph,NVMe_from_transfer,NVMe_total_util
0.64312917,3.9500682,6.3652434
0.8035177,2.7211163,5.4063816
0.6506299,2.573009,5.227912
0.520762,2.7334502,5.374419
