NVMe_from_ceph,NVMe_from_transfer,NVMe_total_util,num_workers,Goodput
0.64312917,3.9500682,6.3652434,68,3.7959023
0.8035177,2.7211163,5.4063816,68,3.2393367
0.6506299,2.573009,5.227912,68,3.042439
0.520762,2.7334502,5.3744190000000005,68,3.0898654
