CPU,CPU_count,Goodput,Memory_total,Memory_used,NIC_speed,NVMe_from_ceph,NVMe_from_transfer,NVMe_total_util,Storage_count,network_throughput,num_workers
1.1663553894665433,16.0,0.0,34359738368.0,127471616.0,100000000000.0,0.0,1757302.0277481321,0.016342049094480202,8.0,520201.7742796158,70.0
1.3660000000769892,16.0,557883063.795747,34359738368.0,127471616.0,100000000000.0,1092.2666666666667,77805704.53333335,0.17366666666930541,8.0,65719022.733333334,70.0
3.1979999999205266,16.0,997848405.3333333,34359738368.0,588353536.0,100000000000.0,124431018.66666666,1087684881.0666666,2.710799999994924,8.0,1079692492.8666666,70.0
3.430666666726271,16.0,875575879.9919994,34359738368.0,587980800.0,100000000000.0,134429627.73333335,1026364211.1999999,3.015200000000186,8.0,1053862603.5333333,70.0
3.012666666662941,16.0,1007399458.1333332,34359738368.0,587980800.0,100000000000.0,134008012.8,846289305.6,2.5876000000047497,8.0,846431359.5333333,70.0
3.084994333743369,16.0,791752704.0,34359738368.0,587980800.0,100000000000.0,134286326.51156586,845266571.5618958,2.537897473497638,8.0,852620338.1774548,70.0
3.3270218014012727,16.0,955849386.6666667,34359738368.0,585703424.0,100000000000.0,28173620.1080072,989049232.6155076,2.9143942929521183,8.0,990509091.6727781,70.0
3.1313333333469933,16.0,850941576.5333333,34359738368.0,585703424.0,100000000000.0,19927313.066666666,933873527.4666667,2.6980000000020175,8.0,937372614.6666666,70.0
2.845278498704815,16.0,831764325.044997,34359738368.0,588754944.0,100000000000.0,19956926.598788846,790253515.9379783,2.285552671857401,8.0,806190649.6972117,70.0
