NVMe_from_ceph,NVMe_from_transfer,NVMe_total_util,num_workers,Goodput
0.22445416,0.83430785,2.6454823,54,0.9265729
0.10180708,0.89495945,2.7899783,54,0.952425
0.13535106,0.87335587,2.7541468,54,0.95999897
0.25009662,0.83600223,2.6657383,54,0.9265729
