NVMe_from_ceph,NVMe_from_transfer,NVMe_total_util,num_workers,Goodput
0.25374204,4.007324700000002,6.3870225,53,3.4215755
0.20731503,3.6570487,5.901715,53,3.3271663
0.12057907,3.916257,6.2391505,53,3.9334724
0.23327155,3.8702188,6.1572504,53,3.5617316
