NVMe_from_ceph,NVMe_from_transfer,NVMe_total_util
0.25374204,4.0073247,6.3870225
0.20731503,3.6570487,5.901715
0.12057907,3.916257,6.2391505
0.23327155,3.8702188,6.1572504
