NVMe_from_ceph,NVMe_from_transfer,NVMe_total_util
0.5820816,3.7162516,6.218599
0.47190863,3.212692,5.697986
0.45593533,3.280394,5.773928
0.38969743,3.5124688,6.0434566
