NVMe_from_ceph,NVMe_from_transfer,NVMe_total_util,num_workers,Goodput
0.5820816,3.716251600000001,6.218599,68,3.6911697
0.47190863,3.212692,5.697986,68,3.5712037
0.45593533,3.2803940000000003,5.773928,68,3.8731828
0.38969743,3.5124687999999997,6.0434566,68,3.646618
