num_workers,rmse
50,1.1176611761187079
50,1.1640770382443049
50,1.2037856830616205
50,1.2848855934550834
50,1.1985150622006555
50,1.2493682502609331
50,1.2516461855096013
50,1.5836943413318745
50,1.1633875922901626
50,1.1798465249870151
50,1.215493485467512
50,1.2743064856675126
50,1.4901263463030596
50,1.2636326375898856
50,1.2293148232284676
50,1.3961028893339098
50,1.0267302455209433
50,1.567744659334486
50,1.3136306430979283
50,1.245101196585716
50,1.4065736243346845
