NVMe_from_ceph,NVMe_from_transfer,NVMe_total_util
0.56165284,3.9191375,6.3772273
0.62503666,3.5083892,5.997622
0.5151121,3.6037216,6.0800114
0.39540255,3.9179428,6.4012938
