NVMe_from_ceph,NVMe_from_transfer,NVMe_total_util,num_workers,Goodput
0.56165284,3.9191375,6.3772273,53,3.891694
0.62503666,3.5083892,5.997622,53,3.546351
0.5151121,3.6037216,6.0800114,53,3.7199767
0.39540255,3.9179428,6.4012938,53,3.9725933
