NVMe_from_ceph,NVMe_from_transfer,NVMe_total_util
0.8629117,3.559891,5.713343
0.2745625,3.517878,5.650196
0.23876812,3.642914,5.8237033
0.13642782,3.591783,5.727407
