NVMe_from_ceph,NVMe_from_transfer,NVMe_total_util,num_workers,Goodput
0.8629117000000001,3.5598910000000004,5.713343,49,3.1957836
0.2745625,3.517878,5.650196,49,3.3267565
0.23876812,3.642914,5.823703299999999,49,3.0495858
0.13642782,3.5917830000000004,5.727407,49,3.5629394
