NVMe_from_ceph,NVMe_from_transfer,NVMe_total_util,num_workers,Goodput
0.9274515,3.4180222,5.595528599999999,53,3.0733986
1.4246982,4.01098,6.4426208,53,3.6707208
1.4748454,3.656074,6.2070613,53,3.8510525
1.1977684,3.857044,6.3098507,53,4.2434587
