NVMe_from_ceph,NVMe_from_transfer,NVMe_total_util,num_workers,Goodput
0.6309003000000001,0.8213290000000001,2.2587984,54,0.9485185
0.13994037,0.82426375,2.3191335,54,0.9278405
0.14423674,0.86050534,2.3970873,54,0.95857996
0.19670545,0.8907027,2.4730432,54,0.9850259
