CPU,CPU_count,Goodput,Memory_total,Memory_used,NIC_speed,NVMe_from_ceph,NVMe_from_transfer,NVMe_total_util,Storage_count,network_throughput,num_workers
1.1644557029196108,16.0,0.0,34359738368.0,100065280.0,100000000000.0,0.0,3896947.670155323,0.02293180454521502,8.0,1674433.904406373,50.0
2.6636442430091387,16.0,450824874.6666666,34359738368.0,555827200.0,100000000000.0,110389644.1096073,835418783.6522435,2.1286085739027225,8.0,830399429.695313,50.0
2.9913333332786958,16.0,804889122.1333334,34359738368.0,555827200.0,100000000000.0,134217728.0,918502331.7333335,2.5965333333355374,8.0,921174726.3333334,50.0
2.885333333350718,16.0,966579273.3817745,34359738368.0,561360896.0,100000000000.0,134222097.06666666,821382621.8666666,2.40219999999778,8.0,824575317.0,50.0
2.979333333360652,16.0,793547158.0772051,34359738368.0,561360896.0,100000000000.0,134287633.06666666,912549205.3333334,2.619399999999829,8.0,921705678.2666667,50.0
3.2500000000310436,16.0,902253697.2201853,34359738368.0,557056000.0,100000000000.0,40199782.4,1000397755.7333335,2.777600000001257,8.0,1011775214.1333333,50.0
2.900666666651765,16.0,1057842107.7333333,34359738368.0,557056000.0,100000000000.0,19922944.0,899722990.9333334,2.447933333334125,8.0,889915311.1333333,50.0
2.858666666628172,16.0,815171174.4000001,34359738368.0,558141440.0,100000000000.0,19927313.066666666,871171959.4666667,2.1793333333334886,8.0,876545739.5333333,50.0
2.923671755222527,16.0,942493075.0050002,34359738368.0,558141440.0,100000000000.0,19921615.89227385,884658181.1879209,2.433837744149071,8.0,902744516.9655356,50.0
