CPU,CPU_count,Goodput,Memory_total,Memory_used,NIC_speed,NVMe_from_ceph,NVMe_from_transfer,NVMe_total_util,Storage_count,network_throughput,num_workers
1.1497900139829245,16.0,0.0,34359738368.0,101392384.0,100000000000.0,0.0,1590234.2510499298,0.014065728952086163,8.0,193447.23685087662,8.0
1.3788919261557293,16.0,488975837.8666666,34359738368.0,101392384.0,100000000000.0,0.0,87107520.23468232,0.2718847923200623,8.0,83977252.55017,8.0
2.77301513234562,16.0,724798314.5543036,34359738368.0,556126208.0,100000000000.0,133859278.71475236,762532614.0923939,2.253916405574033,8.0,768798438.2374508,8.0
2.731648776552818,16.0,664696968.5333333,34359738368.0,557244416.0,100000000000.0,134228861.12407494,700551723.1815455,2.098473231549158,8.0,702089598.9732648,8.0
2.4686666666530077,16.0,581121433.6,34359738368.0,557244416.0,100000000000.0,134217728.0,618051720.5333333,1.9615999999979978,8.0,621091160.0,8.0
2.525333333387971,16.0,628440268.8000001,34359738368.0,557244416.0,100000000000.0,134222097.06666666,595688106.6666666,1.8641999999992551,8.0,595501885.4666667,8.0
2.3493333332861464,16.0,543596270.9333334,34359738368.0,555761664.0,100000000000.0,20272469.333333332,575877666.1333333,1.6354000000030886,8.0,581174773.2,8.0
2.311333333328366,16.0,516544648.5333334,34359738368.0,555761664.0,100000000000.0,19927313.066666666,539876556.8000001,1.4794666666634535,8.0,545910298.2,8.0
2.365999999983857,16.0,617331618.9587362,34359738368.0,556232704.0,100000000000.0,19922944.0,561376460.8000001,1.600133333335786,8.0,563948966.0,8.0
