NVMe_from_ceph,NVMe_from_transfer,NVMe_total_util
0.5809586,3.8847346,6.247532
0.5561948,3.2730174,5.489928
0.16374592,3.739457,6.01182
0.24228726,3.9394426,6.228444
