NVMe_from_ceph,NVMe_from_transfer,NVMe_total_util,num_workers,Goodput
0.54369557,3.888074,6.336145,85,3.8271518
0.57406026,4.177542,6.5761495,85,4.2234116
0.5976771,3.631106,6.224764,85,3.6492488
0.63677084,2.930948,5.717088,85,3.4440994
