NVMe_from_ceph,NVMe_from_transfer,NVMe_total_util,num_workers,Goodput
0.53067374,0.81149447,2.5565405,54,0.9156014
0.24952057,0.8658210999999999,2.623971,54,0.9581878
0.11785358,0.9469255,2.7981412,54,0.9629625
0.13033076,0.96659106,2.839958,54,1.0094929
