num_workers,rmse
100,1.3936602506305962
80,1.5885655944809205
80,1.754569023666471
80,1.6220051093638783
80,1.6854114945138772
80,1.710765817938805
80,1.6820549426886513
80,1.9721647120320245
80,1.7610007733013355
80,1.579396723478643
80,1.5832740421278522
80,1.640252565468157
80,1.6010141240845686
80,1.7226765205548564
80,1.6181515713169972
80,1.8009211243928835
80,1.856296398798
80,1.7679029319186583
80,1.7387185590983136
80,1.7571478701239729
80,1.775679246339926
