NVMe_from_ceph,NVMe_from_transfer,NVMe_total_util,num_workers,Goodput
19.49363,0.8467771999999999,5.677751,54,0.949577
23.034521,0.8688151,5.843937,54,1.0059648
15.13364,0.882962,5.8382096,54,0.99273765
17.469397,0.8752357,5.7812757,54,0.9881152
