NVMe_from_ceph,NVMe_from_transfer,NVMe_total_util
19.49363,0.8467772,5.677751
23.034521,0.8688151,5.843937
15.13364,0.882962,5.8382096
17.469397,0.8752357,5.7812757
