NVMe_from_ceph,NVMe_from_transfer,NVMe_total_util,num_workers,Goodput
17.470222,2.0448031,5.9985547,68,2.7302356
16.901936,2.3615947,6.0972586,68,3.0372171
17.735909,2.4858875,6.1642220000000005,68,3.261495
18.635017,2.830887,6.2717986,68,3.311459
