NVMe_from_ceph,NVMe_from_transfer,NVMe_total_util
13.696438,3.5537777,6.2585673
16.947382,3.2971635,6.201487
17.01682,2.9404328,6.0388713
14.698937,3.1191366,6.0463433
