NVMe_from_ceph,NVMe_from_transfer,NVMe_total_util,num_workers,Goodput
13.696438,3.5537777000000004,6.258567299999998,69,3.598592
16.947382,3.2971635000000004,6.201487,69,3.7667503
17.016820000000006,2.9404328,6.0388712999999985,69,3.4945476
14.698937,3.1191366,6.046343299999998,69,3.5942843
