NVMe_from_ceph,NVMe_from_transfer,NVMe_total_util,num_workers,Goodput
6.620944500000001,3.6509576,6.3627386,57,3.8458142
5.1344595,3.476203700000001,6.286798,57,3.43149
3.9621959,3.6198728,6.3319540000000005,57,3.7399378
4.0000353,3.6569211,6.332873,57,3.8284316
