NVMe_from_ceph,NVMe_from_transfer,NVMe_total_util
6.6209445,3.6509576,6.3627386
5.1344595,3.4762037,6.286798
3.9621959,3.6198728,6.331954
4.0000353,3.6569211,6.332873
