CPU,CPU_count,Goodput,Memory_total,Memory_used,NIC_speed,NVMe_from_ceph,NVMe_from_transfer,NVMe_total_util,Storage_count,network_throughput,num_workers
1.2765985849698722,16.0,0.0,34359738368.0,27201536.0,100000000000.0,0.0,1819715.391803498,0.015685489256723927,8.0,848667.0004004806,100.0
2.2933333332960806,16.0,74475110.4,34359738368.0,497868800.0,100000000000.0,32435950.933333334,642028339.1999999,1.2752666666638108,8.0,615652316.5333333,100.0
3.270000000049671,16.0,959383961.6,34359738368.0,497868800.0,100000000000.0,134219912.53333333,786459306.6666666,2.4687999999926737,8.0,797993618.6666666,100.0
4.377999999963989,16.0,965855968.0021333,34359738368.0,497868800.0,100000000000.0,134217728.0,1055696759.4666667,3.16673333334038,8.0,1061977744.4666667,100.0
3.2473333333618934,16.0,925259064.2042804,34359738368.0,500535296.0,100000000000.0,134222097.06666666,837326165.3333333,2.698999999995188,8.0,834988081.0,100.0
3.1006666666207217,16.0,847216640.0000001,34359738368.0,497233920.0,100000000000.0,106605226.66666667,837666133.3333333,2.6210666666699884,8.0,859763272.0,100.0
2.9253333333569267,16.0,776406357.3333334,34359738368.0,497233920.0,100000000000.0,19927313.06666667,759697681.0666667,2.3143333333350404,8.0,745423036.9333333,100.0
2.848081023465327,16.0,799339273.9150724,34359738368.0,497233920.0,100000000000.0,19912324.093816634,757937944.5628998,2.2199493603398794,8.0,777829961.1540512,100.0
2.995664643451849,16.0,668550735.0518204,34359738368.0,497410048.0,100000000000.0,19936616.821183216,824833263.5229774,2.3568331888221334,8.0,801870130.7943707,100.0
