NVMe_from_ceph,NVMe_from_transfer,NVMe_total_util
0.2540931,0.8044363,2.451728
0.33382678,0.75793874,2.2859764
0.15339553,0.88754183,2.6147094
0.4922052,0.90118533,2.699153
