NVMe_from_ceph,NVMe_from_transfer,NVMe_total_util
0.40706387,3.8193476,6.288078
-0.12913439,3.8510985,6.182862
0.9566319,3.3414352,5.9512696
0.416932,3.9952137,6.303919
