NVMe_from_ceph,NVMe_from_transfer,NVMe_total_util
0.6869711,4.1924734,6.4014316
0.84542835,3.164175,5.700675
0.5674901,3.036732,5.5922685
0.28808412,3.377848,6.007025
