CPU,CPU_count,Goodput,Memory_total,Memory_used,NIC_speed,NVMe_from_ceph,NVMe_from_transfer,NVMe_total_util,Storage_count,network_throughput,num_workers
1.2228655087298428,16.0,0.0,34359738368.0,119230464.0,100000000000.0,0.0,1587482.7976309313,0.014440673452790783,8.0,1766361.4161176549,70.0
2.041672231885987,16.0,789527059.9853207,34359738368.0,119230464.0,100000000000.0,37395216.241485246,521665837.8522773,0.989715506879056,8.0,492692484.0390009,70.0
3.147999999951571,16.0,908950435.6290418,34359738368.0,581185536.0,100000000000.0,134217728.0,919699456.0,2.7535333333323555,8.0,923068180.4666667,70.0
3.0223348223425996,16.0,798116050.9299381,34359738368.0,581185536.0,100000000000.0,134228861.12407494,787401997.4664978,2.594839655977919,8.0,814794112.8075205,70.0
3.070403913543177,16.0,617687176.5333333,34359738368.0,581070848.0,100000000000.0,134338618.8933695,858777698.1556158,2.696502941760306,8.0,857234252.6608051,70.0
2.4987561352586547,16.0,588188426.4284285,34359738368.0,581070848.0,100000000000.0,102020776.44052985,533845975.9295367,1.8129496402882554,8.0,542059935.9241579,70.0
2.716666666728755,16.0,684595882.6666666,34359738368.0,576868352.0,100000000000.0,19992849.066666666,651741047.4666667,2.0489999999990687,8.0,661239986.4666667,70.0
2.8139999999354286,16.0,821194380.1079928,34359738368.0,576868352.0,100000000000.0,19927313.066666666,686270327.4666667,2.0941333333360186,8.0,691805293.0,70.0
2.9086666667523486,16.0,838843491.0351263,34359738368.0,576868352.0,100000000000.0,19922944.0,784365704.5333333,2.4316666666651146,8.0,783292034.4,70.0
