CPU,CPU_count,Goodput,Memory_total,Memory_used,NIC_speed,NVMe_from_ceph,NVMe_from_transfer,NVMe_total_util,Storage_count,network_throughput,num_workers
1.1771215252254428,16.0,0.0,34359738368.0,103735296.0,100000000000.0,0.0,1843623.2251183253,0.014999000066080185,8.0,509877.0081994534,60.0
1.814666666649282,16.0,460906427.73333335,34359738368.0,561020928.0,100000000000.0,67353531.73333332,348599910.4,0.9042666666665657,8.0,348827917.93333334,60.0
3.1003400226532754,16.0,798958403.0935397,34359738368.0,561020928.0,100000000000.0,134263815.98773253,962121971.8647909,2.648109873993361,8.0,957693073.5382359,60.0
2.863009132751801,16.0,973050180.6546233,34359738368.0,563638272.0,100000000000.0,134278681.15458968,829324910.0726619,2.512765815610562,8.0,841858234.3843744,60.0
2.650000000031044,16.0,674672093.8666667,34359738368.0,563638272.0,100000000000.0,134222097.06666666,732265949.8666667,2.1251333333338454,8.0,723852653.6666666,60.0
2.9406666665958863,16.0,900891374.9333334,34359738368.0,562462720.0,100000000000.0,76825668.26666665,836096819.1999999,2.454800000000978,8.0,845018353.0,60.0
2.9323378441735235,16.0,814525371.7333333,34359738368.0,562462720.0,100000000000.0,19925984.667688824,868305308.7127526,2.4075061662549624,8.0,868098694.4870342,60.0
2.7149809987630533,16.0,801325226.6666667,34359738368.0,563912704.0,100000000000.0,19924272.284818985,744085821.1880792,2.2195479698654568,8.0,761838570.371358,60.0
3.044336289080972,16.0,859280666.7111142,34359738368.0,563912704.0,100000000000.0,19928641.642776184,903654773.784919,2.6625108340554484,8.0,896800177.4784986,60.0
