NVMe_from_ceph,NVMe_from_transfer,NVMe_total_util,num_workers,Goodput
1.2958436000000002,2.177993,4.967784,53,2.2506537
1.6378846000000002,1.9126768,4.6549387000000015,53,2.1516004
1.5857294,2.7657685,5.5288606,53,3.2238848
1.4973704,3.5976465,6.33352,53,3.8765695
