NVMe_from_ceph,NVMe_from_transfer,NVMe_total_util
1.2958436,2.177993,4.967784
1.6378846,1.9126768,4.6549387
1.5857294,2.7657685,5.5288606
1.4973704,3.5976465,6.33352
