NVMe_from_ceph,NVMe_from_transfer,NVMe_total_util,num_workers,Goodput
0.68904465,3.8245444,6.4681687000000005,85,3.804475
0.1348365,4.210417700000002,6.718095,85,4.1617856
0.15933934,3.9052186,6.419382,85,3.7378814
0.27253553,3.8026528,6.35309,85,3.5320864
