NVMe_from_ceph,NVMe_from_transfer,NVMe_total_util
0.68904465,3.8245444,6.4681687
0.1348365,4.2104177,6.718095
0.15933934,3.9052186,6.419382
0.27253553,3.8026528,6.35309
