NVMe_from_ceph,NVMe_from_transfer,NVMe_total_util,num_workers,Goodput
0.7078255,3.7551544,6.3415527,53,3.9086523
0.5899295999999999,3.1030536,5.89775,53,3.5349207
0.6126734,3.0028238,5.8564034000000005,53,3.350245
0.3003075,3.8519235,6.616219,53,4.1757336
