NVMe_from_ceph,NVMe_from_transfer,NVMe_total_util
0.7078255,3.7551544,6.3415527
0.5899296,3.1030536,5.89775
0.6126734,3.0028238,5.8564034
0.3003075,3.8519235,6.616219
