NVMe_from_ceph,NVMe_from_transfer,NVMe_total_util,num_workers,Goodput
0.34421462,3.6395962,6.106856,85,3.5416627
0.29470196,3.9701653,6.4580703,85,3.945685
0.28135517,4.0594544,6.478975,85,3.9462452
0.33841062,4.086254,6.500867,85,4.0313854
