NVMe_from_ceph,NVMe_from_transfer,NVMe_total_util
0.34421462,3.6395962,6.106856
0.29470196,3.9701653,6.4580703
0.28135517,4.0594544,6.478975
0.33841062,4.086254,6.500867
