NVMe_from_ceph,NVMe_from_transfer,NVMe_total_util
1.3472003,3.1562088,5.5251536
1.3888946,3.3163521,5.630142
1.4757564,3.53714,6.008336
1.2512618,3.0849447,5.5240326
