NVMe_from_ceph,NVMe_from_transfer,NVMe_total_util,num_workers,Goodput
1.3472003,3.1562088,5.5251535999999986,69,3.5765226
1.3888946000000002,3.3163521,5.630142,69,3.199542
1.4757564,3.53714,6.008336,69,3.3938649
1.2512618,3.0849447,5.524032599999999,69,3.6907396
