NVMe_from_ceph,NVMe_from_transfer,NVMe_total_util,num_workers,Goodput
0.3790574,3.5082254,5.650288,49,3.350951
0.06570656,3.6878653,5.8083663,49,3.2538157
-0.13541582,3.9128664,6.076569,49,2.909631
-0.027136479,3.7483974,5.9005933,49,3.0147035
