NVMe_from_ceph,NVMe_from_transfer,NVMe_total_util,num_workers,Goodput
0.5301865,0.75193346,2.3848758,54,1.0742154
0.12315126,0.88781464,2.6712677000000005,54,0.9526415
0.12742074,0.9632545,2.8961043,54,1.0094929
0.19042405,0.948966,2.8587596,54,0.9702114
