NVMe_from_ceph,NVMe_from_transfer,NVMe_total_util
0.7016582,3.332595,5.893533
0.6052905,3.7567823,6.1455007
0.6214826,3.254579,5.7644196
0.5615568,3.264272,5.7404203
