NVMe_from_ceph,NVMe_from_transfer,NVMe_total_util,num_workers,Goodput
0.7016581999999999,3.3325949999999995,5.8935330000000015,68,3.3717687
0.6052905,3.7567823,6.1455007,68,3.3552444
0.6214826,3.254579,5.764419599999999,68,3.835665
0.5615568,3.264272,5.7404203,68,3.8547704
