CPU,CPU_count,Goodput,Memory_total,Memory_used,NIC_speed,NVMe_from_ceph,NVMe_from_transfer,NVMe_total_util,Storage_count,network_throughput,num_workers
1.3053333333383002,16.0,2241.9832929129616,34359738368.0,59473920.0,100000000000.0,2218.6666666666665,1336934.3999999997,0.011533333326224237,8.0,255728.0,50.0
2.5916394425599654,16.0,315482391.09273946,34359738368.0,520220672.0,100000000000.0,1077413762.517501,601230482.0321355,3.181812120814977,8.0,599639791.186079,50.0
4.830666666695228,16.0,858079369.04999,34359738368.0,520220672.0,100000000000.0,2091561779.1999998,1047721301.3333334,5.90026666665605,8.0,1049637749.9333333,50.0
4.320666666639347,16.0,940489926.827637,34359738368.0,521170944.0,100000000000.0,1968282009.6,791793117.8666667,5.557533333341901,8.0,803924695.1333333,50.0
4.603333333383003,16.0,848208356.5994928,34359738368.0,521170944.0,100000000000.0,2008481792.0000002,900514611.2,5.740066666668281,8.0,893199528.4,50.0
3.2299999999813735,16.0,792896968.4687688,34359738368.0,516808704.0,100000000000.0,1242178082.133333,580521164.8,3.8312666666655177,8.0,593394794.3333334,50.0
3.241650556637008,16.0,627257279.5519701,34359738368.0,518123520.0,100000000000.0,402630711.01926535,812683971.4685688,2.851409906008533,8.0,812358847.0101993,50.0
3.4463630908540974,16.0,857151825.0783283,34359738368.0,518123520.0,100000000000.0,402680029.335289,954870749.2499499,3.091406093736819,8.0,961386376.2917527,50.0
2.928010840689957,16.0,744909206.2137475,34359738368.0,518123520.0,100000000000.0,402655463.38433737,673858489.7521316,2.465812207100801,8.0,685315870.7582859,50.0
