CPU,CPU_count,Goodput,Memory_total,Memory_used,NIC_speed,NVMe_from_ceph,NVMe_from_transfer,NVMe_total_util,Storage_count,network_throughput,num_workers
1.1528768584758584,16.0,0.0,34359738368.0,82432000.0,100000000000.0,0.0,1739004.4669644644,0.014934328950544667,8.0,924064.4042936196,8.0
2.1863875741021217,16.0,114144117.34115607,34359738368.0,82432000.0,100000000000.0,68087364.84234385,442897167.9221385,1.2596493567100804,8.0,445348319.11205924,8.0
2.4136275752002407,16.0,585433380.7079529,34359738368.0,538251264.0,100000000000.0,134086856.99046604,575601466.7644509,1.7613840922763264,8.0,576205725.4483632,8.0
2.3883741084126404,16.0,592207598.9333334,34359738368.0,538251264.0,100000000000.0,134213149.52336508,552761493.7670821,1.7568162122539288,8.0,558370935.4709686,8.0
2.513634242280336,16.0,612977330.2220148,34359738368.0,538177536.0,100000000000.0,134226676.44509634,640867931.9954665,1.9017934528925908,8.0,644856941.4627641,8.0
4.4502366508899405,16.0,612804198.4000001,34359738368.0,538177536.0,100000000000.0,76405513.23245116,580990336.1109259,1.833611092597304,8.0,8560423829.744684,8.0
3.8126666666939855,16.0,599370035.1999999,34359738368.0,536502272.0,100000000000.0,19922944.0,520317337.59999996,1.4684666666648507,8.0,6414973577.333333,8.0
3.9797319820824684,16.0,489912183.4666667,34359738368.0,536502272.0,100000000000.0,19926456.963797584,620484604.0402693,1.7369157943821476,8.0,6380629483.098873,8.0
2.4400000000372533,16.0,648564360.5333334,34359738368.0,536502272.0,100000000000.0,19925128.533333335,617960243.2,1.722266666670718,8.0,618570951.2,8.0
