CPU,CPU_count,Goodput,Memory_total,Memory_used,NIC_speed,NVMe_from_ceph,NVMe_from_transfer,NVMe_total_util,Storage_count,network_throughput,num_workers
1.192755155972565,16.0,0.0,34359738368.0,72237056.0,100000000000.0,0.0,1403600.211528292,0.011766261234547054,8.0,137123.4796404019,40.0
2.3423883808724635,16.0,165829256.53333336,34359738368.0,530350080.0,100000000000.0,78263565.35771921,652554603.5502958,1.722364174292496,8.0,647824492.401829,40.0
3.2923138457672083,16.0,933091737.5999999,34359738368.0,530350080.0,100000000000.0,134208780.7479501,1079662021.4652357,2.9360709286005076,8.0,1086508795.346977,40.0
3.089672644849199,16.0,954549691.7333335,34359738368.0,530350080.0,100000000000.0,134228861.12407494,939621416.8944596,2.7641842789533273,8.0,944688559.9706646,40.0
2.933333333302289,16.0,915787502.9333333,34359738368.0,527024128.0,100000000000.0,134217728.0,858218769.0666667,2.467200000002049,8.0,869940357.7333333,40.0
2.6124625124747323,16.0,682161493.3333334,34359738368.0,529543168.0,100000000000.0,68139096.03465512,740567173.0756414,2.0648450516480072,8.0,724983072.1092969,40.0
2.9293144838909315,16.0,928265045.3333335,34359738368.0,529543168.0,100000000000.0,19928258.202187255,852187057.882102,2.3122165910889545,8.0,873156949.4531875,40.0
2.340289352614815,16.0,682785177.5999999,34359738368.0,529543168.0,100000000000.0,19928641.642776184,586505745.7163811,1.7435162344164659,8.0,573686431.8954597,40.0
2.8946666666617,16.0,734421708.8,34359738368.0,530087936.0,100000000000.0,19922944.0,843890961.0666667,2.4449333333313312,8.0,869281612.4,40.0
