CPU,CPU_count,Goodput,Memory_total,Memory_used,NIC_speed,NVMe_from_ceph,NVMe_from_transfer,NVMe_total_util,Storage_count,network_throughput,num_workers
1.1126666666318972,16.0,0.0,34359738368.0,109002752.0,100000000000.0,2184.5333333333333,1756364.8,0.01619999999917733,8.0,1158204.2666666666,30.0
2.7140000000285607,16.0,442402508.8,34359738368.0,564948992.0,100000000000.0,85214276.26666665,873052023.4666665,1.9730666666679706,8.0,873948122.0666667,30.0
2.695333333313465,16.0,742648321.0238634,34359738368.0,564948992.0,100000000000.0,134222097.06666666,788199014.4,2.1649333333324954,8.0,790012007.0666667,30.0
2.80933333337307,16.0,1040853122.8163756,34359738368.0,566489088.0,100000000000.0,134217728.0,863589990.4,2.3407333333316878,8.0,868686892.2666667,30.0
2.752666666638106,16.0,802857506.1333332,34359738368.0,566489088.0,100000000000.0,134222097.06666666,854038118.4,2.255000000002716,8.0,866169436.0,30.0
2.9560000000211097,16.0,814753655.4666667,34359738368.0,563511296.0,100000000000.0,61656268.800000004,903583334.4000001,2.3539999999998447,8.0,903037960.4,30.0
2.448666666634381,16.0,705876793.3099786,34359738368.0,562958336.0,100000000000.0,19927313.066666666,674388104.5333333,1.7711999999999537,8.0,682022285.8,30.0
3.094666666692744,16.0,901591334.6882367,34359738368.0,562958336.0,100000000000.0,19922944.0,969122884.2666665,2.508066666665642,8.0,968610234.0,30.0
2.898340110641906,16.0,916919676.2882476,34359738368.0,562958336.0,100000000000.0,19925984.667688824,863918512.0991933,2.343243783744708,8.0,883686068.1954536,30.0
