NVMe_from_ceph,NVMe_from_transfer,NVMe_total_util,num_workers,Goodput
0.017465928999999998,3.6458135,6.2206235,53,3.5239935
-0.16747774,3.8295908,6.311517,53,3.4266362
0.13234076,3.8576941,6.3241086,53,4.0959883
-0.1845812,3.7767088,6.284485,53,3.4129345
