NVMe_from_ceph,NVMe_from_transfer,NVMe_total_util
0.017465929,3.6458135,6.2206235
-0.16747774,3.8295908,6.311517
0.13234076,3.8576941,6.3241086
-0.1845812,3.7767088,6.284485
