NVMe_from_ceph,NVMe_from_transfer,NVMe_total_util,num_workers,Goodput
0.9318898,3.662312000000001,6.0218644,58,3.5342953
0.27971816,3.662805,6.0054383,58,3.6123273
0.39349732,3.7111697,6.0804589999999985,58,3.415183
0.291368,3.5793097,5.9306273,58,3.7102406
