NVMe_from_ceph,NVMe_from_transfer,NVMe_total_util
1.0256195,2.7583065,4.923956
1.4446876,3.4489005,5.718906
1.5482677,3.4336033,5.953493
1.5066141,3.0571935,5.516197
