NVMe_from_ceph,NVMe_from_transfer,NVMe_total_util,num_workers,Goodput
1.0256195,2.7583065,4.923956,48,2.8963723
1.4446876,3.4489005,5.718906,48,3.638252
1.5482677,3.4336033,5.953493,48,3.3271542
1.5066141000000002,3.0571935000000003,5.516197,48,3.3290758
