NVMe_from_ceph,NVMe_from_transfer,NVMe_total_util
0.6411732,3.494512,5.822028
0.686111,3.4403832,5.8603244
0.6724805,3.3756745,5.803212
0.54711896,3.2891545,5.658003
