NVMe_from_ceph,NVMe_from_transfer,NVMe_total_util,num_workers,Goodput
1.3369315000000002,0.69349974,2.1945436000000003,54,0.88209116
0.20237404,0.82291955,2.3705137,54,0.97421503
0.21757308,0.91284454,2.7218162999999995,54,0.9458101
0.24337162,0.9044619,2.6844802000000003,54,0.9600094
