CPU,CPU_count,Goodput,Memory_total,Memory_used,NIC_speed,NVMe_from_ceph,NVMe_from_transfer,NVMe_total_util,Storage_count,network_throughput,num_workers
1.1417905473353387,16.0,0.0,34359738368.0,54681600.0,100000000000.0,0.0,1843623.2251183253,0.015598960069111416,8.0,78980.86794213719,20.0
1.6042402827053817,16.0,433832526.21747833,34359738368.0,54681600.0,100000000000.0,13003209.280618707,276588551.2367491,0.5363690912736053,8.0,271644964.59763986,20.0
2.7846666666368645,16.0,617960685.3790252,34359738368.0,518139904.0,100000000000.0,134217728.0,805615479.4666667,2.289066666665409,8.0,795594402.6666666,20.0
2.5053333332762118,16.0,872857299.6466902,34359738368.0,518139904.0,100000000000.0,134219912.53333333,693852023.4666667,1.9239333333369966,8.0,708419507.4666667,20.0
2.776000000101824,16.0,762409167.544503,34359738368.0,517591040.0,100000000000.0,134217728.0,850222011.7333333,2.183666666663097,8.0,858266351.7333333,20.0
2.7013333332414424,16.0,803050564.2666667,34359738368.0,519860224.0,100000000000.0,123177096.53333335,739979537.0666666,2.1596666666659683,8.0,746742720.3333334,20.0
2.716352243198688,16.0,777458740.0839945,34359738368.0,519860224.0,100000000000.0,19921615.89227385,792677983.6010932,2.0357309512738264,8.0,799986193.7204187,20.0
2.6196413094392557,16.0,784141789.8666667,34359738368.0,519548928.0,100000000000.0,19928641.642776184,777257167.5445029,1.8772584838993613,8.0,769339475.1650109,20.0
2.897673488431621,16.0,853367662.3774918,34359738368.0,519548928.0,100000000000.0,19921615.89227385,894424578.6280915,2.2061195920260497,8.0,891082197.7868142,20.0
