CPU,CPU_count,Goodput,Memory_total,Memory_used,NIC_speed,NVMe_from_ceph,NVMe_from_transfer,NVMe_total_util,Storage_count,network_throughput,num_workers
1.3013333333656192,16.0,0.0,34359738368.0,508321792.0,100000000000.0,1679906.133333333,1494220.7999999998,0.018266666663112118,8.0,1693968.7333333334,90.0
1.904666666655491,16.0,637143498.0998733,34359738368.0,521035776.0,100000000000.0,26563925.333333336,455853124.26666665,0.8140000000033373,8.0,419642549.73333335,90.0
3.002000000017384,16.0,806732868.2666667,34359738368.0,520794112.0,100000000000.0,134222097.06666666,831969962.6666666,2.4880666666605977,8.0,859150762.2666667,90.0
3.00933333337307,16.0,918001868.8,34359738368.0,520794112.0,100000000000.0,134217728.0,814640059.7333333,2.6200666666709975,8.0,824175564.0666667,90.0
3.260666666614513,16.0,668308504.2330512,34359738368.0,520794112.0,100000000000.0,134222097.06666666,909136964.2666667,2.8799333333348236,8.0,909548112.7333333,90.0
2.744000000009934,16.0,822240049.069938,34359738368.0,515715072.0,100000000000.0,111568486.39999999,661931349.3333334,2.2839333333288474,8.0,677948606.0666667,90.0
3.2186666666530073,16.0,885589988.0936632,34359738368.0,518238208.0,100000000000.0,19997218.133333333,872555042.1333332,2.7074000000041756,8.0,865696139.8666667,90.0
3.0786666666778424,16.0,724317097.1643597,34359738368.0,518238208.0,100000000000.0,19853038.933333334,862807381.3333333,2.6697999999955453,8.0,874912023.9333333,90.0
2.9019999999552963,16.0,793942425.6000001,34359738368.0,518238208.0,100000000000.0,19927313.066666666,797359035.7333333,2.317000000002251,8.0,799766338.0,90.0
