NVMe_from_ceph,NVMe_from_transfer,NVMe_total_util,num_workers,Goodput
0.92264366,0.6707969,1.8794647,54,0.8355422
0.06177302,0.69997597,2.0710974,54,0.8269905
0.0608876,0.75293505,2.113252,54,0.8848964
-0.114849985,0.67993844,1.879566,54,0.8005799
