NVMe_from_ceph,NVMe_from_transfer,NVMe_total_util,num_workers,Goodput
0.59099114,3.575924,6.099874,85,3.6316864
0.6107451999999999,3.43717,6.039765,85,3.5622857
0.62629735,3.0956311000000003,5.8638015,85,3.5554123
0.7399091,3.1533577,5.928386,85,3.8002088
