NVMe_from_ceph,NVMe_from_transfer,NVMe_total_util
0.59099114,3.575924,6.099874
0.6107452,3.43717,6.039765
0.62629735,3.0956311,5.8638015
0.7399091,3.1533577,5.928386
