NVMe_from_ceph,NVMe_from_transfer,NVMe_total_util,num_workers,Goodput
0.7636689,2.8615758,5.1169,66,3.0185664
1.4489096,3.5015947999999995,5.8868540000000005,66,3.4332774
1.2909628,3.4329777000000004,5.962175,66,3.612603
1.498637,3.270787,5.859528,66,3.4086654
