NVMe_from_ceph,NVMe_from_transfer,NVMe_total_util
0.7636689,2.8615758,5.1169
1.4489096,3.5015948,5.886854
1.2909628,3.4329777,5.962175
1.498637,3.270787,5.859528
