NVMe_from_ceph,NVMe_from_transfer,NVMe_total_util,num_workers,Goodput
0.9448787,3.6875534,6.180544,53,3.7889342
0.03352114,3.9438565,6.435201599999999,53,3.3024604
0.17543422,3.8268912,6.348424400000002,53,4.0229783
0.17889979999999994,3.891303,6.4068885,53,4.062663
