NVMe_from_ceph,NVMe_from_transfer,NVMe_total_util
0.9448787,3.6875534,6.180544
0.03352114,3.9438565,6.4352016
0.17543422,3.8268912,6.3484244
0.1788998,3.891303,6.4068885
