NVMe_from_ceph,NVMe_from_transfer,NVMe_total_util,num_workers,Goodput
1.411551,3.1358852,5.7595519999999985,65,3.4405785
0.18455288,3.130071,5.6525016,65,3.4475758
0.07925323,3.3007642999999995,5.8806453,65,3.8447928
-0.060184415,3.2673635,5.8664894,65,3.7111292
