NVMe_from_ceph,NVMe_from_transfer,NVMe_total_util,num_workers,Goodput
1.1003647,0.43518984,1.5124763,54,0.3520138
-0.009129414,0.52966017,1.639993,54,0.6006085
0.06558555,0.64478254,1.9266335,54,0.80575085
-0.010184834,0.44290146,1.3955531,54,0.3334808
