NVMe_from_ceph,NVMe_from_transfer,NVMe_total_util
1.1412,4.7397075,7.087218
0.09304926,4.048457,6.3801026
0.03308008,3.590779,5.968026
0.15253721,4.2413745,6.5401764
