NVMe_from_ceph,NVMe_from_transfer,NVMe_total_util,num_workers,Goodput
1.1412,4.7397075,7.087217999999999,69,4.466732
0.09304926,4.048457,6.3801026,69,3.6020668
0.03308008,3.590779,5.968026,69,3.292197
0.15253721,4.2413745,6.5401764,69,4.2056856
