NVMe_from_ceph,NVMe_from_transfer,NVMe_total_util,num_workers,Goodput
0.96503544,3.0298164,5.310485400000001,64,3.3099506
1.0902445,2.091194,4.5449333,64,2.390986
1.1901774,2.92681,5.386176,64,3.6175218
1.4190136999999998,3.2447462,5.786153,64,3.4404323
