NVMe_from_ceph,NVMe_from_transfer,NVMe_total_util
0.96503544,3.0298164,5.3104854
1.0902445,2.091194,4.5449333
1.1901774,2.92681,5.386176
1.4190137,3.2447462,5.786153
