NVMe_from_ceph,NVMe_from_transfer,NVMe_total_util,num_workers,Goodput
1.0965916,3.9436846,6.342267,53,3.9353821
0.42278242,3.7082589,6.05366,53,3.608198
0.09040783,3.7617493,6.0453925,53,3.6509798
0.18399328,3.7311902,6.0422435,53,3.6679056
