NVMe_from_ceph,NVMe_from_transfer,NVMe_total_util,num_workers,Goodput
0.77912766,2.3293104,5.050185,68,2.5182881
1.169459,1.8702254,4.651843,68,2.026722
1.7240497,2.5534174,5.4536190000000015,68,3.455254
1.4335485,2.7780523,5.7388487,68,3.3995647
