NVMe_from_ceph,NVMe_from_transfer,NVMe_total_util,num_workers,Goodput
1.2423278999999998,1.0331507,2.420052,33,0.9515653
0.1979059,1.0206221,2.2027998,33,0.85166883
0.081972905,1.0326182,2.4164642999999995,33,0.9418496
0.12792808,1.0810075,2.4509287,33,0.95829916
