NVMe_from_ceph,NVMe_from_transfer,NVMe_total_util
1.0515486,4.5480876,7.0863585
0.2915106,4.0325847,6.504088
0.086137414,3.8389246,6.322447
0.058281217,2.8736572,5.519633
