NVMe_from_ceph,NVMe_from_transfer,NVMe_total_util,num_workers,Goodput
1.0515486,4.5480876,7.0863585,69,4.4606304
0.29151059999999995,4.0325847,6.5040879999999985,69,4.029828
0.08613741400000001,3.8389246,6.322447,69,3.5560987
0.058281217,2.8736572,5.519633,69,3.2732928
