NVMe_from_ceph,NVMe_from_transfer,NVMe_total_util,num_workers,Goodput
1.3392366000000002,3.007513,5.644521,52,3.4663417
0.35671383,3.8804786,6.157451999999998,52,3.5617316
-0.16540602,4.063284,6.28615,52,2.8283877
0.08867831,3.882832,6.171339,52,3.7612154
