NVMe_from_ceph,NVMe_from_transfer,NVMe_total_util
0.7403579,3.3038354,5.6291194
0.7276214,3.7063005,5.9994845
0.721939,3.6516967,5.924559
0.5408847,3.63589,5.9234185
