NVMe_from_ceph,NVMe_from_transfer,NVMe_total_util,num_workers,Goodput
0.7403579,3.3038354,5.6291194,52,3.4283874
0.7276214,3.7063005,5.9994845,52,3.6181974
0.721939,3.651696700000001,5.924559,52,3.1604168
0.5408847,3.63589,5.9234185,52,3.2163455
