NVMe_from_ceph,NVMe_from_transfer,NVMe_total_util,num_workers,Goodput
0.63993686,0.7942691999999999,2.3253314,54,0.99902725
0.0792013,0.89719427,2.5992558,54,0.96208715
0.124116704,0.91655505,2.6922703,54,0.94078135
0.113692746,0.8952479,2.6339984,54,0.959848
