NVMe_from_ceph,NVMe_from_transfer,NVMe_total_util,num_workers,Goodput
0.58378106,3.2933354,5.8958949999999986,68,3.6742783
0.26947632,3.3417559,5.838081,68,3.6083736
0.20270517,3.5632114,6.037073,68,3.5696266
0.19644582,3.567731,6.0194397,68,3.5170827
