NVMe_from_ceph,NVMe_from_transfer,NVMe_total_util,num_workers,Goodput
0.6196206,4.1283097,6.5654244,85,4.2027946
0.6926409,3.9253087,6.4242,85,3.8324366
0.72761357,3.5476617999999998,6.145242700000002,85,3.4870136
0.6556274999999999,3.7531388,6.292424,85,3.6313848
