CPU,CPU_count,Goodput,Memory_total,Memory_used,NIC_speed,NVMe_from_ceph,NVMe_from_transfer,NVMe_total_util,Storage_count,network_throughput,num_workers
1.1777616182860937,16.0,0.0,34359738368.0,116350976.0,100000000000.0,0.0,1576988.431281814,0.01355192701706844,8.0,636878.0987637998,80.0
1.6253613931247304,16.0,545133636.2666667,34359738368.0,575361024.0,100000000000.0,7614214.213675789,348182858.0649499,0.5992738519445546,8.0,341657074.4301755,80.0
2.885333333319674,16.0,867523993.6000001,34359738368.0,575361024.0,100000000000.0,134219912.53333333,743805474.1333334,2.252266666667613,8.0,746629580.3333334,80.0
3.1660000000149013,16.0,948072316.5045958,34359738368.0,578682880.0,100000000000.0,134287633.06666666,954392849.0666667,2.783666666666977,8.0,951012275.5333333,80.0
3.2300000000434617,16.0,836896831.8890815,34359738368.0,578682880.0,100000000000.0,134292002.13333333,903692288.0000001,2.7634000000020023,8.0,914792772.9333333,80.0
2.786319422591414,16.0,611994881.2812812,34359738368.0,575434752.0,100000000000.0,121341333.1659868,689865876.1217446,2.31910887981983,8.0,695068434.9545027,80.0
2.8617134731921103,16.0,820752214.4142942,34359738368.0,575434752.0,100000000000.0,19910083.75399929,709841022.6804124,2.278777106294764,8.0,711587153.9281906,80.0
3.0713333333221575,16.0,842523989.3333334,34359738368.0,577236992.0,100000000000.0,19922944.0,875213892.2666667,2.6043333333334884,8.0,878987711.2,80.0
3.1629456847357442,16.0,968949759.9999999,34359738368.0,577236992.0,100000000000.0,19920672.84238587,958532789.8700433,2.7203598800372863,8.0,939068942.7524158,80.0
