CPU,CPU_count,Goodput,Memory_total,Memory_used,NIC_speed,NVMe_from_ceph,NVMe_from_transfer,NVMe_total_util,Storage_count,network_throughput,num_workers
1.17345474959642,16.0,0.0,34359738368.0,82436096.0,100000000000.0,1021.8923470342418,1561451.5062683213,0.013347470838209325,8.0,2692092.309611426,50.0
2.567910073703915,16.0,231859268.26666665,34359738368.0,544616448.0,100000000000.0,104279520.58423424,716306732.1543639,1.9458724135472496,8.0,715453744.6838977,50.0
2.8713333332911133,16.0,744298247.0831388,34359738368.0,544616448.0,100000000000.0,134217728.0,833434692.2666667,2.388666666665813,8.0,844073831.4666667,50.0
3.1103259782929484,16.0,816117696.541614,34359738368.0,548671488.0,100000000000.0,134210965.13565761,875047148.3234452,2.6166922205203704,8.0,864716788.2141191,50.0
2.588305887064105,16.0,676894905.0890416,34359738368.0,548671488.0,100000000000.0,134226676.44509634,682648005.8670578,2.171678111872448,8.0,685547712.5141675,50.0
3.1446666666616996,16.0,941164953.6,34359738368.0,543338496.0,100000000000.0,51594308.266666666,957188778.6666666,2.6627333333327745,8.0,965011233.4666667,50.0
3.0246469491421224,16.0,886055116.7999998,34359738368.0,543338496.0,100000000000.0,19907018.385291766,871166431.1217692,2.502664535037162,8.0,863309338.2627231,50.0
2.805177475291214,16.0,846508851.2,34359738368.0,545337344.0,100000000000.0,19943267.680811316,765530320.7899653,2.125033360023681,8.0,792828097.4779824,50.0
2.503999999972681,16.0,800446348.9100728,34359738368.0,545337344.0,100000000000.0,19922944.0,655328051.2,1.8764666666684209,8.0,657863812.8666667,50.0
