CPU,CPU_count,Goodput,Memory_total,Memory_used,NIC_speed,NVMe_from_ceph,NVMe_from_transfer,NVMe_total_util,Storage_count,network_throughput,num_workers
1.1286666666778427,16.0,0.0,34359738368.0,90419200.0,100000000000.0,0.0,1756364.8,0.015000000002328307,8.0,203354.53333333333,20.0
1.2819999999987581,16.0,466931165.8666666,34359738368.0,90419200.0,100000000000.0,0.0,73049975.46666667,0.1501333333319053,8.0,65524376.8,20.0
2.7106666667076444,16.0,938511802.6798215,34359738368.0,548741120.0,100000000000.0,127157316.26666665,806956509.8666667,2.1299333333328834,8.0,813139131.9333333,20.0
2.7913333333097397,16.0,769351236.2666668,34359738368.0,548741120.0,100000000000.0,134219912.53333333,838459118.9333333,2.2008000000050134,8.0,840394404.8,20.0
2.9866666666852932,16.0,769152281.6187747,34359738368.0,546521088.0,100000000000.0,134217728.0,913885866.6666665,2.5491333333309742,8.0,916864643.5333333,20.0
2.65866666669026,16.0,835459618.1333333,34359738368.0,546521088.0,100000000000.0,134222097.06666666,732971554.1333333,2.036599999999938,8.0,748121410.6666666,20.0
2.551029931291968,16.0,747548806.6128925,34359738368.0,547975168.0,100000000000.0,26002951.26991534,736505361.5092326,1.828344777012662,8.0,734853592.9604694,20.0
2.797653176861073,16.0,792407893.3333334,34359738368.0,547975168.0,100000000000.0,19858731.915461034,841411631.1754117,2.1310754050294234,8.0,836813563.2375492,20.0
2.5723618425487964,16.0,634876449.8966597,34359738368.0,548560896.0,100000000000.0,19991516.298913408,745417936.4042397,1.8163455769597976,8.0,749205104.3263782,20.0
