CPU,CPU_count,Goodput,Memory_total,Memory_used,NIC_speed,NVMe_from_ceph,NVMe_from_transfer,NVMe_total_util,Storage_count,network_throughput,num_workers
1.2886666666716335,16.0,0.0,34359738368.0,55971840.0,100000000000.0,910950.3999999999,1424315.7333333332,0.015466666667877386,8.0,2002266.7333333334,90.0
6.794000000009935,16.0,676989269.3333334,34359738368.0,55971840.0,100000000000.0,19922124.8,618272631.4666667,1.120800000000357,8.0,592145982.4666667,90.0
3.6540000000037254,16.0,927109939.1999999,34359738368.0,521297920.0,100000000000.0,134153011.19999999,832851968.0,2.5147999999986492,8.0,856494413.9333333,90.0
3.3526666667001943,16.0,990170402.1834288,34359738368.0,521453568.0,100000000000.0,134217728.0,982209058.1333332,3.0977333333323864,8.0,980604227.3333334,90.0
3.1499999999068673,16.0,1085136506.5683773,34359738368.0,521453568.0,100000000000.0,134222097.06666666,966786252.8,2.792933333333349,8.0,975859499.6,90.0
3.354000000065814,16.0,859090670.9333334,34359738368.0,521453568.0,100000000000.0,117440512.0,1033105681.0666666,3.0004666666655493,8.0,1037627041.6666666,90.0
2.605333333276212,16.0,768882107.7333333,34359738368.0,521138176.0,100000000000.0,19927313.06666667,614394265.6,1.9310666666696004,8.0,637159286.6666666,90.0
3.165999999983857,16.0,860115549.6362067,34359738368.0,521138176.0,100000000000.0,19922944.0,928203025.0666666,2.7298666666649902,8.0,926577832.2,90.0
2.9500000000310447,16.0,929671151.3568424,34359738368.0,524177408.0,100000000000.0,19927313.066666666,842513885.8666667,2.4806666666680632,8.0,853890828.7333333,90.0
