NVMe_from_ceph,NVMe_from_transfer,NVMe_total_util
1.0775502,2.604405,4.886579
1.2843522,2.3456593,4.898802
1.1316938,2.67672,5.1467676
1.4744898,2.82926,5.2260914
