NVMe_from_ceph,NVMe_from_transfer,NVMe_total_util,num_workers,Goodput
1.0775502,2.604405,4.886579,65,2.9532132
1.2843521999999998,2.3456593,4.898802,65,2.7777448
1.1316938,2.67672,5.1467676,65,3.3468041
1.4744898000000002,2.82926,5.2260914000000005,65,3.2152562
