NVMe_from_ceph,NVMe_from_transfer,NVMe_total_util
0.5627527,3.7306361,5.9283595
0.11646351,3.3231857,5.6948776
0.28822818,4.0701346,6.257119
0.35096875,3.6041994,5.8795266
