NVMe_from_ceph,NVMe_from_transfer,NVMe_total_util,num_workers,Goodput
0.5627526999999999,3.7306361,5.9283595,69,3.721099
0.11646351,3.3231857,5.6948776,69,3.5485666
0.28822818,4.0701345999999985,6.257119,69,3.7488844
0.35096875,3.6041994,5.879526599999998,69,3.5012398
