NVMe_from_ceph,NVMe_from_transfer,NVMe_total_util,num_workers,Goodput
0.8282129999999999,2.8138409,5.4293237,85,3.2795346
0.6421734,4.3285365,6.566244,85,4.2008305
0.61500245,2.8165796000000003,5.303789,85,2.7501972
0.7147018,2.758724,5.2774835,85,3.1308322
