NVMe_from_ceph,NVMe_from_transfer,NVMe_total_util
0.828213,2.8138409,5.4293237
0.6421734,4.3285365,6.566244
0.61500245,2.8165796,5.303789
0.7147018,2.758724,5.2774835
