NVMe_from_ceph,NVMe_from_transfer,NVMe_total_util,num_workers,Goodput
0.7831712,0.65536565,1.9723688,54,0.86230063
0.24917689,0.56497014,1.7309384,54,0.7078372
0.19628032,0.5159318,1.6163403,54,0.6006085
0.5121465999999999,0.51835054,1.7157199,54,0.6794132
