NVMe_from_ceph,NVMe_from_transfer,NVMe_total_util
0.75012,3.8598063,6.1849713
0.5459689,3.2538064,5.6620116
0.5148111,3.1694589,5.596063
0.60340154,3.235195,5.658553
