NVMe_from_ceph,NVMe_from_transfer,NVMe_total_util
0.49211547,0.8770712,2.4989207
0.34156445,1.0065923,2.6383204
0.17132609,1.0262483,2.6818426
0.33178574,1.0265933,2.709371
