NVMe_from_ceph,NVMe_from_transfer,NVMe_total_util
1.2139802,2.4194903,4.9840164
1.4182976,2.6981654,5.251966
1.4430456,3.258404,5.858221
1.5726267,3.9569802,6.4604373
