NVMe_from_ceph,NVMe_from_transfer,NVMe_total_util,num_workers,Goodput
0.48297513,3.990649,6.6242220000000005,68,4.12317
0.30765492,3.6928174,6.2630300000000005,68,3.5265088
0.2383427,3.9265723,6.4412956,68,3.8278255
0.4237039000000001,3.7344384,6.284109,68,3.6714761
