NVMe_from_ceph,NVMe_from_transfer,NVMe_total_util,num_workers,Goodput
0.6554985,3.2024894,5.8941636,68,3.645629
0.49852347,3.3940794000000003,6.0542893,68,3.5481718
0.49891827,3.9763405,6.6253505000000015,68,4.1734085
0.6383255,3.2045329,6.005971400000001,68,3.6244497
