CPU,CPU_count,Goodput,Memory_total,Memory_used,NIC_speed,NVMe_from_ceph,NVMe_from_transfer,NVMe_total_util,Storage_count,network_throughput,num_workers
1.24911672558143,16.0,0.0,34359738368.0,109531136.0,100000000000.0,0.0,1415483.2344510367,0.013265782280731145,8.0,1083728.0181321246,40.0
1.3268884592715966,16.0,494502980.26666665,34359738368.0,111767552.0,100000000000.0,0.0,148304201.6134409,0.2201480098670606,8.0,110093232.0821388,40.0
2.6466666666480405,16.0,961057755.6162922,34359738368.0,111767552.0,100000000000.0,119330133.33333333,778253926.3999999,1.9624666666650834,8.0,790254295.1333333,40.0
2.769333333304773,16.0,648414003.1999999,34359738368.0,566624256.0,100000000000.0,134147822.93333334,833650688.0,2.206266666665518,8.0,856857705.2666667,40.0
2.8380000000509122,16.0,1014677633.4422294,34359738368.0,566624256.0,100000000000.0,134222097.06666666,849443498.6666666,2.2262000000007296,8.0,860682927.4666667,40.0
2.900666666682809,16.0,890965858.931055,34359738368.0,565354496.0,100000000000.0,134217728.0,873865489.0666667,2.3894000000009936,8.0,886334086.1333333,40.0
3.23799999995778,16.0,847073711.5629823,34359738368.0,565354496.0,100000000000.0,32719940.266666666,1023261354.6666667,2.6936666666685296,8.0,1021594301.8666667,40.0
2.75600000002111,16.0,908785800.5333333,34359738368.0,567447552.0,100000000000.0,19922944.0,865232759.4666667,2.0380666666664182,8.0,874831255.4666667,40.0
2.713333333314707,16.0,804548300.8000001,34359738368.0,567447552.0,100000000000.0,19927313.066666666,785725576.5333333,1.959399999998277,8.0,792709976.6666666,40.0
