NVMe_from_ceph,NVMe_from_transfer,NVMe_total_util,num_workers,Goodput
0.8558462,0.6713433000000001,1.9123148,54,0.8516376
0.13216865,0.7968306,2.1082444,54,0.9700567
0.16030373,0.8411488000000001,2.2711513,54,0.89860374
0.14468709,0.86290854,2.3112292,54,0.9345088
