NVMe_from_ceph,NVMe_from_transfer,NVMe_total_util
0.8558462,0.6713433,1.9123148
0.13216865,0.7968306,2.1082444
0.16030373,0.8411488,2.2711513
0.14468709,0.86290854,2.3112292
