NVMe_from_ceph,NVMe_from_transfer,NVMe_total_util,num_workers,Goodput
0.8594961,3.1581724,5.8228745,68,3.6558368
0.15136117,3.2559195,5.791167,68,3.8784697
0.17849806,3.177682,5.715757,68,3.7223208
0.16727291,3.494818,6.0092672999999985,68,3.490067
