NVMe_from_ceph,NVMe_from_transfer,NVMe_total_util
0.8594961,3.1581724,5.8228745
0.15136117,3.2559195,5.791167
0.17849806,3.177682,5.715757
0.16727291,3.494818,6.0092673
