NVMe_from_ceph,NVMe_from_transfer,NVMe_total_util,num_workers,Goodput
0.56827855,3.901716200000001,6.3376555,85,3.789315
0.33323392,4.128701,6.6258979999999985,85,4.2420363
0.35387367,3.985892,6.4622483,85,3.9809453
0.17513008,3.8321145,6.2983108,85,3.5249116
