NVMe_from_ceph,NVMe_from_transfer,NVMe_total_util,num_workers,Goodput
0.61863333,3.458823,6.049515,68,3.5748076
0.49354652,3.0585582,5.685055,68,3.5223985
0.34910986,3.5563580000000004,6.1521707,68,3.4185047
0.5501296999999999,3.2275224,5.9151435,68,3.7850215
