NVMe_from_ceph,NVMe_from_transfer,NVMe_total_util,num_workers,Goodput
6.979403,3.4964218,6.105763,54,3.7455697
8.514809,3.5053847,6.0933437,54,3.6858723
8.628258,3.4789,6.071936,54,3.6372697
9.359754,3.3580964,6.0278764,54,3.6565607
