NVMe_from_ceph,NVMe_from_transfer,NVMe_total_util
15.609435,3.1266005,6.3302035
14.968909,3.143508,6.332389
13.168182,3.0657978,6.2886624
17.20878,2.848175,6.221036
