NVMe_from_ceph,NVMe_from_transfer,NVMe_total_util,num_workers,Goodput
15.609435,3.1266005,6.3302035000000005,68,3.6097217
14.968909,3.143508,6.332389,68,3.6376846
13.168182,3.0657978,6.2886624000000015,68,3.603729
17.208779999999994,2.848175,6.221036,68,3.3901575
