NVMe_from_ceph,NVMe_from_transfer,NVMe_total_util
11.3358345,3.175364,5.6798887
2.5623755,3.5071146,5.9477715
1.4058222,3.6637871,6.156111
1.9234403,3.4395812,5.9279203
