NVMe_from_ceph,NVMe_from_transfer,NVMe_total_util,num_workers,Goodput
11.3358345,3.175364,5.6798887,53,3.5455105
2.5623755,3.5071146,5.9477715,53,3.5312781
1.4058222,3.6637871,6.156111,53,3.8397436
1.9234403,3.439581200000001,5.9279203,53,3.3149421
