NVMe_from_ceph,NVMe_from_transfer,NVMe_total_util,num_workers,Goodput
12.536828,0.54267216,4.5165734,54,0.73424786
4.780344,0.5856971,4.707685,54,0.84743595
4.59124,0.65061086,5.271876,54,0.96668005
5.399047,0.6706248,5.405279599999999,54,0.9705577
