NVMe_from_ceph,NVMe_from_transfer,NVMe_total_util,num_workers,Goodput
0.9087738,0.5993043,1.6942906000000002,54,0.80288774
0.2527261,0.60090166,1.7100685000000002,54,0.80120504
0.23621632,0.6982795,1.9741912,54,0.82997787
0.25493103,0.6130211999999999,1.7592955,54,0.8062916
