NVMe_from_ceph,NVMe_from_transfer,NVMe_total_util
0.90453017,3.5539556,5.803111
0.3396046,3.0999293,5.323632
0.6918881,2.7632275,5.0062337
0.3738615,3.2261517,5.3875904
