NVMe_from_ceph,NVMe_from_transfer,NVMe_total_util,num_workers,Goodput
0.90453017,3.5539556000000005,5.803111,65,3.371975
0.3396046,3.0999293,5.323632,65,3.643931
0.6918880999999999,2.7632275,5.0062337,65,3.0537298
0.3738615,3.2261517000000004,5.3875904000000014,65,3.5869875
