NVMe_from_ceph,NVMe_from_transfer,NVMe_total_util,num_workers,Goodput
0.8154063,2.7628713,5.0610040000000005,85,2.7341294
1.4157684,3.195557,5.6289268,85,3.396355
1.4161924,3.3754597,5.969722,85,3.3157625
1.4345511999999998,3.053625,5.6245866,85,3.5283866
