NVMe_from_ceph,NVMe_from_transfer,NVMe_total_util
0.62981635,3.7009997,6.1704297
0.60310304,3.579629,6.059239
0.35944888,3.872354,6.314844
0.64036036,3.8220432,6.3251863
