NVMe_from_ceph,NVMe_from_transfer,NVMe_total_util,num_workers,Goodput
-0.06406236,3.7321768,6.0663532999999985,49,3.243629
0.047954865,3.5466812000000005,5.8598647,49,3.2742648
-0.06275334,3.9250176,6.2077737,49,3.3260474
0.2018447,3.5991182,5.8762370000000015,49,3.6035671
