NVMe_from_ceph,NVMe_from_transfer,NVMe_total_util
-0.06406236,3.7321768,6.0663533
0.047954865,3.5466812,5.8598647
-0.06275334,3.9250176,6.2077737
0.2018447,3.5991182,5.876237
