CPU,CPU_count,Goodput,Memory_total,Memory_used,NIC_speed,NVMe_from_ceph,NVMe_from_transfer,NVMe_total_util,Storage_count,network_throughput,num_workers
1.3317778814571843,16.0,0.0,34359738368.0,60284928.0,100000000000.0,0.0,1415483.2344510367,0.012065862278548932,8.0,3215782.347843477,90.0
3.0320000000608465,16.0,519822540.8,34359738368.0,579891200.0,100000000000.0,70997333.33333334,938315776.0,1.7829333333376174,8.0,914633476.5333333,90.0
3.397026468428745,16.0,977953587.2,34359738368.0,579891200.0,100000000000.0,134156766.7177812,944652732.582172,2.647643176211716,8.0,966872020.934729,90.0
3.1683221118604505,16.0,759842160.3642844,34359738368.0,574595072.0,100000000000.0,135085812.41250584,870242314.5123659,2.648956736219107,8.0,870430914.0723952,90.0
3.041669444591145,16.0,839327724.137931,34359738368.0,574595072.0,100000000000.0,134366495.89972666,774709831.8554571,2.3662910860664748,8.0,793323449.3632909,90.0
3.862275848256915,16.0,998986561.7858092,34359738368.0,564142080.0,100000000000.0,73773326.04493034,957707928.8047465,2.7723485101063425,8.0,948253362.3758416,90.0
3.415694379640211,16.0,993091052.9203186,34359738368.0,564142080.0,100000000000.0,19924272.284818985,1012484557.1038069,2.7518501233353465,8.0,1034636430.3620241,90.0
3.169977336357636,16.0,862659584.0,34359738368.0,562606080.0,100000000000.0,19970525.529929344,856257578.4562058,2.49700039995195,8.0,855929516.1978402,90.0
2.958661154860384,16.0,739620571.4285716,34359738368.0,562606080.0,100000000000.0,19925600.746766236,770459020.1360183,2.093812508333855,8.0,787234676.6235498,90.0
