CPU,CPU_count,Goodput,Memory_total,Memory_used,NIC_speed,NVMe_from_ceph,NVMe_from_transfer,NVMe_total_util,Storage_count,network_throughput,num_workers
1.31177921468301,16.0,0.0,34359738368.0,52858880.0,100000000000.0,0.0,1415483.2344510367,0.012399173387571594,8.0,687413.1057929471,100.0
2.076938462605152,16.0,70449780.14799014,34359738368.0,52858880.0,100000000000.0,39219357.02380159,490018033.20221347,1.0269351290041298,8.0,478365815.3876925,100.0
4.415333333363136,16.0,873038409.4939662,34359738368.0,52858880.0,100000000000.0,134150007.46666667,778098551.4666667,2.524333333340474,8.0,6234855236.6,100.0
3.4686666666530073,16.0,765496009.0660623,34359738368.0,521244672.0,100000000000.0,134217728.0,930681924.2666667,2.9491333333270937,8.0,1809240152.0666666,100.0
2.94399999997889,16.0,906400061.2177584,34359738368.0,521244672.0,100000000000.0,134223189.3333333,751403827.2,2.4905333333299495,8.0,769611763.8666667,100.0
3.298000000044703,16.0,782364703.1871169,34359738368.0,516251648.0,100000000000.0,101012821.33333333,942042862.9333333,2.9712000000018937,8.0,926584724.1333333,100.0
3.2093333333109815,16.0,927798275.6183745,34359738368.0,518406144.0,100000000000.0,19927313.06666667,946483200.0,2.7436666666685294,8.0,955730427.8666667,100.0
2.8286666666157547,16.0,823261345.946306,34359738368.0,518406144.0,100000000000.0,19922944.0,781631761.0666666,2.1760000000048114,8.0,811138240.6666666,100.0
2.516795521224142,16.0,762734690.2395089,34359738368.0,518406144.0,100000000000.0,19922000.53319115,583548689.9493469,1.7383364436069355,8.0,570227056.451613,100.0
