CPU,CPU_count,Goodput,Memory_total,Memory_used,NIC_speed,NVMe_from_ceph,NVMe_from_transfer,NVMe_total_util,Storage_count,network_throughput,num_workers
1.411772548398674,16.0,0.0,34359738368.0,105955328.0,100000000000.0,0.0,1747510.1659889338,0.016265582302677748,8.0,3681213.585760949,30.0
2.942329488703361,16.0,217459643.73333332,34359738368.0,564338688.0,100000000000.0,60262184.945663035,483929059.80398685,1.2008800586620092,8.0,463845894.8596573,30.0
2.9210052662882613,16.0,687904358.4,34359738368.0,564338688.0,100000000000.0,134350765.94893676,820223385.6409572,2.211452569828616,8.0,849894333.7777482,30.0
2.806666666734964,16.0,961042739.2,34359738368.0,562393088.0,100000000000.0,134077917.86666667,783617501.8666668,2.0161333333390457,8.0,789422009.8,30.0
3.2110140675684935,16.0,897717862.4000001,34359738368.0,563589120.0,100000000000.0,134232138.14254287,1024257245.94973,2.498633242213167,8.0,1013856743.7162477,30.0
2.754349709992015,16.0,840171456.0552714,34359738368.0,563589120.0,100000000000.0,82901882.27451503,751196187.9874675,2.055462969137502,8.0,760295323.3117793,30.0
3.252350156679596,16.0,894854465.5114739,34359738368.0,566247424.0,100000000000.0,19928641.642776184,1030506247.0831388,2.490032668840585,8.0,1060677348.1565437,30.0
3.0599999999937912,16.0,941699071.9999999,34359738368.0,566247424.0,100000000000.0,19922944.0,860314009.6,2.2625333333310365,8.0,863799861.0,30.0
3.1373333333060147,16.0,818832179.2,34359738368.0,566247424.0,100000000000.0,19927313.066666666,784968908.8000001,2.1688000000004353,8.0,794669806.6666666,30.0
