NVMe_from_ceph,NVMe_from_transfer,NVMe_total_util,num_workers,Goodput
0.49924093,3.8932657,6.255224,54,3.9710653
0.5938894,3.3863552,5.870911,54,3.4772382
0.52407277,3.260264,5.6973080000000005,54,3.607097
0.3939202,3.610803,5.94383,54,3.6142578
