NVMe_from_ceph,NVMe_from_transfer,NVMe_total_util
1.0088198,0.79847795,2.2942672
0.042324197,0.7683446,2.218971
-0.034494992,0.73395646,2.0374846
0.073430605,0.83140445,2.382867
