NVMe_from_ceph,NVMe_from_transfer,NVMe_total_util,num_workers,Goodput
0.38147017,0.85988086,2.4219818,54,0.95471704
0.289218,1.0142503,2.9249947,54,1.0457153
0.21681513,0.95205855,2.7295947,54,0.8929125
0.8043985,0.9242643,2.6619582000000004,54,0.926432
