NVMe_from_ceph,NVMe_from_transfer,NVMe_total_util,num_workers,Goodput
0.53467053,4.5443583,6.869364699999998,85,4.2299433
-0.007461898499999999,3.992091,6.220947,85,2.9188497
-0.046187195999999986,3.8564842000000006,6.033378,85,3.1248739
0.2854063,4.090203,6.3770370000000005,85,3.5918734
