NVMe_from_ceph,NVMe_from_transfer,NVMe_total_util
0.53467053,4.5443583,6.8693647
-0.0074618985,3.992091,6.220947
-0.046187196,3.8564842,6.033378
0.2854063,4.090203,6.377037
