CPU,CPU_count,Goodput,Memory_total,Memory_used,NIC_speed,NVMe_from_ceph,NVMe_from_transfer,NVMe_total_util,Storage_count,network_throughput,num_workers
1.2239999999913076,16.0,0.0,34359738368.0,116269056.0,100000000000.0,0.0,1756364.8,0.014733333334637186,8.0,995320.2666666667,70.0
1.476666666691502,16.0,455805883.73333335,34359738368.0,116269056.0,100000000000.0,0.0,35363771.733333334,0.11873333333448197,8.0,32829468.933333334,70.0
3.138084780724304,16.0,692967951.463431,34359738368.0,579792896.0,100000000000.0,123442051.77347441,968691870.3666734,2.5693085778948452,8.0,950881450.4558462,70.0
2.8707673812987555,16.0,990444475.7333333,34359738368.0,579792896.0,100000000000.0,134179631.06925799,831417148.2000934,2.335203366058672,8.0,821215652.6414212,70.0
3.320666666608304,16.0,825062946.1333333,34359738368.0,577294336.0,100000000000.0,134222097.06666666,980706099.2,2.9660666666633917,8.0,982056737.4,70.0
3.1466666666480405,16.0,999864456.5333333,34359738368.0,576598016.0,100000000000.0,134217728.0,844186965.3333334,2.7484000000016144,8.0,883666453.8666667,70.0
2.9676688220946694,16.0,864259584.0,34359738368.0,576598016.0,100000000000.0,29152838.344110392,852198179.8546764,2.4352376508224864,8.0,849874559.296047,70.0
3.2103473565314142,16.0,833136393.5737617,34359738368.0,576598016.0,100000000000.0,19994182.012134142,938366318.8212547,2.8144542969536115,8.0,951163442.2294819,70.0
2.967333333287389,16.0,900762804.986999,34359738368.0,575705088.0,100000000000.0,19857408.0,810405888.0,2.515733333331688,8.0,819251989.1333333,70.0
