NVMe_from_ceph,NVMe_from_transfer,NVMe_total_util,num_workers,Goodput
15.921686,3.0764043,6.3027663,68,3.553135
14.5188265,2.9741292,6.274471,68,3.4706266
17.321695000000002,2.839748,6.257406,68,3.3401248
14.725571,3.141254,6.3171377,68,3.6111732
