NVMe_from_ceph,NVMe_from_transfer,NVMe_total_util
15.921686,3.0764043,6.3027663
14.5188265,2.9741292,6.274471
17.321695,2.839748,6.257406
14.725571,3.141254,6.3171377
