NVMe_from_ceph,NVMe_from_transfer,NVMe_total_util,num_workers,Goodput
6.974728599999999,3.1176615,5.9753675,54,3.6913416
2.9310877,3.5992148,6.1804595,54,3.900043
3.1143217,3.4168205,6.101944400000002,54,3.6024668
1.4985777,3.5390172,6.182771,54,3.9279366
