NVMe_from_ceph,NVMe_from_transfer,NVMe_total_util,num_workers,Goodput
19.017101,0.49770385,4.508516,54,0.7274709
5.347937,0.5906158,5.0789404000000005,54,0.84111583
4.4171643,0.5927066,5.087669,54,0.8807614
6.2998543,0.5745529,4.936481,54,0.85156244
