NVMe_from_ceph,NVMe_from_transfer,NVMe_total_util
19.017101,0.49770385,4.508516
5.347937,0.5906158,5.0789404
4.4171643,0.5927066,5.087669
6.2998543,0.5745529,4.936481
