NVMe_from_ceph,NVMe_from_transfer,NVMe_total_util
0.9443003,0.8708637,2.3762913
0.45623502,0.9004178,2.4500375
0.3260752,0.69611263,2.0596938
0.43842664,0.7385188,2.1334097
