NVMe_from_ceph,NVMe_from_transfer,NVMe_total_util
0.72706157,3.233053,5.6401367
0.49508289,3.0440288,5.4779053
0.3208651,3.4087534,5.8298597
0.6871903,3.1732361,5.561984
