NVMe_from_ceph,NVMe_from_transfer,NVMe_total_util
1.2231541,2.5058692,4.98016
1.3748062,2.7666278,5.2351656
1.423271,3.0615587,5.5238132
1.4605138,3.2053099,5.6726947
