NVMe_from_ceph,NVMe_from_transfer,NVMe_total_util,num_workers,Goodput
15.244666,0.67412156,4.3065224,54,0.9232038
4.4984922,0.990626,5.1268454000000006,54,1.073448
4.7669983,1.0508455,5.2776914,54,1.1063921
5.103252,1.0396611999999998,5.1905785,54,1.1181211
