NVMe_from_ceph,NVMe_from_transfer,NVMe_total_util,num_workers,Goodput
14.486309,3.0970962,6.296751,68,3.5417054
12.11408,3.265156,6.3612056,68,3.671828
14.372169,3.2319107,6.348054,68,3.7106662
16.541529999999998,2.9200377,6.252021,68,3.5128229
