NVMe_from_ceph,NVMe_from_transfer,NVMe_total_util,num_workers,Goodput
7.2047,3.733403,6.2455025,54,3.7240634
8.509533,3.7552853,6.235963,54,3.953973
9.603385,3.794347,6.2810307,54,4.0093427
10.364313,3.6314995,6.173682,54,3.952961
