NVMe_from_ceph,NVMe_from_transfer,NVMe_total_util
7.2047,3.733403,6.2455025
8.509533,3.7552853,6.235963
9.603385,3.794347,6.2810307
10.364313,3.6314995,6.173682
