NVMe_from_ceph,NVMe_from_transfer,NVMe_total_util,num_workers,Goodput
3.8293562,3.2712380000000003,6.131688,55,3.729542
1.7352773,3.4041278,6.2403803,55,3.4821005
2.8600993,3.3412587999999994,6.2063437000000015,55,3.515334
1.7002168000000002,3.3191414,6.204766,55,3.3300226
