NVMe_from_ceph,NVMe_from_transfer,NVMe_total_util
3.8293562,3.271238,6.131688
1.7352773,3.4041278,6.2403803
2.8600993,3.3412588,6.2063437
1.7002168,3.3191414,6.204766
