NVMe_from_ceph,NVMe_from_transfer,NVMe_total_util
0.7770928,0.55478805,1.6240435
0.06383371,0.5684533,1.5710937
0.18181075,0.55843353,1.592127
0.24585307,0.556795,1.6192663
