NVMe_from_ceph,NVMe_from_transfer,NVMe_total_util
0.64028895,3.1946385,5.784344
0.6617404,3.5064795,6.1415067
0.55025,2.30627,4.6805186
0.7085905,1.8849001,4.3789625
