NVMe_from_ceph,NVMe_from_transfer,NVMe_total_util
0.9508001,4.2050257,6.3222895
0.48013896,3.0739627,5.578289
0.4820052,3.4503913,5.800455
0.328503,4.0278993,6.171371
