NVMe_from_ceph,NVMe_from_transfer,NVMe_total_util
1.0050807,3.4386353,5.7756543
1.0956644,2.9423888,5.5849323
1.1191928,3.6664863,6.297424
1.4240111,3.6057148,6.243254
