NVMe_from_ceph,NVMe_from_transfer,NVMe_total_util
0.672346,3.5172179,6.270076
-0.1390501,3.8519642,6.2311573
-0.40870407,3.9530952,6.291897
0.1800369,3.4033537,5.9367957
