NVMe_from_ceph,NVMe_from_transfer,NVMe_total_util
1.300412,0.5391952,1.5997057
0.19652122,0.8468618,2.1131744
0.15282036,0.7900518,2.003814
0.22628827,0.8731356,2.2277572
