NVMe_from_ceph,NVMe_from_transfer,NVMe_total_util,num_workers,Goodput
1.300412,0.5391952,1.5997057,54,0.6671811
0.19652122,0.8468618,2.1131744,54,0.9144232
0.15282036,0.7900518,2.003814,54,0.887641
0.22628827,0.8731356,2.2277572,54,0.87829274
