NVMe_from_ceph,NVMe_from_transfer,NVMe_total_util
0.8781353,3.9897342,6.408287
1.402915,3.108625,5.593315
1.5086327,4.234174,6.713726
1.4856269,4.376871,6.9090075
