NVMe_from_ceph,NVMe_from_transfer,NVMe_total_util,num_workers,Goodput
0.8781353000000001,3.989734200000001,6.4082870000000005,69,4.018302
1.402915,3.108625,5.5933150000000005,69,3.6525974
1.5086327,4.2341739999999985,6.7137259999999985,69,4.3179393
1.4856268999999998,4.376871,6.9090075,69,4.092649
