NVMe_from_ceph,NVMe_from_transfer,NVMe_total_util,num_workers,Goodput
0.90885353,4.0103216,6.3752995000000015,69,3.97629
0.57066673,3.719324,6.169721599999999,69,3.6536725
0.311919,3.913815,6.1902857,69,3.5922196
0.20751514,3.6916664,5.9638480000000005,69,3.5012732
