NVMe_from_ceph,NVMe_from_transfer,NVMe_total_util,num_workers,Goodput
0.7200828,3.5292602,6.0085835,53,3.561352
0.73369706,3.6456769,6.062598,53,3.7218664
0.40729234,5.0251474,7.4151373,53,3.7334232
0.25744653,3.5446236000000004,6.1725054,53,3.8807411
