NVMe_from_ceph,NVMe_from_transfer,NVMe_total_util
0.7200828,3.5292602,6.0085835
0.73369706,3.6456769,6.062598
0.40729234,5.0251474,7.4151373
0.25744653,3.5446236,6.1725054
