NVMe_from_ceph,NVMe_from_transfer,NVMe_total_util,num_workers,Goodput
0.96445256,3.562762,6.148039,85,3.3482482
-0.17593828,4.1261506,6.4723916,85,3.4545612
0.153946,4.0997014,6.494685,85,4.0324936
0.091290474,4.106402,6.488898000000002,85,4.00888
