NVMe_from_ceph,NVMe_from_transfer,NVMe_total_util
0.57710576,4.1667147,6.232931
0.6175882,4.0929117,6.178192
0.6592386,3.4881506,5.7165656
0.48498058,3.9803698,6.0243115
