NVMe_from_ceph,NVMe_from_transfer,NVMe_total_util,num_workers,Goodput
0.57710576,4.166714700000001,6.232931,66,3.7006733
0.6175881999999999,4.0929117,6.178192,66,3.3625727
0.6592385999999999,3.4881506,5.716565599999999,66,3.6131246
0.48498058,3.9803698,6.0243115,66,3.8105717
