NVMe_from_ceph,NVMe_from_transfer,NVMe_total_util,num_workers,Goodput
1.1302678999999998,0.72265184,2.122833,54,0.82712924
0.282345,0.79960525,2.3279486,54,0.9342584
0.2371105,0.81563836,2.395264,54,0.95437765
0.21793877,0.8148585,2.3873818,54,0.95437765
