NVMe_from_ceph,NVMe_from_transfer,NVMe_total_util,num_workers,Goodput
0.67626154,3.7029579,5.9263763,68,3.5693612
0.3971808,3.493087,5.73311,68,3.6517491
0.39061987,3.615249,5.864264,68,3.326312
0.35260704,3.7006495,5.908862999999998,68,3.5324883
