CPU,CPU_count,Goodput,Memory_total,Memory_used,NIC_speed,NVMe_from_ceph,NVMe_from_transfer,NVMe_total_util,Storage_count,network_throughput,num_workers
1.227442605447052,16.0,0.0,34359738368.0,110391296.0,100000000000.0,0.0,1915694.6075814206,0.01675120127968085,8.0,512629.5381740523,8.0
2.3829588639242614,16.0,705312974.4785767,34359738368.0,582914048.0,100000000000.0,70538914.86099073,649851331.9554636,1.570438029201481,8.0,633093120.2080139,8.0
2.6766666666294134,16.0,709047763.8120626,34359738368.0,582914048.0,100000000000.0,134217728.0,665722333.8666667,2.2258666666680558,8.0,676153622.5333333,8.0
3.1566666666728755,16.0,908259439.7811437,34359738368.0,581337088.0,100000000000.0,134219912.53333333,949668249.6000001,2.8335999999981145,8.0,943433522.1333333,8.0
3.056666666672875,16.0,875000627.2,34359738368.0,580521984.0,100000000000.0,134217728.0,864902075.7333333,2.8449333333332714,8.0,879558361.8666667,8.0
2.5066666666728756,16.0,518652177.0666667,34359738368.0,580521984.0,100000000000.0,74173644.80000001,600876646.4,2.026400000001498,8.0,609033003.2666667,8.0
2.6760431942333187,16.0,818990060.573787,34359738368.0,580079616.0,100000000000.0,19920287.961605117,733361742.700973,2.0468604186095405,8.0,725360088.8548193,8.0
3.1033471129521186,16.0,995361023.435935,34359738368.0,580079616.0,100000000000.0,19929970.396052808,967227058.5411389,2.691025470063684,8.0,985447235.2313643,8.0
3.100326644890341,16.0,995361023.435935,34359738368.0,580079616.0,100000000000.0,19921615.89227385,1017010232.3845078,2.5593627091534525,8.0,1026407655.489634,8.0
