CPU,CPU_count,Goodput,Memory_total,Memory_used,NIC_speed,NVMe_from_ceph,NVMe_from_transfer,NVMe_total_util,Storage_count,network_throughput,num_workers
1.2800213248443741,16.0,0.0,34359738368.0,111452160.0,100000000000.0,0.0,1502357.9901372788,0.013394642144174546,8.0,987982.5403172064,30.0
1.5387488328428771,16.0,375080726.1035569,34359738368.0,117895168.0,100000000000.0,0.0,296700209.68387353,0.4505802320914629,8.0,240737052.02080834,30.0
3.0353333332886296,16.0,1008548789.6526434,34359738368.0,117895168.0,100000000000.0,117510417.06666666,986838084.2666667,2.4886666666667834,8.0,1037537450.6,30.0
3.0683287780827024,16.0,958166104.1263915,34359738368.0,560271360.0,100000000000.0,134280865.54229715,1000495169.1220586,2.799680021333339,8.0,993092466.2355844,30.0
2.936329088655581,16.0,854300876.8000001,34359738368.0,558759936.0,100000000000.0,134156766.7177812,849029333.6889126,2.4398959930655675,8.0,858583374.8916594,30.0
2.9190053996574075,16.0,869737813.3333333,34359738368.0,558759936.0,100000000000.0,134213149.52336508,815562721.4185722,2.6169588694095287,8.0,838779042.3971735,30.0
3.091672778115669,16.0,881109842.5228349,34359738368.0,563417088.0,100000000000.0,34185856.657110475,914183287.9525301,2.671244749647477,8.0,914805282.2854856,30.0
2.303713085874989,16.0,448343392.5738284,34359738368.0,563417088.0,100000000000.0,19925984.667688824,537744374.3750417,1.7080861275929218,8.0,522606557.6294914,30.0
2.627333333343267,16.0,835404856.3237548,34359738368.0,563417088.0,100000000000.0,19922944.0,695748744.5333333,2.0843333333332943,8.0,693666169.7333333,30.0
