CPU,CPU_count,Goodput,Memory_total,Memory_used,NIC_speed,NVMe_from_ceph,NVMe_from_transfer,NVMe_total_util,Storage_count,network_throughput,num_workers
1.2520000000484288,16.0,0.0,34359738368.0,88616960.0,100000000000.0,2184.5333333333333,1756364.8,0.016866666668405136,8.0,1469807.1333333333,20.0
1.5886666666716334,16.0,834380424.5333333,34359738368.0,88616960.0,100000000000.0,9297373.866666665,200360755.2,0.45220000000166083,8.0,199751899.53333333,20.0
3.1806666666331394,16.0,938255956.2695822,34359738368.0,546230272.0,100000000000.0,134222097.06666666,1089047756.8,2.6295333333313464,8.0,1096589150.5333333,20.0
3.0683287781137447,16.0,890212648.8432562,34359738368.0,546230272.0,100000000000.0,134208780.7479501,984579993.3337778,2.5874275048338804,8.0,987891110.9259382,20.0
2.915344620730896,16.0,993647274.6666666,34359738368.0,543387648.0,100000000000.0,134204203.17291029,906016524.730036,2.264831355820124,8.0,911017852.6863085,20.0
2.875641794988411,16.0,675088741.2839144,34359738368.0,543387648.0,100000000000.0,126343724.21150896,860809482.4298193,2.2871240914803064,8.0,869108315.4630926,20.0
2.490666666657974,16.0,756155460.2666667,34359738368.0,543596544.0,100000000000.0,19927313.066666666,740974592.0000001,1.7298666666669307,8.0,732908973.1333333,20.0
2.3073333333556847,16.0,802450202.8135208,34359738368.0,543596544.0,100000000000.0,19922944.0,637350707.1999999,1.4334000000012261,8.0,650430069.3333334,20.0
2.7200373283276624,16.0,805312648.5333333,34359738368.0,545181696.0,100000000000.0,19924656.445807222,849298583.1222503,1.9787361685107099,8.0,852844625.9165444,20.0
