NVMe_from_ceph,NVMe_from_transfer,NVMe_total_util,num_workers,Goodput
0.6253113,3.8620021,6.3279777,54,4.0329075
0.5375236999999999,3.990854,6.4496927,54,3.5250006
0.6715401,3.9026175,6.47459,54,3.9971998
0.58788174,3.2987807,5.971929599999998,54,3.6720579
