NVMe_from_ceph,NVMe_from_transfer,NVMe_total_util
0.72902334,2.8064258,5.210957
1.4490837,3.6898122,6.3458557
1.3934001,3.58939,6.446872
1.4954405,3.2748144,6.1513515
