NVMe_from_ceph,NVMe_from_transfer,NVMe_total_util,num_workers,Goodput
0.72902334,2.8064258,5.210957,53,3.1211379
1.4490837,3.6898122,6.3458557,53,3.8859417
1.3934001,3.5893900000000003,6.446872,53,4.044699
1.4954405000000002,3.2748144,6.1513515,53,3.5007303
