NVMe_from_ceph,NVMe_from_transfer,NVMe_total_util,num_workers,Goodput
1.4644113,0.5587149,1.9124182,54,0.80699515
0.15010408,0.68798476,1.9671018,54,0.8211748
0.0446256,0.6274706,1.8654768,54,0.806793
0.17008011,0.8642632,2.5410442000000004,54,0.9542165
