NVMe_from_ceph,NVMe_from_transfer,NVMe_total_util
0.92074805,4.6364307,6.982896
0.52400434,4.3599167,6.7132134
0.6766649,4.085618,6.5148687
0.5271261,3.8941317,6.3086905
