NVMe_from_ceph,NVMe_from_transfer,NVMe_total_util,num_workers,Goodput
0.92074805,4.6364307,6.982896,69,4.719587
0.52400434,4.3599167,6.713213400000001,69,4.3206315
0.6766649,4.085618,6.514868700000001,69,3.97554
0.5271260999999999,3.8941317,6.3086905,69,3.7942228
