NVMe_from_ceph,NVMe_from_transfer,NVMe_total_util,num_workers,Goodput
0.92367125,4.8061376,6.973521000000002,53,3.9482512
0.28195655,3.4596076,5.9975476,53,3.3314884
0.09947478,3.7900925,6.101646400000001,53,3.8575232
0.24054818,3.731277200000001,6.130692,53,3.6600888
