NVMe_from_ceph,NVMe_from_transfer,NVMe_total_util
0.6546084,4.229282,6.4128995
0.68014634,4.4145265,6.53494
0.5384666,3.9623044,6.2539907
0.37563437,3.2764745,6.065009
