NVMe_from_ceph,NVMe_from_transfer,NVMe_total_util
0.759324,0.5417614,1.6882169
0.12529933,0.53666943,1.7123669
0.12558986,0.5128035,1.5920368
0.18619034,0.5629168,1.7332171
