NVMe_from_ceph,NVMe_from_transfer,NVMe_total_util,num_workers,Goodput
1.0244689,0.88521785,2.7495356,53,0.8067951
0.23810212,1.0415384,2.8672082000000003,53,1.0518792
0.18940528,1.0128037,2.8592703,53,1.0199105
0.27951849,1.0213573,2.8609352,53,1.0268759
