NVMe_from_ceph,NVMe_from_transfer,NVMe_total_util,num_workers,Goodput
1.2313331,2.4232295,4.994896400000001,64,2.9498022
1.4863155,2.5558748,5.0759089999999984,64,3.092137
1.6891928,2.6671042000000003,5.2772927,64,3.3222778
1.5974292,2.8954463,5.5801440000000015,64,3.3748167
