NVMe_from_ceph,NVMe_from_transfer,NVMe_total_util
1.2313331,2.4232295,4.9948964
1.4863155,2.5558748,5.075909
1.6891928,2.6671042,5.2772927
1.5974292,2.8954463,5.580144
