NVMe_from_ceph,NVMe_from_transfer,NVMe_total_util
0.5091671,3.1875515,5.6074653
0.2923539,3.3333485,5.692148
0.05197362,3.6346152,6.000027
0.20769186,3.6481385,5.9972496
