NVMe_from_ceph,NVMe_from_transfer,NVMe_total_util,num_workers,Goodput
0.5091671,3.1875515,5.6074652999999985,68,3.6320677
0.2923539,3.3333485,5.692148,68,3.5254767
0.05197362,3.6346152,6.0000269999999984,68,3.1016295
0.20769186,3.6481385,5.9972496,68,3.4131665
