NVMe_from_ceph,NVMe_from_transfer,NVMe_total_util
0.62960505,3.108032,5.639636
0.71517676,3.0231605,5.5238857
0.41793573,3.5682385,6.027266
0.36357427,4.069975,6.5137444
