NVMe_from_ceph,NVMe_from_transfer,NVMe_total_util,num_workers,Goodput
0.6520050000000001,3.2684453,5.813732,68,3.8669755
0.6786821999999999,3.1617022,5.691033999999998,68,3.63749
0.58616567,3.0742857000000003,5.5521015999999985,68,3.538555
0.44307193,3.1890755,5.708604,68,3.5917938
