NVMe_from_ceph,NVMe_from_transfer,NVMe_total_util
0.652005,3.2684453,5.813732
0.6786822,3.1617022,5.691034
0.58616567,3.0742857,5.5521016
0.44307193,3.1890755,5.708604
