NVMe_from_ceph,NVMe_from_transfer,NVMe_total_util,num_workers,Goodput
0.96227175,2.5498078,4.9397736,65,2.9466152
1.0837595,1.6841153000000002,4.1613164,65,1.1496788
1.1834683,2.3433583,4.965042,65,2.7960546
1.3473859,2.5681598,5.235905000000002,65,3.3319688
