NVMe_from_ceph,NVMe_from_transfer,NVMe_total_util
0.96227175,2.5498078,4.9397736
1.0837595,1.6841153,4.1613164
1.1834683,2.3433583,4.965042
1.3473859,2.5681598,5.235905
