NVMe_from_ceph,NVMe_from_transfer,NVMe_total_util,num_workers,Goodput
1.2981447,3.9810798,6.457479,65,4.4123664
0.06543662,3.4704306000000003,5.8363239999999985,65,3.1416001
0.027303765,3.3182147000000004,5.847594,65,3.657755
0.15880617,4.1914004999999985,6.454608,65,3.8921487
