NVMe_from_ceph,NVMe_from_transfer,NVMe_total_util
1.2981447,3.9810798,6.457479
0.06543662,3.4704306,5.836324
0.027303765,3.3182147,5.847594
0.15880617,4.1914005,6.454608
