NVMe_from_ceph,NVMe_from_transfer,NVMe_total_util,num_workers,Goodput
0.6886392,3.318284,5.8917427,69,3.462125
0.7185474000000001,2.9379396,5.566174,69,3.5717175
0.5526529,2.8180795,5.39827,69,3.1602836
0.50020635,2.9431248,5.4627953,69,3.3365855
