NVMe_from_ceph,NVMe_from_transfer,NVMe_total_util
1.3961031,0.33689922,1.2353344
-0.07759892,0.52113235,1.5650331
-0.06620421,0.4611795,1.4532951
0.063275315,0.42692447,1.3830935
