NVMe_from_ceph,NVMe_from_transfer,NVMe_total_util,num_workers,Goodput
1.3961031000000002,0.33689922,1.2353344,48,0.4311304
-0.07759892,0.52113235,1.5650331,48,0.65021193
-0.06620421,0.4611795,1.4532951,48,0.5134597
0.063275315,0.42692447,1.3830935,48,0.4859268
