NVMe_from_ceph,NVMe_from_transfer,NVMe_total_util,num_workers,Goodput
0.5899291,3.64301,6.1142125,52,3.7106636
0.64494467,3.1833863,5.90237,52,3.4107773
0.7380687,2.9438298,5.8756910000000016,52,3.3932204
0.8596360999999999,2.873006,5.9919734,52,3.0517163
