NVMe_from_ceph,NVMe_from_transfer,NVMe_total_util
0.5884741,2.7565684,5.0982027
1.5211325,3.6864462,6.1324334
1.4666482,3.437158,6.0043736
1.2874954,3.7157445,6.301271
