NVMe_from_ceph,NVMe_from_transfer,NVMe_total_util,num_workers,Goodput
1.8863517,3.4520388,6.0577826,53,3.4692078
1.2273847,3.1551013,5.8377943,53,3.762418
0.12945229,3.7927928,6.2074723,53,3.972544
0.05599272,3.7143757000000006,6.1257462999999985,53,3.2787764
