NVMe_from_ceph,NVMe_from_transfer,NVMe_total_util,num_workers,Goodput
0.99510497,0.75256765,2.1335306,54,0.8519049
0.13171862,0.7693745,2.3413389,54,0.91956455
0.07157906,0.7485921,2.1236336,54,0.89301765
0.33632544,0.6982115,2.008548,54,0.82997787
