CPU,CPU_count,Goodput,Memory_total,Memory_used,NIC_speed,NVMe_from_ceph,NVMe_from_transfer,NVMe_total_util,Storage_count,network_throughput,num_workers
1.1733333333705862,16.0,0.0,34359738368.0,93392896.0,100000000000.0,2218.6666666666665,1904913.0666666664,0.017666666669538242,8.0,893921.4666666667,8.0
1.5209013934150521,16.0,403774587.6391759,34359738368.0,93392896.0,100000000000.0,699097.2731515435,126826076.40509367,0.3254883658880014,8.0,119981271.61810787,8.0
2.5779999999639895,16.0,557479498.1667888,34359738368.0,549089280.0,100000000000.0,134219912.53333333,638918382.9333333,1.9250000000038805,8.0,640274187.2666667,8.0
2.384666666667908,16.0,634046169.4779651,34359738368.0,549089280.0,100000000000.0,134217728.0,514529416.53333336,1.673000000002018,8.0,527799856.53333336,8.0
2.4537030864484857,16.0,582560910.8726085,34359738368.0,548777984.0,100000000000.0,134213149.52336508,568880090.6606226,1.7971468568744389,8.0,572659700.1533232,8.0
2.5409693979983614,16.0,640097655.4666667,34359738368.0,548777984.0,100000000000.0,133737308.35389026,611894719.381292,1.9149276618447129,8.0,615238017.8678578,8.0
2.5939999999788905,16.0,605104190.946063,34359738368.0,546865152.0,100000000000.0,19857408.0,662155537.0666667,1.8288666666679394,8.0,669979532.4666667,8.0
5.505333333338299,16.0,528334714.7523499,34359738368.0,546865152.0,100000000000.0,19922944.0,613549670.3999999,1.8071333333326038,8.0,618960721.8666667,8.0
3.735333333350718,16.0,618701359.8239883,34359738368.0,546635776.0,100000000000.0,19927313.066666666,522794598.4,1.4378666666646795,8.0,527228484.3333333,8.0
