CPU,CPU_count,Goodput,Memory_total,Memory_used,NIC_speed,NVMe_from_ceph,NVMe_from_transfer,NVMe_total_util,Storage_count,network_throughput,num_workers
1.4304379707833212,16.0,0.0,34359738368.0,111951872.0,100000000000.0,0.0,1590234.2510499298,0.014065728959846669,8.0,3061398.2401173254,20.0
1.9875991732980882,16.0,163523959.46666667,34359738368.0,111951872.0,100000000000.0,43765673.97826522,349464526.43509567,0.895326355086707,8.0,345151801.6534436,20.0
3.192987134199745,16.0,779502114.1333333,34359738368.0,111951872.0,100000000000.0,134138880.34131056,930438305.7129525,2.506966202250514,8.0,926089857.8761417,20.0
3.0676711780487347,16.0,871957843.8770748,34359738368.0,562462720.0,100000000000.0,134300955.5303687,877225619.8413227,2.3935595706427617,8.0,900089074.6716447,20.0
2.965002333191446,16.0,887362530.3020201,34359738368.0,561123328.0,100000000000.0,134138880.34131056,782556350.1099927,2.2591827211489743,8.0,793424645.2236518,20.0
2.8016534435802907,16.0,680275296.8468769,34359738368.0,561123328.0,100000000000.0,97039070.87139143,759368469.8979932,2.0534035602411675,8.0,767903909.5273018,20.0
3.1756549563287937,16.0,919978695.1130075,34359738368.0,561123328.0,100000000000.0,19921615.89227385,948787708.5527631,2.3867742150525784,8.0,958945489.1007266,20.0
2.7029801986985396,16.0,770020899.9400042,34359738368.0,564883456.0,100000000000.0,19928641.642776184,727292740.0493367,1.9187279151930425,8.0,720882437.3624908,20.0
2.7253333332637943,16.0,708440937.6979938,34359738368.0,564883456.0,100000000000.0,19922944.0,698307652.2666668,1.7030666666648664,8.0,713655200.6,20.0
