NVMe_from_ceph,NVMe_from_transfer,NVMe_total_util
0.91760564,0.7378312,2.1168878
0.13243957,0.691925,2.1111112
0.06819637,0.68018943,2.0164168
0.17557922,0.8006796,2.3381255
