NVMe_from_ceph,NVMe_from_transfer,NVMe_total_util
0.6580763,3.6379962,6.3006506
0.53882307,3.309607,6.044202
0.4511335,3.2788,6.0480638
0.39146584,3.3493335,6.099185
