NVMe_from_ceph,NVMe_from_transfer,NVMe_total_util,num_workers,Goodput
0.9491811,2.5369728,5.3601985,54,2.9275937
1.2591835,3.0846004,5.9781914,54,3.7299745
1.4545556,2.8867702,5.9538720000000005,54,3.1445312
1.3247087,2.9504766,6.020596,54,3.5759463
