NVMe_from_ceph,NVMe_from_transfer,NVMe_total_util,num_workers,Goodput
0.5740484,3.859469,6.440363,54,4.0362635
0.5732491,3.6098042,6.2824907,54,3.8836603
0.5588962,3.08191,5.891902,54,3.6617591
0.58053535,3.107046,5.893283,54,3.6811182
