NVMe_from_ceph,NVMe_from_transfer,NVMe_total_util
0.898215,3.5287483,6.020443
0.33147457,3.609973,6.0709405
0.26049638,3.7464418,6.1570783
0.32593986,3.5711384,6.020324
