NVMe_from_ceph,NVMe_from_transfer,NVMe_total_util,num_workers,Goodput
0.898215,3.5287483,6.020443,52,3.4778056
0.33147457,3.609973,6.0709405,52,3.7972758
0.26049638,3.7464418,6.1570782999999984,52,3.6216962
0.32593986,3.5711384,6.020324,52,3.6078024
