NVMe_from_ceph,NVMe_from_transfer,NVMe_total_util,num_workers,Goodput
0.51170045,0.9957453000000002,2.4278204,33,1.0025225
0.19732298,0.95262957,2.319261,33,0.95560175
0.19304547,1.0231677,2.507056,33,0.8727838
0.26566625,1.0705135,2.588988,33,1.0405726
