num_workers,rmse
8,0.4027470691346503
8,0.3926208384846008
8,0.3897427920209471
8,0.3935408071252618
8,0.25856489012138256
8,0.5870528415690476
8,0.360061975500508
8,0.3401878933179244
8,0.40055779497313937
8,0.2982791662069769
8,0.38781942711416795
8,0.4644577925784907
8,0.33108188351230994
8,0.2988197863605106
8,0.4214298856152357
8,0.2736772684407821
8,0.3369128527285693
8,0.42707593769369695
8,0.3282520610746132
8,0.33498116790223365
8,0.4783740838041014
