NVMe_from_ceph,NVMe_from_transfer,NVMe_total_util,num_workers,Goodput
0.38784337,0.7667656,2.2117093,54,0.87027615
0.15330404,0.66935027,1.8623375,54,0.79756635
0.060570642,0.7273595,1.9279112,54,0.8508748
0.24096511,0.7843765,2.2176158,54,0.8868679
