NVMe_from_ceph,NVMe_from_transfer,NVMe_total_util
0.8755292,4.0266857,6.4188275
0.4169169,3.7597747,6.026271
0.49479282,3.6515558,5.869502
0.37476754,3.712009,5.9666424
