NVMe_from_ceph,NVMe_from_transfer,NVMe_total_util,num_workers,Goodput
0.8755291999999999,4.026685700000002,6.4188275,69,3.916016
0.4169169,3.7597747,6.026271,69,3.6323085
0.49479282,3.6515558,5.869502,69,3.3205066
0.37476754,3.712009,5.9666424000000005,69,3.717313
