NVMe_from_ceph,NVMe_from_transfer,NVMe_total_util
0.34542775,3.5107424,6.2387877
0.34793246,3.6388247,6.171418
0.29694945,3.5574567,6.069931
0.025584808,3.4665296,6.0036197
