NVMe_from_ceph,NVMe_from_transfer,NVMe_total_util,num_workers,Goodput
0.34542775,3.5107424,6.2387877,52,3.7792916
0.34793246,3.6388247,6.171418,52,3.856138
0.29694945,3.5574567000000004,6.069931,52,3.5940065
0.025584808,3.4665296000000003,6.0036197,52,3.0929143
