NVMe_from_ceph,NVMe_from_transfer,NVMe_total_util,num_workers,Goodput
0.74972546,2.4832318,4.933555,53,2.5731957
1.4553431,2.457266,4.9441247000000015,53,2.753367
1.5196388,3.6435256,6.235096,53,3.9692626
1.4359949,3.2291045,5.8631910000000005,53,3.4808974
