NVMe_from_ceph,NVMe_from_transfer,NVMe_total_util
0.74972546,2.4832318,4.933555
1.4553431,2.457266,4.9441247
1.5196388,3.6435256,6.235096
1.4359949,3.2291045,5.863191
