NVMe_from_ceph,NVMe_from_transfer,NVMe_total_util,num_workers,Goodput
0.74391305,3.7033782,6.029724,85,3.7404914
0.59803355,4.7763467,6.976526,85,4.5164924
0.30766922,3.4140036,5.9048705,85,3.3925097
0.5026816,3.186379,5.592329,85,3.6347003
