NVMe_from_ceph,NVMe_from_transfer,NVMe_total_util,num_workers,Goodput
1.1595286,0.60080224,1.9838748,54,0.82674354
0.007731355,0.7787430000000001,2.228764,54,0.849176
0.060796853,0.90928435,2.673646,54,0.94070566
0.10539661,1.0040671,2.9324133,54,1.035029
