NVMe_from_ceph,NVMe_from_transfer,NVMe_total_util,num_workers,Goodput
1.2917784,5.034921,7.0870441999999985,53,3.8127637
0.2254362,3.9362602,6.377987,53,3.9609354
0.3890918,3.6353164,6.119614,53,3.8007066
0.20426475,3.9389787,6.3354297,53,3.958521
