NVMe_from_ceph,NVMe_from_transfer,NVMe_total_util
1.2917784,5.034921,7.0870442
0.2254362,3.9362602,6.377987
0.3890918,3.6353164,6.119614
0.20426475,3.9389787,6.3354297
