NVMe_from_ceph,NVMe_from_transfer,NVMe_total_util
0.6769974,3.3921833,5.876059
0.6897297,3.8181055,6.229592
0.5694561,3.058732,5.4926896
0.61904544,2.7847705,5.3158116
