NVMe_from_ceph,NVMe_from_transfer,NVMe_total_util,num_workers,Goodput
0.6769974,3.3921833,5.876059,54,3.4896982
0.6897297,3.8181055,6.229592,54,3.9484456
0.5694561,3.058732,5.4926895999999985,54,3.6183338
0.61904544,2.7847705,5.315811599999999,54,3.1214652
