NVMe_from_ceph,NVMe_from_transfer,NVMe_total_util
0.46535861,2.639168,4.9731245
0.95619905,2.8358202,5.3263597
1.4275664,2.9175522,5.5289006
1.5385355,2.957365,5.5318065
