NVMe_from_ceph,NVMe_from_transfer,NVMe_total_util,num_workers,Goodput
0.46535861,2.639168,4.9731245,69,2.8032098
0.95619905,2.8358202,5.3263597,69,3.06818
1.4275664,2.9175522000000003,5.528900599999999,69,3.4915988
1.5385355,2.957365,5.5318065,69,3.553412
