NVMe_from_ceph,NVMe_from_transfer,NVMe_total_util
0.6786265,3.7689953,6.035799
0.4829837,3.8460214,6.199483
1.2358167,3.71247,6.1754675
-0.13089004,3.8349056,6.0932097
