NVMe_from_ceph,NVMe_from_transfer,NVMe_total_util,num_workers,Goodput
0.6786265,3.7689953,6.035799,52,3.7749052
0.4829837000000001,3.8460214,6.199483,52,3.864062
1.2358167,3.71247,6.1754675,52,4.0883307
-0.13089004,3.8349056,6.0932097,52,3.1381893
