CPU,CPU_count,Goodput,Memory_total,Memory_used,NIC_speed,NVMe_from_ceph,NVMe_from_transfer,NVMe_total_util,Storage_count,network_throughput,num_workers
1.2199999999875826,16.0,0.0,34359738368.0,116850688.0,100000000000.0,0.0,1572864.0,0.012666666668762141,8.0,798095.0,80.0
1.7626666666939856,16.0,903302801.5201014,34359738368.0,116850688.0,100000000000.0,5524684.799999999,314073361.06666666,0.6009333333310982,8.0,310927158.8666667,80.0
3.229651356603545,16.0,799591570.6952871,34359738368.0,116850688.0,100000000000.0,134208780.7479501,1187573777.7481503,2.809679354710726,8.0,1179899793.880408,80.0
3.0123341555756022,16.0,701126874.0582705,34359738368.0,581713920.0,100000000000.0,134231045.80305356,790866079.071938,2.481498766584516,8.0,793526296.286419,80.0
2.9206666667324797,16.0,902710886.4000001,34359738368.0,579641344.0,100000000000.0,134217728.0,781520076.8,2.489133333337183,8.0,783958677.8,80.0
3.145999999934186,16.0,865785412.2666667,34359738368.0,579641344.0,100000000000.0,129538457.60000001,822443485.8666667,2.625133333328025,8.0,847712076.3333334,80.0
3.0386666667026776,16.0,885228339.1999998,34359738368.0,578408448.0,100000000000.0,19922944.0,860633497.6,2.5618000000016763,8.0,855309691.4,80.0
3.014666666680326,16.0,564245060.2666667,34359738368.0,578408448.0,100000000000.0,19927313.066666666,822157038.9333333,2.492199999998168,8.0,828140083.2,80.0
2.658947228275251,16.0,827810037.1975203,34359738368.0,578408448.0,100000000000.0,19887147.135156717,631905650.3626807,1.96606109003756,8.0,635645156.4517202,80.0
