NVMe_from_ceph,NVMe_from_transfer,NVMe_total_util,num_workers,Goodput
1.5926685,3.0239344,5.878209,68,3.3560703
0.26316476,3.2989452000000004,5.9141374,68,3.9148386
0.10656713,3.4430523,6.0143356,68,3.357322
-0.026957933,3.4545622,5.917756,68,3.2214482
