NVMe_from_ceph,NVMe_from_transfer,NVMe_total_util
1.5926685,3.0239344,5.878209
0.26316476,3.2989452,5.9141374
0.10656713,3.4430523,6.0143356
-0.026957933,3.4545622,5.917756
