NVMe_from_ceph,NVMe_from_transfer,NVMe_total_util,num_workers,Goodput
0.73308593,2.557543,4.860544,53,2.7693713
1.4794796,3.574123,5.891025,53,3.5868247
1.3024893999999998,3.4601185,5.7321053,53,3.6591015
1.2394722,3.52785,6.0346913,53,3.9120545
