NVMe_from_ceph,NVMe_from_transfer,NVMe_total_util
0.73308593,2.557543,4.860544
1.4794796,3.574123,5.891025
1.3024894,3.4601185,5.7321053
1.2394722,3.52785,6.0346913
