NVMe_from_ceph,NVMe_from_transfer,NVMe_total_util,num_workers,Goodput
0.5923425,3.3731885000000004,5.8338065000000014,68,3.5328064
0.49284536,3.3853564,5.849411,68,3.5350099
0.43946838,3.6580229,6.013211,68,3.5442083
0.5656274,3.3023925000000003,5.806643,68,3.9771597
