NVMe_from_ceph,NVMe_from_transfer,NVMe_total_util
0.5923425,3.3731885,5.8338065
0.49284536,3.3853564,5.849411
0.43946838,3.6580229,6.013211
0.5656274,3.3023925,5.806643
