NVMe_from_ceph,NVMe_from_transfer,NVMe_total_util,num_workers,Goodput
0.945001,0.83557767,2.2397970000000003,54,0.8787254
0.2602006,0.9426803,2.514432,54,0.9767594
0.16529581,0.81807834,2.173149,54,0.898497
0.27279198,0.9633805,2.5783467,54,1.0043541
