NVMe_from_ceph,NVMe_from_transfer,NVMe_total_util
0.945001,0.83557767,2.239797
0.2602006,0.9426803,2.514432
0.16529581,0.81807834,2.173149
0.27279198,0.9633805,2.5783467
