CPU,CPU_count,Goodput,Memory_total,Memory_used,NIC_speed,NVMe_from_ceph,NVMe_from_transfer,NVMe_total_util,Storage_count,network_throughput,num_workers
1.1490066225042206,16.0,52727.95097255529,34359738368.0,84271104.0,100000000000.0,1085.0331125827815,1406202.9139072848,0.011788079471154669,8.0,162798.7417218543,10.0
1.7966442953220152,16.0,514204192.9672383,34359738368.0,84271104.0,100000000000.0,26812580.939597312,265752053.69127518,0.7417449664407341,8.0,266836048.65771812,10.0
2.5493333333171906,16.0,730914216.3855743,34359738368.0,84271104.0,100000000000.0,134219912.53333333,621915067.7333333,1.8685333333346839,8.0,615237586.4,10.0
2.7186666666840518,16.0,716291242.8828588,34359738368.0,539025408.0,100000000000.0,134217728.0,720627848.5333333,2.158133333331595,8.0,727829489.2666667,10.0
2.579333333329608,16.0,610619016.5333334,34359738368.0,538361856.0,100000000000.0,134292002.13333333,676498090.6666667,2.0007999999991926,8.0,684876796.9333333,10.0
2.3113333333283665,16.0,556363822.1451904,34359738368.0,538361856.0,100000000000.0,111498581.33333333,525982378.6666666,1.5842000000042997,8.0,527894076.0,10.0
2.5313333333159487,16.0,733843636.5091007,34359738368.0,540491776.0,100000000000.0,19927313.06666667,688313139.2,1.7963333333318587,8.0,691005205.1333333,10.0
2.5913333333097404,16.0,645190856.0762615,34359738368.0,540491776.0,100000000000.0,19922944.0,674578978.1333333,1.7642666666632671,8.0,679620364.1333333,10.0
2.2906666666890185,16.0,602916127.9317698,34359738368.0,540491776.0,100000000000.0,19927313.066666666,575301495.4666667,1.4905999999997828,8.0,570172593.6,10.0
