CPU,CPU_count,Goodput,Memory_total,Memory_used,NIC_speed,NVMe_from_ceph,NVMe_from_transfer,NVMe_total_util,Storage_count,network_throughput,num_workers
1.1933333333581688,16.0,231449.25024991666,34359738368.0,74997760.0,100000000000.0,0.0,1677721.6000000003,0.01413333333330229,8.0,2383072.8666666667,40.0
2.3713333333532014,16.0,7010319.706568856,34359738368.0,74997760.0,100000000000.0,57463057.06666667,626133947.7333333,1.5145333333367792,8.0,615692991.1333333,40.0
2.6846666666368644,16.0,920545623.3584428,34359738368.0,533966848.0,100000000000.0,134322585.6,758919168.0,2.2695999999996275,8.0,765046145.6666666,40.0
2.682354509698112,16.0,706792531.7687846,34359738368.0,533966848.0,100000000000.0,134106114.52569829,734044375.708286,2.1227918138779263,8.0,747630243.0504633,40.0
2.9900173033235213,16.0,921309934.9333334,34359738368.0,533843968.0,100000000000.0,134194838.81272462,948435805.6701719,2.665380007985383,8.0,940114387.7944896,40.0
3.004674769581982,16.0,753876718.9333334,34359738368.0,533843968.0,100000000000.0,85226561.23948176,837935083.2108989,2.5182983838655377,8.0,836264440.4968612,40.0
2.8923261551167445,16.0,976463559.4960337,34359738368.0,536698880.0,100000000000.0,19924272.284818985,931614295.3530235,2.2450830055316997,8.0,944425660.8440562,40.0
2.5470301979992174,16.0,886297772.3848257,34359738368.0,536698880.0,100000000000.0,19925984.667688824,691210717.1521899,1.841677221521018,8.0,707360849.8100127,40.0
2.6738985757845883,16.0,613353406.7457674,34359738368.0,536698880.0,100000000000.0,19958254.758418743,737025397.0451218,1.9703181152668554,8.0,729986681.1526687,40.0
