NVMe_from_ceph,NVMe_from_transfer,NVMe_total_util
1.5087556,0.3906553,1.3740134
0.103916824,0.66138667,1.7560033
0.085005045,0.808111,2.1869066
0.24638222,0.9187295,2.4900873
