NVMe_from_ceph,NVMe_from_transfer,NVMe_total_util,num_workers,Goodput
1.5087556,0.3906553,1.3740133999999995,54,0.3998652
0.103916824,0.66138667,1.7560033,54,0.74656266
0.085005045,0.8081109999999999,2.1869066000000004,54,0.9074881
0.24638222,0.9187295,2.4900873,54,0.94649184
