NVMe_from_ceph,NVMe_from_transfer,NVMe_total_util
1.1297717,4.3240843,6.939795
0.3754693,3.2510002,6.0633183
0.1767689,3.4599025,5.969639
0.21896082,3.3874772,5.9750285
