NVMe_from_ceph,NVMe_from_transfer,NVMe_total_util,num_workers,Goodput
1.1297716999999998,4.3240843,6.939794999999998,69,4.0985317
0.3754693,3.2510002,6.0633183,69,3.7873414
0.17676889999999998,3.4599025,5.969639,69,3.4001994
0.21896082,3.3874772000000006,5.9750285000000005,69,3.4068246
