NVMe_from_ceph,NVMe_from_transfer,NVMe_total_util,num_workers,Goodput
0.7653079,2.9557464,5.739751999999998,54,3.5834074
0.7373929,3.5569475,6.1699386,54,3.8244271
0.45261464,3.766254,6.4182057,54,3.948311
0.7239449,2.9956267000000003,5.730816,54,3.5589523
