NVMe_from_ceph,NVMe_from_transfer,NVMe_total_util
1.365583,3.3955476,5.919362
0.3985081,3.2493272,5.7929554
0.033688754,3.4569943,5.9703574
-0.08471886,3.5019062,5.989989
