NVMe_from_ceph,NVMe_from_transfer,NVMe_total_util,num_workers,Goodput
1.365583,3.3955476000000004,5.9193620000000005,68,3.5129073
0.3985081,3.2493272,5.7929554,68,3.81309
0.033688754,3.4569943,5.9703574,68,3.1778193
-0.08471886,3.5019062000000005,5.989989,68,3.222249
