NVMe_from_ceph,NVMe_from_transfer,NVMe_total_util,num_workers,Goodput
1.4459685,3.6064768,6.0833917,52,3.7029765
0.50883526,3.5034409,5.954741,52,3.4214208
0.48662382,3.6263192,6.049425,52,3.7683725
-0.22777492,3.6366239,6.081841000000002,52,3.398337
