NVMe_from_ceph,NVMe_from_transfer,NVMe_total_util,num_workers,Goodput
1.3172497,0.6846966,2.1238573,54,0.88749933
0.20459154,0.7215773,2.2187636000000004,54,0.81524956
-0.005939383,0.78181565,2.3109663,54,0.8893731
0.08693615,0.78301805,2.31746,54,0.8918757
