NVMe_from_ceph,NVMe_from_transfer,NVMe_total_util
0.6856009,3.4744768,5.9172792
0.6853206,3.6332028,6.0701394
0.61694086,3.4917696,5.9199095
0.5469111,3.3289309,5.7885003
