NVMe_from_ceph,NVMe_from_transfer,NVMe_total_util,num_workers,Goodput
0.6856009,3.4744768,5.9172792,65,3.431237
0.6853206000000001,3.6332028,6.0701394,65,3.3582392
0.61694086,3.4917696000000005,5.9199095,65,3.632366
0.5469111,3.3289309,5.7885003,65,3.787826
