CPU,CPU_count,Goodput,Memory_total,Memory_used,NIC_speed,NVMe_from_ceph,NVMe_from_transfer,NVMe_total_util,Storage_count,network_throughput,num_workers
1.1973333333929381,16.0,93053.67024468299,34359738368.0,117747712.0,100000000000.0,0.0,1415577.5999999999,0.012933333332572752,8.0,194158.8,70.0
1.5004333045084537,16.0,636657308.5382923,34359738368.0,123506688.0,100000000000.0,1092.1938537430838,260325224.18505433,0.3417772148528554,8.0,249293456.23625094,70.0
3.4683645575614235,16.0,1042706741.6988932,34359738368.0,123506688.0,100000000000.0,120104911.52743514,1145607424.4949663,3.098139875990584,8.0,1152056877.6585104,70.0
2.8001224364894943,16.0,684151876.2666667,34359738368.0,577482752.0,100000000000.0,134227437.03703701,725174044.4444443,2.4405876951348313,8.0,716510995.5310682,70.0
2.904873408501202,16.0,816126668.7112474,34359738368.0,577482752.0,100000000000.0,134198699.25362211,823656265.7690619,2.579028245279917,8.0,828284556.5637348,70.0
3.0723381558050313,16.0,885426039.4666668,34359738368.0,579121152.0,100000000000.0,134161136.07573839,801614426.5617707,2.707713847588706,8.0,820179227.0151343,70.0
2.9013333333656193,16.0,784053248.0,34359738368.0,579121152.0,100000000000.0,32086425.6,819730295.4666667,2.283800000004703,8.0,820396538.0,70.0
3.210666666707645,16.0,862918347.8433712,34359738368.0,578437120.0,100000000000.0,19857408.0,964200311.4666667,2.7687999999984942,8.0,983347164.6666666,70.0
2.5619999999801317,16.0,644442004.4274502,34359738368.0,578437120.0,100000000000.0,19922944.0,618082304.0,1.846266666665906,8.0,617184251.8,70.0
