NVMe_from_ceph,NVMe_from_transfer,NVMe_total_util
0.2007683,3.2192943,5.4039073
-0.14714721,3.6432896,5.8042126
0.20334688,3.5775452,5.76379
-0.07337299,3.6554801,5.7972507
