NVMe_from_ceph,NVMe_from_transfer,NVMe_total_util,num_workers,Goodput
0.2007683,3.2192943,5.403907299999998,57,3.3284051
-0.14714721,3.6432896,5.8042126,57,3.1041877
0.20334688,3.5775452000000003,5.76379,57,3.5522823
-0.07337299,3.6554801,5.7972507,57,3.1190872
