NVMe_from_ceph,NVMe_from_transfer,NVMe_total_util,num_workers,Goodput
0.55709404,3.5357046000000003,5.7056303,65,3.3029737
0.5252149,3.443113,5.672045,65,3.475885
0.5401507,3.3517773,5.631868,65,3.626838
0.3759565,3.5602357,5.772531,65,3.4659028
