NVMe_from_ceph,NVMe_from_transfer,NVMe_total_util,num_workers,Goodput
0.6868758,0.92000335,2.8193984,54,0.9561428
0.14179792,0.9688691,2.9230096000000003,54,1.0050497
0.15896232,0.99269855,2.954548,54,1.0355879
0.14459297,0.9633973,2.8982384,54,1.0094929
