NVMe_from_ceph,NVMe_from_transfer,NVMe_total_util
0.3203621,3.0586846,5.821453
-0.0191857,3.6092339,5.989072
0.02712811,3.0091782,5.494409
0.30363044,3.503353,5.983484
