NVMe_from_ceph,NVMe_from_transfer,NVMe_total_util
0.71904683,3.581327,6.0018897
0.6718983,3.9715183,6.359356
0.74661976,2.841877,5.4637876
0.553592,2.8610754,5.467724
