NVMe_from_ceph,NVMe_from_transfer,NVMe_total_util
0.96452934,0.8085267,2.3067198
0.24529392,0.95375955,2.7299066
0.24720728,0.9880573,2.8221996
0.29010564,0.9992496,2.871405
