CPU,CPU_count,Goodput,Memory_total,Memory_used,NIC_speed,NVMe_from_ceph,NVMe_from_transfer,NVMe_total_util,Storage_count,network_throughput,num_workers
1.1536423840825227,16.0,0.0,34359738368.0,110112768.0,100000000000.0,0.0,1657930.5960264897,0.014172185430941576,8.0,238656.15894039735,30.0
1.6295302013472825,16.0,445364184.81232077,34359738368.0,568057856.0,100000000000.0,6265505.503355703,303723073.2885906,0.5416778523487433,8.0,296798960.6711409,30.0
2.141999999992549,16.0,793118856.5333333,34359738368.0,568057856.0,100000000000.0,134217728.0,470620296.53333336,1.4506000000013348,8.0,476811841.53333336,30.0
2.9586666667213044,16.0,650457258.6666667,34359738368.0,565411840.0,100000000000.0,134217728.0,915410944.0,2.457666666666046,8.0,921316279.7333333,30.0
2.6606666666766,16.0,909602796.6135592,34359738368.0,565411840.0,100000000000.0,134222097.06666666,718180352.0,2.0730666666679705,8.0,713923560.2,30.0
2.7839999999230107,16.0,802277715.5810386,34359738368.0,568696832.0,100000000000.0,128974848.00000003,826522009.6,2.399666666666356,8.0,842161320.6666666,30.0
2.8113333333904547,16.0,844160179.1880541,34359738368.0,566886400.0,100000000000.0,19927313.066666666,823602653.8666667,2.131600000001102,8.0,823078159.3333334,30.0
2.670666666639348,16.0,793963305.287019,34359738368.0,566886400.0,100000000000.0,19922944.0,799500151.4666667,1.9819333333308653,8.0,809621186.3333334,30.0
2.829333333329608,16.0,830313072.461836,34359738368.0,566886400.0,100000000000.0,19927313.066666666,810740121.6,2.082599999998153,8.0,811626707.2666667,30.0
