CPU,CPU_count,Goodput,Memory_total,Memory_used,NIC_speed,NVMe_from_ceph,NVMe_from_transfer,NVMe_total_util,Storage_count,network_throughput,num_workers
1.2593333333420258,16.0,142275.66769561134,34359738368.0,84258816.0,100000000000.0,1092.2666666666667,1756364.8,0.016133333335164937,8.0,1143875.2,8.0
2.457036197561994,16.0,253571592.77285153,34359738368.0,540418048.0,100000000000.0,75772040.79728018,602873532.1645224,1.7390840610599108,8.0,608515880.474635,8.0
2.7117257499509844,16.0,655194600.8932738,34359738368.0,540418048.0,100000000000.0,134188810.80379175,698635801.0647968,2.1351123230755302,8.0,691744674.9772757,8.0
2.585188737409245,16.0,729910804.7203145,34359738368.0,540418048.0,100000000000.0,134259679.66020414,677299710.3514421,2.1218743577426205,8.0,683345640.6110845,8.0
2.6866666666852934,16.0,687123217.0666666,34359738368.0,540286976.0,100000000000.0,134222097.06666666,698184499.1999999,2.1608000000026855,8.0,711194797.8,8.0
2.5263649089837155,16.0,682591942.4038398,34359738368.0,540286976.0,100000000000.0,69690705.41963868,636370844.6103594,1.8930071328576232,8.0,638228418.4387708,8.0
2.4678455526683374,16.0,629227245.5497032,34359738368.0,540327936.0,100000000000.0,19935548.57937612,588908985.2308099,1.608715808992585,8.0,594860698.2581627,8.0
2.4302013422981306,16.0,618430741.4172388,34359738368.0,540327936.0,100000000000.0,19915906.57718121,621125137.181208,1.770939597316577,8.0,624466234.7651006,8.0
2.5639999999664727,16.0,643303185.0666666,34359738368.0,537833472.0,100000000000.0,19997218.133333333,613161369.6,1.6609333333326504,8.0,612836247.9333333,8.0
