NVMe_from_ceph,NVMe_from_transfer,NVMe_total_util
1.0491966,2.2718933,4.894066
1.3403912,2.274542,5.0608625
1.3015212,3.0034788,5.6938415
1.6017978,2.6286476,5.059893
