NVMe_from_ceph,NVMe_from_transfer,NVMe_total_util,num_workers,Goodput
1.0491966,2.2718933,4.8940660000000005,85,2.1764588
1.3403912,2.274542,5.0608625,85,2.2104506
1.3015212,3.0034788,5.6938415,85,3.5996084
1.6017978000000002,2.6286476000000003,5.059893,85,2.8538127
