NVMe_from_ceph,NVMe_from_transfer,NVMe_total_util,num_workers,Goodput
0.63185453,3.598928,6.0389557,85,3.7083666
0.6775539,4.1503587,6.5321254999999985,85,4.017396
0.44758072,3.334725,5.8768473,85,3.6042426
0.3030715,3.6472719,6.1234045,85,3.4879668
