NVMe_from_ceph,NVMe_from_transfer,NVMe_total_util
0.63185453,3.598928,6.0389557
0.6775539,4.1503587,6.5321255
0.44758072,3.334725,5.8768473
0.3030715,3.6472719,6.1234045
