NVMe_from_ceph,NVMe_from_transfer,NVMe_total_util,num_workers,Goodput
0.48714653,3.993783,6.255793,53,3.5152907
-0.048201855,3.9380546,6.213661,53,3.2143743
1.3430908,3.8524847,6.218692,53,4.358856
0.48432392,4.14887,6.514603599999999,53,3.7500834
