NVMe_from_ceph,NVMe_from_transfer,NVMe_total_util,num_workers,Goodput
1.0633419,3.2947917,5.709075,68,3.4841883
-0.17786641,3.664859,6.0087470000000005,68,3.2746007
-0.10592972,3.7419112,6.0676823,68,2.9606822
-0.26076835,3.7698853,6.057233,68,2.9227915
