NVMe_from_ceph,NVMe_from_transfer,NVMe_total_util,num_workers,Goodput
0.44167405,0.6102445,1.9357601,54,0.8029611
0.054842424,0.72266996,2.2061799,54,0.81172657
0.09221238,0.72839546,2.2303765,54,0.85586095
0.16508444,0.7698594,2.3299713,54,0.87194073
