NVMe_from_ceph,NVMe_from_transfer,NVMe_total_util
0.5322842,3.7542026,6.1204896
0.6006833,3.7867808,6.184772
0.5847172,3.8212857,6.23697
0.5167112,3.7998114,6.2021327
