NVMe_from_ceph,NVMe_from_transfer,NVMe_total_util,num_workers,Goodput
0.5322842,3.7542026,6.120489599999999,54,3.7213395
0.6006833,3.7867808,6.184772,54,3.7982895
0.5847171999999999,3.8212857,6.23697,54,3.9614203
0.5167112,3.7998114,6.202132700000001,54,3.8069673
