NVMe_from_ceph,NVMe_from_transfer,NVMe_total_util,num_workers,Goodput
0.80627763,3.0756006,5.4329324,65,3.4497492
0.50613266,3.2132547,5.494858,65,3.427965
0.23934329,3.822382,6.0921059999999985,65,3.5127854
0.3110449,3.9553754,6.2168199999999985,65,3.8183703
