NVMe_from_ceph,NVMe_from_transfer,NVMe_total_util,num_workers,Goodput
1.0585747,0.6947730999999999,1.9630967,54,0.8324173
0.19670723,0.76550883,2.0347068,54,0.8514544
0.20473291,0.8397401,2.3253376,54,0.92178375
0.27073523,0.8151166999999999,2.2429051,54,0.8687713
