NVMe_from_ceph,NVMe_from_transfer,NVMe_total_util
0.44923943,3.944101,6.49361
0.35148284,3.7840335,6.352053
0.30592903,3.7877207,6.337879
0.31362087,3.8987448,6.4437666
