NVMe_from_ceph,NVMe_from_transfer,NVMe_total_util,num_workers,Goodput
0.1306372,3.8107445,6.23768,53,4.04587
-0.02195887,3.972257,6.4022593,53,3.1537473
-0.23532511,3.9033992,6.3061647,53,3.2776656
-0.021605693,3.8078492,6.188543,53,3.3551211
