NVMe_from_ceph,NVMe_from_transfer,NVMe_total_util,num_workers,Goodput
0.5368956,3.7392477999999993,6.3460855,68,3.7701294
0.6014984999999999,3.4753773,6.166812,68,3.5956185
0.5730868,3.2808793,5.9839044,68,3.7450366
0.32744527,3.263007,5.8258905,68,3.8728905
