CPU,CPU_count,Goodput,Memory_total,Memory_used,NIC_speed,NVMe_from_ceph,NVMe_from_transfer,NVMe_total_util,Storage_count,network_throughput,num_workers
1.2668844589490291,16.0,114653.86666666667,34359738368.0,53125120.0,100000000000.0,1680018.1345423025,1843869.0579371955,0.023401560105621333,8.0,1857502.9668644576,90.0
1.76200000004222,16.0,766051123.2,34359738368.0,513908736.0,100000000000.0,6291456.0,387962197.3333334,0.5815333333312689,8.0,371125654.2,90.0
3.2259999999776485,16.0,995856964.2666667,34359738368.0,513908736.0,100000000000.0,134292002.13333333,1123247991.4666665,2.82160000000149,8.0,1105532818.4666667,90.0
3.5906666666579743,16.0,1087202918.3999999,34359738368.0,513908736.0,100000000000.0,134147822.93333334,1131115315.2,3.257999999997749,8.0,1136740440.2666667,90.0
3.2609617167651748,16.0,971690325.3333334,34359738368.0,516333568.0,100000000000.0,134184287.19035633,927203853.2255927,2.972645383492174,8.0,957045118.6912173,90.0
3.373775332173928,16.0,756252398.9333334,34359738368.0,516333568.0,100000000000.0,128837918.13179442,984179579.6537377,2.8692121862845488,8.0,988948395.316065,90.0
2.6766666666604584,16.0,604132113.0666667,34359738368.0,513892352.0,100000000000.0,19927313.066666666,693655142.4,2.143466666668731,8.0,696935687.2,90.0
2.74800000001366,16.0,980373504.0,34359738368.0,513892352.0,100000000000.0,19922944.0,708866594.1333333,2.1371999999993325,8.0,719620160.6,90.0
3.161333333328366,16.0,900666469.338113,34359738368.0,517136384.0,100000000000.0,19997218.133333333,969555694.9333334,2.7132000000002643,8.0,981116417.2666667,90.0
