NVMe_from_ceph,NVMe_from_transfer,NVMe_total_util,num_workers,Goodput
1.3916034,0.5558068,1.718824,54,0.777522
-0.08067683,0.71150285,2.0405533,54,0.8057937
-0.044524424000000014,0.8753315,2.4457495,54,0.9830152
-0.07710707,0.68120813,1.8404155,54,0.8005799
