NVMe_from_ceph,NVMe_from_transfer,NVMe_total_util,num_workers,Goodput
0.41326812,2.3910968,4.687322,69,2.6382003
1.1415485,2.8265483,5.407035,69,3.3698564
1.4327065,4.142208,6.889764,69,4.0022936
1.3890686,3.2223885,5.8563313,69,3.5173137
