NVMe_from_ceph,NVMe_from_transfer,NVMe_total_util
0.41326812,2.3910968,4.687322
1.1415485,2.8265483,5.407035
1.4327065,4.142208,6.889764
1.3890686,3.2223885,5.8563313
