NVMe_from_ceph,NVMe_from_transfer,NVMe_total_util,num_workers,Goodput
0.67475486,3.9429085,6.5073223,68,4.0823355
0.6811753,3.4732368,6.0904856,68,3.5553224
0.5208321,2.8917358,5.535575,68,3.249567
0.26199937,3.3665226,6.232634,68,3.659974
