NVMe_from_ceph,NVMe_from_transfer,NVMe_total_util
0.68059254,3.407843,5.8570256
0.31643775,4.0016866,6.345323
1.3906069,4.028152,6.5798054
-0.024801802,3.8966882,6.344155
