NVMe_from_ceph,NVMe_from_transfer,NVMe_total_util,num_workers,Goodput
0.68059254,3.407843,5.857025599999999,66,3.6239297
0.31643775,4.0016866,6.3453230000000005,66,3.7220845
1.3906069,4.028152,6.5798054000000015,66,4.3046722
-0.024801802,3.8966882000000007,6.3441550000000015,66,3.0704165
