CPU,CPU_count,Goodput,Memory_total,Memory_used,NIC_speed,NVMe_from_ceph,NVMe_from_transfer,NVMe_total_util,Storage_count,network_throughput,num_workers
1.2208363903689015,16.0,0.0,34359738368.0,63270912.0,100000000000.0,849087.4408057092,2159326.6190889077,0.03561662109078921,8.0,352934.5027679584,40.0
5.087908431442882,16.0,302866689.24594975,34359738368.0,519036928.0,100000000000.0,82339767.08591203,815526492.8462102,1.9809675916690588,8.0,807387716.6433753,40.0
5.359422999895045,16.0,796496429.8380108,34359738368.0,519036928.0,100000000000.0,134177235.20769334,808945228.7965808,2.4775611059180265,8.0,834255357.4863096,40.0
3.0996733115541035,16.0,920601395.2,34359738368.0,519036928.0,100000000000.0,134226676.44509634,956775789.3192879,2.8390559370614152,8.0,950676931.6621108,40.0
3.298313445752899,16.0,1052004785.3856924,34359738368.0,520417280.0,100000000000.0,134316907.9394707,1139141806.5462303,2.8180121325255376,8.0,1141913235.784281,40.0
3.0483107882950704,16.0,1041784012.8,34359738368.0,526671872.0,100000000000.0,64212790.297860995,962749419.870727,2.51769174385065,8.0,979500153.0619044,40.0
3.1233991462200095,16.0,1040156271.0831401,34359738368.0,526671872.0,100000000000.0,19982753.468516544,1039721459.9786552,2.5558297758811372,8.0,1052801783.6846317,40.0
2.54303046461334,16.0,1043016926.9372694,34359738368.0,526671872.0,100000000000.0,19921615.89227385,809671154.7230186,1.8295446970245448,8.0,811713413.105793,40.0
2.5003000199864314,16.0,646762120.5333333,34359738368.0,527196160.0,100000000000.0,19969058.203880258,702274888.7259151,1.742049469961808,8.0,703907159.810654,40.0
