NVMe_from_ceph,NVMe_from_transfer,NVMe_total_util,num_workers,Goodput
0.8708428,2.340864,4.494611,64,2.6898823
1.6752009,2.7219083,5.033649,64,3.2992256
1.6604668000000002,3.0479333,5.3471184,64,3.4044273
1.4936888,3.1001844,5.4662433,64,3.570039
