NVMe_from_ceph,NVMe_from_transfer,NVMe_total_util,num_workers,Goodput
1.1048383,4.035748,6.6398726,69,3.9166079
-0.08391862,3.647416,6.20075,69,3.3023891
0.0018437714,4.0972089999999985,6.6568465,69,3.2447646
-0.004093095,3.916509,6.484093,69,3.3133926
