NVMe_from_ceph,NVMe_from_transfer,NVMe_total_util
1.1048383,4.035748,6.6398726
-0.08391862,3.647416,6.20075
0.0018437714,4.097209,6.6568465
-0.004093095,3.916509,6.484093
