NVMe_from_ceph,NVMe_from_transfer,NVMe_total_util,num_workers,Goodput
0.6025762,3.7527676,5.991865,52,3.4856577
0.50075465,3.5736554,5.8036127,52,3.4596667
0.46640614,3.7480924,6.0266385,52,3.7117531
0.47439006,3.2667453,5.497085,52,3.4173465
