NVMe_from_ceph,NVMe_from_transfer,NVMe_total_util
0.9317055,3.2655253,5.657286
0.15379934,3.3658078,5.7120743
0.24797623,3.5156772,5.851037
0.14331806,3.5720105,5.8495607
