NVMe_from_ceph,NVMe_from_transfer,NVMe_total_util,num_workers,Goodput
0.9317055,3.2655253,5.657286,68,3.4766057
0.15379934,3.3658078,5.7120742999999985,68,3.3365846
0.24797623,3.5156772000000003,5.851037,68,3.2532558
0.14331806,3.5720105,5.8495607000000005,68,3.2298014
