NVMe_from_ceph,NVMe_from_transfer,NVMe_total_util,num_workers,Goodput
0.9832735,0.739041,2.0320084,54,0.8380481
0.18437009,0.8572405000000001,2.4368346,54,0.9319929
0.11363908,0.8272214,2.3275678,54,0.91981447
0.32890475,0.64494073,1.7740896000000002,54,0.8077742
