NVMe_from_ceph,NVMe_from_transfer,NVMe_total_util,num_workers,Goodput
0.67956203,0.8364601,2.311556,54,0.9306644
0.23188268,0.84963125,2.463432,54,0.9604203
0.24894656,0.808613,2.299132,54,0.9081609
0.2283168,0.8454906999999999,2.3992872000000003,54,0.96808136
