NVMe_from_ceph,NVMe_from_transfer,NVMe_total_util,num_workers,Goodput
0.63296336,3.3676183,5.812607,68,3.709881
0.6581752,3.3751943,5.820191,68,3.5524309
0.62010527,3.267664,5.77514,68,3.814569
0.4518265,3.6356363,6.1391387,68,3.4700475
