NVMe_from_ceph,NVMe_from_transfer,NVMe_total_util,num_workers,Goodput
0.27987713,3.4375236000000005,5.8131022,65,3.5498652
-0.03659411,3.4948926,5.861446400000001,65,3.1978252
0.045781396,3.2687454,5.6017904000000005,65,3.6114247
0.08984823,3.6164649,5.964483,65,3.432499
