NVMe_from_ceph,NVMe_from_transfer,NVMe_total_util,num_workers,Goodput
1.1972188999999998,3.37664,5.8195394999999985,52,3.6425238
0.20301172,3.5809782,5.952057,52,3.465326
0.17011033,3.6787539,6.0345144,52,3.8915474
0.20471396,3.6147156,5.974779,52,3.534258
