NVMe_from_ceph,NVMe_from_transfer,NVMe_total_util,num_workers,Goodput
0.87168866,2.2497747,4.6247034000000005,64,2.4819915
1.214722,2.1563767999999994,4.824620200000001,64,2.3059196
1.2924962,2.1961908,4.7208896,64,2.209638
1.5803387,2.8700352,5.464907,64,3.4107041
