NVMe_from_ceph,NVMe_from_transfer,NVMe_total_util
0.87168866,2.2497747,4.6247034
1.214722,2.1563768,4.8246202
1.2924962,2.1961908,4.7208896
1.5803387,2.8700352,5.464907
