NVMe_from_ceph,NVMe_from_transfer,NVMe_total_util,num_workers,Goodput
1.5329038,3.3630164,5.7350974,66,3.3476589
0.45726803,3.7445753,5.9416137,66,3.7079504
0.18414171,3.9161212,6.0417542,66,3.6098921
0.42354396,3.9227219,6.0332584,66,3.8780825
