NVMe_from_ceph,NVMe_from_transfer,NVMe_total_util
1.2243782,3.7456412,5.937995
0.55334014,3.525535,5.782058
0.5801985,3.3815033,5.64341
0.7103073,3.1764402,5.521285
