NVMe_from_ceph,NVMe_from_transfer,NVMe_total_util,num_workers,Goodput
1.2243782,3.745641200000001,5.937995,69,3.7458327
0.55334014,3.525535,5.782058,69,3.4526753
0.5801985,3.3815032999999994,5.64341,69,3.2938657
0.7103073000000001,3.1764402,5.521285,69,3.475341
