NVMe_from_ceph,NVMe_from_transfer,NVMe_total_util,num_workers,Goodput
0.69967526,4.0536885,6.259060400000001,69,3.8295245
0.4580746,3.483774,5.8591075,69,3.4006867
0.5647087,3.1045575,5.5565057,69,3.6487584
0.4311484,3.682714700000001,6.1631019999999985,69,3.5672991
