NVMe_from_ceph,NVMe_from_transfer,NVMe_total_util
0.69967526,4.0536885,6.2590604
0.4580746,3.483774,5.8591075
0.5647087,3.1045575,5.5565057
0.4311484,3.6827147,6.163102
