NVMe_from_ceph,NVMe_from_transfer,NVMe_total_util,num_workers,Goodput
0.6620193,0.64622647,1.9336495,54,0.86890036
-0.07357627,0.40181598,1.3695879,54,0.34993297
0.11415038,0.5337744000000001,1.6940366000000002,54,0.6203487
0.32753150000000003,0.5683210999999999,1.7661737000000002,54,0.72943646
