NVMe_from_ceph,NVMe_from_transfer,NVMe_total_util,num_workers,Goodput
0.48613566,3.7415135,6.175989,54,3.744975
0.34755147,3.6398678,6.070673,54,3.5815182
0.4440746,3.570178,5.9920235,54,3.496397
0.24541934,3.6399062,6.066351999999998,54,3.5815182
