NVMe_from_ceph,NVMe_from_transfer,NVMe_total_util,num_workers,Goodput
1.0283844000000002,2.9934735,5.666674,52,3.2997465
0.32859123,3.384436,5.7961392,52,3.564406
0.121971175,3.5857870000000003,5.947662,52,3.520438
0.29369405,3.6052728,5.981049,52,3.7450738
