NVMe_from_ceph,NVMe_from_transfer,NVMe_total_util
1.0283844,2.9934735,5.666674
0.32859123,3.384436,5.7961392
0.121971175,3.585787,5.947662
0.29369405,3.6052728,5.981049
