NVMe_from_ceph,NVMe_from_transfer,NVMe_total_util,num_workers,Goodput
0.61755335,3.6680923,6.0700283,54,3.6587095
0.6222284,3.3042605000000003,5.788206,54,3.7688024
0.43996966,3.694328500000001,6.1578364,54,3.383159
0.55048335,3.8554776,6.319827,54,4.0547028
