NVMe_from_ceph,NVMe_from_transfer,NVMe_total_util,num_workers,Goodput
0.66468805,0.9555764,2.7480917,54,0.93240607
0.09361007,0.99597883,2.8198407000000003,54,1.0290918
0.120115444,0.97809803,2.7703397,54,1.0098144
0.166433,1.0181247,2.8534892000000003,54,1.0437753
