NVMe_from_ceph,NVMe_from_transfer,NVMe_total_util
0.66468805,0.9555764,2.7480917
0.09361007,0.99597883,2.8198407
0.120115444,0.97809803,2.7703397
0.166433,1.0181247,2.8534892
