NVMe_from_ceph,NVMe_from_transfer,NVMe_total_util
1.7727873,3.6064076,6.0449524
0.8269797,4.0125523,6.44706
0.28339458,3.7208629,6.09602
-0.04385015,4.2739387,6.5090685
