NVMe_from_ceph,NVMe_from_transfer,NVMe_total_util,num_workers,Goodput
1.7727873,3.6064076,6.0449524000000014,69,3.4009326
0.8269796999999999,4.0125523,6.44706,69,4.0845046
0.28339458,3.7208629,6.096019999999998,69,3.5780058
-0.04385015,4.2739387,6.5090685,69,3.377431
