NVMe_from_ceph,NVMe_from_transfer,NVMe_total_util,num_workers,Goodput
0.9084154,2.8377645,4.898765,52,2.8937008
1.3772588,2.0977006,4.5349426,52,2.665155
1.1645786,1.9376296,4.1651063,52,2.3387218
1.3523203,2.7005572,4.833394,52,3.2880983
