NVMe_from_ceph,NVMe_from_transfer,NVMe_total_util,num_workers,Goodput
1.5245584,4.1126747,6.6262729999999985,85,4.0998974
0.94303745,5.026522,7.5393853,85,3.7782183
0.6479332,4.878781299999999,7.3549724,85,3.8424296
0.247599,4.472631,6.875360499999998,85,4.2580934
