NVMe_from_ceph,NVMe_from_transfer,NVMe_total_util
1.5245584,4.1126747,6.626273
0.94303745,5.026522,7.5393853
0.6479332,4.8787813,7.3549724
0.247599,4.472631,6.8753605
