NVMe_from_ceph,NVMe_from_transfer,NVMe_total_util
0.70718586,3.8971105,6.553494
0.6485045,4.3475423,6.914277
0.49284998,2.8403509,5.4194613
0.49929917,2.8104813,5.479158
