NVMe_from_ceph,NVMe_from_transfer,NVMe_total_util,num_workers,Goodput
0.70718586,3.8971105,6.5534940000000015,66,4.101886
0.6485045,4.3475423,6.914277,66,3.973305
0.49284998,2.8403509,5.4194613,66,3.1490655
0.49929917,2.8104813,5.479158,66,3.2144911
