NVMe_from_ceph,NVMe_from_transfer,NVMe_total_util
1.2389003,0.42829773,1.4948877
0.025002412,0.6016569,1.8012716
-0.0075310464,0.47987214,1.5286596
0.11565592,0.59379905,1.8577954
