NVMe_from_ceph,NVMe_from_transfer,NVMe_total_util,num_workers,Goodput
1.4597963,0.49043545,1.6162871,52,0.73497474
-0.085070565,0.52186203,1.5698632,52,0.6196719
-0.1585934,0.5245018,1.5367839,52,0.6186444
-0.0021931299,0.49487296,1.4750422,52,0.6265175
