NVMe_from_ceph,NVMe_from_transfer,NVMe_total_util,num_workers,Goodput
0.6532560000000001,2.4078598,4.528902,66,2.802178
1.2339174,2.4138842,4.804273,66,2.8498037
1.1318169,2.9782872000000005,5.3413057,66,3.429217
1.431925,2.87842,5.245278400000001,66,3.2099073
