NVMe_from_ceph,NVMe_from_transfer,NVMe_total_util
0.653256,2.4078598,4.528902
1.2339174,2.4138842,4.804273
1.1318169,2.9782872,5.3413057
1.431925,2.87842,5.2452784
