NVMe_from_ceph,NVMe_from_transfer,NVMe_total_util
0.2374284,3.962846,6.3820443
0.3456438,4.5472655,6.8049126
0.41474426,3.9528232,6.4696813
-0.009154906,3.971854,6.3905444
