NVMe_from_ceph,NVMe_from_transfer,NVMe_total_util,num_workers,Goodput
0.2374284,3.962846,6.3820443,85,3.6700773
0.3456438,4.5472655,6.804912599999999,85,4.373925
0.41474426,3.952823200000001,6.4696813,85,4.0276384
-0.009154906,3.971854,6.3905444000000005,85,2.9765303
