NVMe_from_ceph,NVMe_from_transfer,NVMe_total_util,num_workers,Goodput
0.7319747,3.0662062000000003,5.5373199999999985,85,3.542268
0.70032734,4.461907,6.5490866,85,4.324367
0.41337857,2.6503751,5.2687836,85,2.8008971
0.67484146,2.359824,4.991988,85,2.2905657
