NVMe_from_ceph,NVMe_from_transfer,NVMe_total_util,num_workers,Goodput
1.1097828,4.6063495,6.886413,69,4.11689
0.0368776,3.6042197,5.6104980000000015,69,3.1610098
0.118480116,3.5362613,5.753217,69,3.246246
-0.02966307,3.7984545,5.9946337,69,2.9438858
