NVMe_from_ceph,NVMe_from_transfer,NVMe_total_util,num_workers,Goodput
0.61402327,2.7198358,5.057421,53,2.9227011
1.7079233,3.5507312000000004,5.9769190000000005,53,3.3850615
1.6770078000000002,3.2994812000000007,5.80489,53,3.6028197
1.134672,3.75593,6.2265573,53,4.005265
