NVMe_from_ceph,NVMe_from_transfer,NVMe_total_util
0.61402327,2.7198358,5.057421
1.7079233,3.5507312,5.976919
1.6770078,3.2994812,5.80489
1.134672,3.75593,6.2265573
