NVMe_from_ceph,NVMe_from_transfer,NVMe_total_util,num_workers,Goodput
1.2882866000000002,4.0184116,6.3866367,69,4.1869197
-0.09947731,4.0729346,6.266714,69,3.0460389
0.07034159,3.981998,6.1510057,69,2.5575273
-0.09494847,4.2133949999999984,6.3664846,69,3.0135276
