NVMe_from_ceph,NVMe_from_transfer,NVMe_total_util
1.2882866,4.0184116,6.3866367
-0.09947731,4.0729346,6.266714
0.07034159,3.981998,6.1510057
-0.09494847,4.213395,6.3664846
