NVMe_from_ceph,NVMe_from_transfer,NVMe_total_util,num_workers,Goodput
1.1227834,0.6010124,1.8893865,52,0.75892067
0.19411355,1.0610853,2.619626,52,0.9857484
0.06592020400000001,0.8846639999999999,2.2969096,52,0.90395206
0.02892961,0.97724235,2.4856775,52,0.9312775
