NVMe_from_ceph,NVMe_from_transfer,NVMe_total_util
1.1227834,0.6010124,1.8893865
0.19411355,1.0610853,2.619626
0.065920204,0.884664,2.2969096
0.02892961,0.97724235,2.4856775
