NVMe_from_ceph,NVMe_from_transfer,NVMe_total_util,num_workers,Goodput
0.6490493,0.84390175,2.374203,54,0.97453344
0.22803766,0.8830206,2.4436145,54,0.9781234
0.17396541,0.95969,2.6439943,54,1.0005686
0.17463455,0.95528734,2.635752,54,0.9322957
