NVMe_from_ceph,NVMe_from_transfer,NVMe_total_util
0.6490493,0.84390175,2.374203
0.22803766,0.8830206,2.4436145
0.17396541,0.95969,2.6439943
0.17463455,0.95528734,2.635752
