NVMe_from_ceph,NVMe_from_transfer,NVMe_total_util,num_workers,Goodput
0.7070731,3.1231337000000003,5.834651999999998,68,3.5151744
0.47530428,3.5015273,6.0980854,68,3.681224
-0.25735283,3.9808848,6.37186,68,3.0428536
0.2371641,3.2389080000000003,5.874501,68,3.7549758
