NVMe_from_ceph,NVMe_from_transfer,NVMe_total_util
0.7070731,3.1231337,5.834652
0.47530428,3.5015273,6.0980854
-0.25735283,3.9808848,6.37186
0.2371641,3.238908,5.874501
