NVMe_from_ceph,NVMe_from_transfer,NVMe_total_util,num_workers,Goodput
0.91946536,2.7979863,5.4046917,53,3.0961015
1.3665978,2.6283634,5.298408,53,3.0974321
1.4290549,3.0424097000000003,5.739747,53,3.424687
1.4475753,3.655148000000001,6.4284973,53,3.7990582
