NVMe_from_ceph,NVMe_from_transfer,NVMe_total_util,num_workers,Goodput
0.6500092,3.803568100000001,6.044808,69,3.4649518
0.7223593,4.1762104,6.305487599999998,69,3.8421628
0.7259749,2.644961,5.1644273,69,3.0782201
0.30321628,3.1666112,5.845747,69,3.6439183
