NVMe_from_ceph,NVMe_from_transfer,NVMe_total_util
0.6500092,3.8035681,6.044808
0.7223593,4.1762104,6.3054876
0.7259749,2.644961,5.1644273
0.30321628,3.1666112,5.845747
