NVMe_from_ceph,NVMe_from_transfer,NVMe_total_util,num_workers,Goodput
1.134417,3.2717946,5.563634,65,3.5355446
0.45172095,2.9893906,5.3388589999999985,65,3.3190618
0.30597252,3.4678977,5.6527123,65,3.3322072
0.34039825,3.4039173,5.5914464000000015,65,3.3525584
