NVMe_from_ceph,NVMe_from_transfer,NVMe_total_util
1.134417,3.2717946,5.563634
0.45172095,2.9893906,5.338859
0.30597252,3.4678977,5.6527123
0.34039825,3.4039173,5.5914464
