NVMe_from_ceph,NVMe_from_transfer,NVMe_total_util,num_workers,Goodput
1.2164466,0.44840673,1.5040878999999998,54,0.3766834
0.16248734,0.8886305,2.5122373,54,0.95393467
-0.052817926,0.52616495,1.5626439,54,0.59125537
0.13288942,0.7273725000000001,2.1544464,54,0.88259566
