NVMe_from_ceph,NVMe_from_transfer,NVMe_total_util
1.2164466,0.44840673,1.5040879
0.16248734,0.8886305,2.5122373
-0.052817926,0.52616495,1.5626439
0.13288942,0.7273725,2.1544464
