NVMe_from_ceph,NVMe_from_transfer,NVMe_total_util,num_workers,Goodput
1.4427239,3.4845264,6.0770754999999985,65,3.6061554
0.2530653,3.4938373999999994,5.974927,65,3.483385
-0.040370625,3.5468102,5.9406066,65,3.2851162
0.10949159,3.3543746,5.7411775999999985,65,3.7119782
