NVMe_from_ceph,NVMe_from_transfer,NVMe_total_util
1.4427239,3.4845264,6.0770755
0.2530653,3.4938374,5.974927
-0.040370625,3.5468102,5.9406066
0.10949159,3.3543746,5.7411776
