NVMe_from_ceph,NVMe_from_transfer,NVMe_total_util,num_workers,Goodput
0.19171989,3.5178644999999995,5.842918,54,3.2856157
0.40923092,3.745826,6.164045,54,3.7805836
-0.21705686,3.6702707,5.885583400000002,54,3.2483294
-0.2034977,3.6692057,5.892285,54,3.2199533
