NVMe_from_ceph,NVMe_from_transfer,NVMe_total_util,num_workers,Goodput
0.6852015,3.5032134,5.977512,85,3.4585204
0.65281326,5.076486599999999,7.299765,85,3.8262439
0.6709169,2.7222060000000003,5.375661,85,2.9899921
0.45092246,2.6576333,5.414982,85,2.8903751
