CPU,CPU_count,Goodput,Memory_total,Memory_used,NIC_speed,NVMe_from_ceph,NVMe_from_transfer,NVMe_total_util,Storage_count,network_throughput,num_workers
1.1580000000074506,16.0,0.0,34359738368.0,87240704.0,100000000000.0,0.0,2079675.7333333339,0.016999999998370187,8.0,292403.06666666665,20.0
2.3273333333122235,16.0,298079197.8666667,34359738368.0,87240704.0,100000000000.0,93114641.06666666,572797474.1333333,1.6227333333323868,8.0,563794907.8,20.0
2.9040000000037254,16.0,748963157.3333335,34359738368.0,543006720.0,100000000000.0,134147822.93333334,849769540.2666667,2.3696666666675203,8.0,863829869.0,20.0
2.792666666644315,16.0,808181161.9441296,34359738368.0,543006720.0,100000000000.0,134219912.53333333,819308407.4666667,2.3535333333323556,8.0,829217725.0,20.0
2.4650356643027056,16.0,769188716.4855677,34359738368.0,541736960.0,100000000000.0,134208780.7479501,638615029.9313378,1.8024798346789455,8.0,632290405.639624,20.0
2.7559999999590215,16.0,628478088.5333333,34359738368.0,541736960.0,100000000000.0,55019656.53333332,783791445.3333334,2.0706666666665114,8.0,794993727.7333333,20.0
2.684666666729997,16.0,822303675.7333333,34359738368.0,541483008.0,100000000000.0,19922944.0,747402581.3333334,1.9360000000005433,8.0,747968231.8666667,20.0
2.655333333307256,16.0,685366668.1778785,34359738368.0,541483008.0,100000000000.0,19927313.066666666,740001928.5333333,1.9951333333350096,8.0,751579519.8,20.0
2.746983132237377,16.0,785139575.4666667,34359738368.0,544395264.0,100000000000.0,19924272.28481899,803093727.3151544,1.981132075469525,8.0,808504369.5579705,20.0
