NVMe_from_ceph,NVMe_from_transfer,NVMe_total_util
0.5215333,0.9326762,2.8523393
0.17493472,0.9441413,2.880901
0.16588236,0.96502906,2.9253466
0.19644557,1.0687222,3.1905508
