NVMe_from_ceph,NVMe_from_transfer,NVMe_total_util,num_workers,Goodput
0.5215333,0.9326761999999998,2.8523393,52,0.92265916
0.17493472,0.9441413,2.880901,52,0.94224846
0.16588236,0.96502906,2.9253466,52,0.9800326
0.19644557,1.0687222,3.1905508,52,1.0866961
