NVMe_from_ceph,NVMe_from_transfer,NVMe_total_util,num_workers,Goodput
1.1175206,1.5428110000000002,3.6859908,65,0.9723137
1.610659,2.2742481,4.606653,65,2.5807872
1.8702521,2.3783681,4.7894187000000015,65,2.8175056
1.6886365,2.7831726000000003,5.182763,65,3.3737204
