NVMe_from_ceph,NVMe_from_transfer,NVMe_total_util
1.1175206,1.542811,3.6859908
1.610659,2.2742481,4.606653
1.8702521,2.3783681,4.7894187
1.6886365,2.7831726,5.182763
