NVMe_from_ceph,NVMe_from_transfer,NVMe_total_util
0.58221567,3.9930472,6.5319777
0.600362,3.586712,6.2834616
0.6010264,3.2065103,6.082579
0.5365191,3.2508035,6.0124245
