NVMe_from_ceph,NVMe_from_transfer,NVMe_total_util,num_workers,Goodput
0.58221567,3.9930472,6.5319777000000006,68,4.0246077
0.600362,3.5867120000000003,6.2834616,68,3.7441986
0.6010264,3.2065103,6.082579,68,3.6657193
0.5365191,3.2508035,6.0124245,68,3.6001854
