NVMe_from_ceph,NVMe_from_transfer,NVMe_total_util,num_workers,Goodput
1.9391468,3.0413406000000003,5.949783999999998,53,3.3844142
0.020829316,3.343325,6.0483127,53,3.4620917
0.0033200257,3.6277742,6.2927794000000015,53,3.5894616
-0.09830275,3.78106,6.3917513,53,3.355394
