NVMe_from_ceph,NVMe_from_transfer,NVMe_total_util
1.9391468,3.0413406,5.949784
0.020829316,3.343325,6.0483127
0.0033200257,3.6277742,6.2927794
-0.09830275,3.78106,6.3917513
