CPU,CPU_count,Goodput,Memory_total,Memory_used,NIC_speed,NVMe_from_ceph,NVMe_from_transfer,NVMe_total_util,Storage_count,network_throughput,num_workers
1.224881658769801,16.0,0.0,34359738368.0,55439360.0,100000000000.0,0.0,2027382.0921394757,0.01660110674504419,8.0,700641.2427495166,100.0
3.1129924671961717,16.0,625275331.9554638,34359738368.0,515461120.0,100000000000.0,112054720.61862543,1026760246.9168723,2.475768282108411,8.0,1012711576.694887,100.0
3.0636709113295177,16.0,907130948.2666667,34359738368.0,515461120.0,100000000000.0,134156766.7177812,836105865.1910129,2.5447029802029024,8.0,837103063.4042269,100.0
2.8743417106060214,16.0,764337629.8666668,34359738368.0,519598080.0,100000000000.0,134213149.52336508,706423612.2925138,2.368575428302048,8.0,696211610.0926605,100.0
3.2983532234849027,16.0,792681233.0666666,34359738368.0,519598080.0,100000000000.0,134226676.44509634,987333440.3626908,2.9037935862470925,8.0,1023069433.4955664,100.0
3.405783582170224,16.0,1012145356.8000001,34359738368.0,517623808.0,100000000000.0,38850865.67164179,973736119.4029851,2.784981343277191,8.0,961394674.4402986,100.0
3.3344894283874966,16.0,1010769286.0369338,34359738368.0,516259840.0,100000000000.0,19932245.714666843,1020542181.5513906,2.88741412659418,8.0,1027370032.2150337,100.0
2.87832522163053,16.0,754788913.3605406,34359738368.0,516259840.0,100000000000.0,19928641.642776184,779153195.8130542,2.1818121208065016,8.0,781376934.795653,100.0
2.954000000003725,16.0,915422003.2,34359738368.0,516259840.0,100000000000.0,19922944.0,834360115.1999999,2.389399999997113,8.0,840432163.8666667,100.0
