NVMe_from_ceph,NVMe_from_transfer,NVMe_total_util
0.5399762,3.8576653,6.3150187
0.6103746,3.325327,5.862305
0.52703637,3.0444684,5.534698
0.42741087,3.7717688,6.2372103
