NVMe_from_ceph,NVMe_from_transfer,NVMe_total_util,num_workers,Goodput
0.5399762,3.8576653,6.3150187,54,4.0482664
0.6103746,3.325327,5.862305,54,3.5948663
0.52703637,3.0444684,5.5346980000000014,54,3.4337635
0.42741087,3.7717688,6.237210299999999,54,3.8761525
