NVMe_from_ceph,NVMe_from_transfer,NVMe_total_util,num_workers,Goodput
1.1125108999999995,2.3619325,4.6799355,64,2.72052
1.5776559,2.7352380000000003,5.0498943,64,3.2628388
1.8244308,2.7693691000000005,5.2603498,64,3.283745
1.7483333,2.9167056,5.5355415,64,3.4701934
