NVMe_from_ceph,NVMe_from_transfer,NVMe_total_util
1.1125109,2.3619325,4.6799355
1.5776559,2.735238,5.0498943
1.8244308,2.7693691,5.2603498
1.7483333,2.9167056,5.5355415
