NVMe_from_ceph,NVMe_from_transfer,NVMe_total_util
0.594271,3.6935956,6.1394844
0.42759025,3.5877848,6.022506
0.36131743,3.7623255,6.1929855
0.3291518,3.5998328,6.0526133
