NVMe_from_ceph,NVMe_from_transfer,NVMe_total_util,num_workers,Goodput
0.594271,3.6935956,6.1394844000000015,52,3.5188758
0.42759025,3.5877848,6.022506,52,3.7676978
0.36131743,3.7623255,6.192985500000002,52,3.7522206
0.3291518,3.5998328,6.0526133,52,3.8479574
