NVMe_from_ceph,NVMe_from_transfer,NVMe_total_util,num_workers,Goodput
0.44185188,3.3695328,5.882063400000002,54,3.6182148
-0.010690678,3.4257443,5.897659,54,3.2622402
-0.024584144,3.7908525,6.255167,54,3.4960752
-0.0921439,3.884078,6.301561,54,3.3166146
