NVMe_from_ceph,NVMe_from_transfer,NVMe_total_util
0.44185188,3.3695328,5.8820634
-0.010690678,3.4257443,5.897659
-0.024584144,3.7908525,6.255167
-0.0921439,3.884078,6.301561
