NVMe_from_ceph,NVMe_from_transfer,NVMe_total_util,num_workers,Goodput
0.2813788,0.93016833,2.6603153,53,0.93330896
0.10723235,0.97655314,2.7763357,53,0.9859494
0.10740001,1.0430804,2.987805,53,1.0533698
0.1318105,1.0443398000000002,2.9769752,53,1.0602131
