CPU,CPU_count,Goodput,Memory_total,Memory_used,NIC_speed,NVMe_from_ceph,NVMe_from_transfer,NVMe_total_util,Storage_count,network_throughput,num_workers
1.14666666664804,16.0,117828.26666666666,34359738368.0,77275136.0,100000000000.0,0.0,1756364.8,0.01446666666888632,8.0,303037.86666666664,20.0
2.3640000000285606,16.0,164508194.13333336,34359738368.0,77275136.0,100000000000.0,63543705.599999994,632514696.5333333,1.477266666665673,8.0,620820781.7333333,20.0
2.8639999999664725,16.0,887710009.7326846,34359738368.0,532070400.0,100000000000.0,134222097.06666666,877537143.4666667,2.286333333332247,8.0,896534517.6666666,20.0
2.2979999999826153,16.0,752116154.943663,34359738368.0,532070400.0,100000000000.0,134217728.0,565206766.9333334,1.639199999999255,8.0,554592589.1333333,20.0
2.5360000000335274,16.0,568819541.3333333,34359738368.0,532070400.0,100000000000.0,134222097.06666666,689719159.4666667,2.080200000000574,8.0,706406131.2666667,20.0
2.8506666666828098,16.0,775294976.0,34359738368.0,535064576.0,100000000000.0,80111206.39999999,773512669.8666667,2.3286000000021887,8.0,780872648.4,20.0
2.5076994866921947,16.0,794641681.0666666,34359738368.0,533999616.0,100000000000.0,19925984.667688824,655969717.218852,1.824345043661707,8.0,658159133.9910673,20.0
2.8223214881203185,16.0,684781294.9333333,34359738368.0,533999616.0,100000000000.0,19994182.012134142,848555258.3505566,2.0398026535141924,8.0,840742960.9307287,20.0
2.6299999999813735,16.0,792698777.5999999,34359738368.0,533999616.0,100000000000.0,19857408.0,750316748.8,1.7963333333299187,8.0,766493811.4666667,20.0
