CPU,CPU_count,Goodput,Memory_total,Memory_used,NIC_speed,NVMe_from_ceph,NVMe_from_transfer,NVMe_total_util,Storage_count,network_throughput,num_workers
1.1448763250063778,16.0,0.0,34359738368.0,112926720.0,100000000000.0,0.0,1826391.626108407,0.016001066733280826,8.0,53842.9228615241,40.0
1.5848553526668316,16.0,788779397.6401573,34359738368.0,575418368.0,100000000000.0,4123849.086788428,266455420.87721637,0.4750699906742431,8.0,254720888.0815891,40.0
3.890118682451257,16.0,897514084.9389958,34359738368.0,575418368.0,100000000000.0,134167896.51953594,967541400.1866915,2.85244699293354,8.0,990326506.1341512,40.0
2.911333333452543,16.0,979922332.6444905,34359738368.0,571080704.0,100000000000.0,134217728.0,828577382.4,2.247933333336065,8.0,823349321.7333333,40.0
3.117333333194256,16.0,907972211.4807655,34359738368.0,571080704.0,100000000000.0,134229742.93333334,930395204.2666665,2.661199999996461,8.0,931573004.9333333,40.0
3.1853333334128062,16.0,864903987.1999999,34359738368.0,570998784.0,100000000000.0,130722474.66666664,955817984.0,2.6865999999960577,8.0,971522118.0666667,40.0
2.9813333332538603,16.0,768739362.1333334,34359738368.0,570998784.0,100000000000.0,19949158.4,914317038.9333334,2.261200000004222,8.0,892488381.1333333,40.0
2.5784176499374567,16.0,765391191.1246927,34359738368.0,569401344.0,100000000000.0,19918960.207958408,676683061.2544159,1.9039525428249233,8.0,704899876.2914084,40.0
2.775970129313322,16.0,968722737.1378872,34359738368.0,569401344.0,100000000000.0,19949633.81784238,794581942.1256168,2.172156287499754,8.0,798547489.8653154,40.0
