NVMe_from_ceph,NVMe_from_transfer,NVMe_total_util,num_workers,Goodput
1.5022817,3.589971,6.195199,54,3.8549168
1.4316033,3.3815432,5.951318,54,3.409023
1.7121838,3.448487,6.2493677000000005,54,3.4567916
1.2001787,3.1651938,5.824099,54,3.8610826
