NVMe_from_ceph,NVMe_from_transfer,NVMe_total_util
0.39736247,3.0790112,5.612491
0.04716025,3.6957324,6.1652265
0.050335232,3.938666,6.4721904
0.1639498,3.8403122,6.3826084
