NVMe_from_ceph,NVMe_from_transfer,NVMe_total_util,num_workers,Goodput
0.39736247,3.0790112,5.612491,53,3.460885
0.04716025,3.6957324,6.1652265,53,3.412953
0.050335232,3.938666,6.4721904000000015,53,3.3142157
0.16394979999999998,3.840312200000001,6.3826084000000005,53,4.066162
