NVMe_from_ceph,NVMe_from_transfer,NVMe_total_util,num_workers,Goodput
0.7474930000000001,3.2818822999999995,5.725548000000002,54,3.7131495
0.5151422,3.5009913,5.851742,54,3.295285
0.54278046,3.3411427,5.652318,54,3.2815151
0.58592516,3.5321373999999994,5.9032235,54,3.2218485
