NVMe_from_ceph,NVMe_from_transfer,NVMe_total_util
0.747493,3.2818823,5.725548
0.5151422,3.5009913,5.851742
0.54278046,3.3411427,5.652318
0.58592516,3.5321374,5.9032235
