NVMe_from_ceph,NVMe_from_transfer,NVMe_total_util,num_workers,Goodput
0.36513796,1.025107,2.8195305,52,1.0076869
0.19742806,1.0590901,2.8610299,52,0.95783985
0.15683767,1.1361876,3.0044150000000003,52,1.2392459
0.114014335,1.135027,2.990385,52,1.2392459
