NVMe_from_ceph,NVMe_from_transfer,NVMe_total_util,num_workers,Goodput
-0.15781778,3.4604428,5.921182599999999,65,3.2173865
-0.1654381,4.0390368,6.260461,65,2.9651136
0.035125416,3.3561513,5.5499263,65,3.3150856
0.2929296,3.3394136,5.642471,65,3.5090353
