NVMe_from_ceph,NVMe_from_transfer,NVMe_total_util,num_workers,Goodput
0.72955614,2.7995548,5.4131894,69,3.290552
0.74952996,2.777841,5.4812927,69,3.4051394
0.6742226,2.4566243,5.145665599999999,69,2.7659853
0.56448954,2.6737814,5.3323126,69,2.9989913
