NVMe_from_ceph,NVMe_from_transfer,NVMe_total_util
0.72955614,2.7995548,5.4131894
0.74952996,2.777841,5.4812927
0.6742226,2.4566243,5.1456656
0.56448954,2.6737814,5.3323126
