NVMe_from_ceph,NVMe_from_transfer,NVMe_total_util
1.5469435,3.559789,5.9219055
0.7534054,3.2470665,5.771599
0.008497861,3.466259,5.6158123
0.24342999,3.4085407,5.620081
