NVMe_from_ceph,NVMe_from_transfer,NVMe_total_util,num_workers,Goodput
1.5469435,3.559789,5.9219055,54,3.3904803
0.7534054,3.2470665000000003,5.771599,54,3.6389372
0.008497860999999999,3.4662589999999995,5.6158123,54,2.886716
0.24342999,3.4085407,5.620081,54,3.3318915
