NVMe_from_ceph,NVMe_from_transfer,NVMe_total_util
0.59058195,3.3269386,5.7161307
0.60440505,2.9473217,5.545354
0.7389203,3.1271584,5.682318
0.59508985,3.1377923,5.647248
