NVMe_from_ceph,NVMe_from_transfer,NVMe_total_util,num_workers,Goodput
0.59058195,3.3269386,5.7161307,65,3.754645
0.60440505,2.9473217000000003,5.545354,65,3.418683
0.7389203000000001,3.1271584,5.682318,65,3.4164715
0.59508985,3.1377923,5.647248,65,3.5037444
