NVMe_from_ceph,NVMe_from_transfer,NVMe_total_util
0.042628385,3.4077892,5.999912
0.15980837,3.3247752,5.9219327
0.05353648,3.3324919,5.886944
0.10506253,3.3917832,5.9590473
