NVMe_from_ceph,NVMe_from_transfer,NVMe_total_util,num_workers,Goodput
0.042628385,3.4077892,5.999912,68,3.2896585
0.15980837,3.3247752,5.9219327,68,3.8932898
0.05353648,3.3324919,5.8869440000000015,68,3.5805812
0.10506253,3.3917832000000003,5.9590473,68,3.506288
