NVMe_from_ceph,NVMe_from_transfer,NVMe_total_util,num_workers,Goodput
0.6886572,2.9852166,5.5912676,52,3.2166345
0.45182666,3.1604984,5.712041,52,3.4696467
0.36821297,3.4959123,6.0266633,52,3.5829465
0.27212309999999995,3.6730208,6.1287656,52,3.7847543
