NVMe_from_ceph,NVMe_from_transfer,NVMe_total_util,num_workers,Goodput
0.36010167,0.79616225,2.4944909,54,1.0068202
0.15409571,0.8698233,2.667683,54,0.95875204
0.066331245,0.9107293,2.7420847000000004,54,0.9391254
0.05527222,0.82511103,2.5416203,54,0.9030272
