CPU,CPU_count,Goodput,Memory_total,Memory_used,NIC_speed,NVMe_from_ceph,NVMe_from_transfer,NVMe_total_util,Storage_count,network_throughput,num_workers
1.1848789919501814,16.0,0.0,34359738368.0,81993728.0,100000000000.0,2218.8145876391754,1415671.9781318754,0.012134142278138698,8.0,231536.50243349557,30.0
2.1779999999950332,16.0,0.0,34359738368.0,538497024.0,100000000000.0,53966711.46666668,613136520.5333334,1.3537333333321535,8.0,615695081.8,30.0
3.5162989133896314,16.0,1182141046.4688475,34359738368.0,538497024.0,100000000000.0,134071164.3223785,1212078785.147657,3.105126324910819,8.0,1205745716.885541,30.0
2.9333333333643776,16.0,800014813.8666668,34359738368.0,538497024.0,100000000000.0,134217728.0,903119940.2666667,2.4985333333354593,8.0,915128430.6666666,30.0
2.8828696925552557,16.0,859215189.3333333,34359738368.0,539410432.0,100000000000.0,134338768.53454015,788601849.5940368,2.437042459734923,8.0,787596922.6673765,30.0
2.649702798316908,16.0,626825787.0808613,34359738368.0,539922432.0,100000000000.0,88239214.58625525,744816005.3429506,2.073532358246209,8.0,744816145.3950443,30.0
2.66835544297171,16.0,812373151.2767516,34359738368.0,539922432.0,100000000000.0,19925984.667688824,723812430.6379576,2.022265182319922,8.0,726421354.5763617,30.0
2.8108180123251034,16.0,1097531562.6666665,34359738368.0,542441472.0,100000000000.0,19907018.385291766,877053407.9403143,2.0683453237421703,8.0,896791533.9062084,30.0
3.199839861154638,16.0,1056897698.0201321,34359738368.0,542441472.0,100000000000.0,19944598.38526723,1084558049.509575,2.487022085804857,8.0,1097026791.41923,30.0
