CPU,CPU_count,Goodput,Memory_total,Memory_used,NIC_speed,NVMe_from_ceph,NVMe_from_transfer,NVMe_total_util,Storage_count,network_throughput,num_workers
1.1742116141461048,16.0,0.0,34359738368.0,58769408.0,100000000000.0,0.0,1590446.2964197611,0.013334222282261587,8.0,934976.0650710047,10.0
1.7477501499564747,16.0,9775134.9910006,34359738368.0,514170880.0,100000000000.0,49629288.71408573,280077276.98153454,0.8338110792653715,8.0,279656861.27591497,10.0
2.681645443028293,16.0,657929490.2687674,34359738368.0,514170880.0,100000000000.0,134226676.44509634,707032846.4564304,2.020934728982289,8.0,711739193.9462631,10.0
2.5820000000298022,16.0,673071287.7190627,34359738368.0,515203072.0,100000000000.0,134219912.53333333,701866530.1333333,1.9404666666639971,8.0,707844535.7333333,10.0
2.6726666666567325,16.0,734501102.9333334,34359738368.0,515203072.0,100000000000.0,134217728.0,727598148.2666667,1.9520666666639346,8.0,723313393.0,10.0
2.2946666666306554,16.0,607842195.053663,34359738368.0,514985984.0,100000000000.0,91999436.80000001,555841399.4666667,1.6317333333349477,8.0,566951173.0,10.0
2.688666666671633,16.0,668233630.5087006,34359738368.0,514985984.0,100000000000.0,19922944.0,751770555.7333335,1.9031333333346994,8.0,757420389.7333333,10.0
2.529031397886939,16.0,714950915.8056129,34359738368.0,515883008.0,100000000000.0,19925984.667688824,688360910.3393106,1.76848210119195,8.0,692336444.8370109,10.0
2.663644243009139,16.0,709424947.2,34359738368.0,515883008.0,100000000000.0,19924272.28481899,762836920.8613907,1.938729248616435,8.0,758887238.6159077,10.0
