NVMe_from_ceph,NVMe_from_transfer,NVMe_total_util,num_workers,Goodput
0.55134445,3.4684148,6.0008626,68,3.6170127
0.5539639000000001,3.3215725,5.7948629999999985,68,3.8960903
0.62959987,3.186143,5.677241,68,3.6130114
0.6414401,3.208957,5.687246,68,3.6168497
