NVMe_from_ceph,NVMe_from_transfer,NVMe_total_util
0.55134445,3.4684148,6.0008626
0.5539639,3.3215725,5.794863
0.62959987,3.186143,5.677241
0.6414401,3.208957,5.687246
