NVMe_from_ceph,NVMe_from_transfer,NVMe_total_util,num_workers,Goodput
0.54473466,2.3445606,4.630065,54,2.652048
1.6943689999999998,3.405785,5.759764,54,3.5255082
1.6896852,3.3910673,5.7871847,54,3.5324833
1.3908608999999998,3.9308064,6.3382807,54,4.044976
