NVMe_from_ceph,NVMe_from_transfer,NVMe_total_util
1.2127241,3.07012,5.708553
0.3761831,3.048239,5.5979347
0.09347805,3.2201498,5.760314
-0.09839281,3.3596995,5.8806977
