NVMe_from_ceph,NVMe_from_transfer,NVMe_total_util,num_workers,Goodput
1.2127241000000002,3.07012,5.708553,68,3.5419493
0.3761831,3.048239,5.5979347000000015,68,3.6567469
0.09347805,3.2201498,5.760314,68,3.761348
-0.09839281,3.3596995,5.8806977,68,3.3869157
