NVMe_from_ceph,NVMe_from_transfer,NVMe_total_util
1.2188822,3.5996823,6.0254765
0.28036422,3.786647,6.194174
0.30715448,3.6409223,6.052047
0.32108647,3.5954716,6.0064964
