NVMe_from_ceph,NVMe_from_transfer,NVMe_total_util,num_workers,Goodput
1.2188822,3.5996823,6.0254765,52,3.918378
0.28036422,3.786647,6.1941739999999985,52,3.7594693
0.30715448,3.6409223,6.052047,52,3.7267563
0.32108647,3.5954716,6.0064964000000005,52,3.80834
