NVMe_from_ceph,NVMe_from_transfer,NVMe_total_util
0.91108227,0.92243356,2.6921015
0.11543453,0.9969601,2.9247165
0.13227911,1.036485,3.0369368
0.11736839,1.0389217,3.0273259
