NVMe_from_ceph,NVMe_from_transfer,NVMe_total_util,num_workers,Goodput
0.91108227,0.92243356,2.6921015,53,0.87370116
0.11543453,0.9969601,2.9247165,53,1.0111642
0.13227911,1.036485,3.0369368,53,1.060528
0.11736839,1.0389217,3.0273259,53,1.060528
