NVMe_from_ceph,NVMe_from_transfer,NVMe_total_util
1.2171444,2.5985758,4.86881
1.5269969,3.3425398,5.6858773
1.50877,3.0808845,5.4788394
1.1676027,3.2749853,5.7107577
