NVMe_from_ceph,NVMe_from_transfer,NVMe_total_util,num_workers,Goodput
1.2171444,2.5985758,4.86881,65,3.2722132
1.5269969,3.3425398,5.6858773000000005,65,3.3133316
1.5087700000000002,3.0808845,5.4788394,65,3.3726156
1.1676027,3.2749853,5.7107577,65,3.6024835
