NVMe_from_ceph,NVMe_from_transfer,NVMe_total_util,num_workers,Goodput
1.1381757,3.94975,6.4499297,85,3.9354777
0.42425334,4.006218,6.3772817,85,3.7423513
0.24269345,4.2981386,6.706417,85,4.291758
0.35036978,4.0896044,6.4734526,85,3.9871154
