NVMe_from_ceph,NVMe_from_transfer,NVMe_total_util
1.1381757,3.94975,6.4499297
0.42425334,4.006218,6.3772817
0.24269345,4.2981386,6.706417
0.35036978,4.0896044,6.4734526
