NVMe_from_ceph,NVMe_from_transfer,NVMe_total_util,num_workers,Goodput
0.018600352,3.8118105,6.1784534,57,3.179456
0.10544289,3.581314,5.9153304,57,3.5969605
0.034027994,3.8651533,6.2095685,57,3.0282059
-0.048641495,3.8804553,6.215091,57,3.0404215
