NVMe_from_ceph,NVMe_from_transfer,NVMe_total_util,num_workers,Goodput
0.52509165,0.9238853,2.752847,54,0.95754695
0.1910783,0.89139706,2.6818354,54,0.95896494
0.24892737,0.7975161999999999,2.3615646,54,1.0806682
0.24276988,0.87756306,2.5843444,54,0.9604345
