NVMe_from_ceph,NVMe_from_transfer,NVMe_total_util
0.52509165,0.9238853,2.752847
0.1910783,0.89139706,2.6818354
0.24892737,0.7975162,2.3615646
0.24276988,0.87756306,2.5843444
