NVMe_from_ceph,NVMe_from_transfer,NVMe_total_util,num_workers,Goodput
0.59263587,3.5471401,6.0708556,66,3.6568677
0.6700264,3.585482,6.151928,66,3.5128112
0.64964455,3.1113172,5.823705,66,3.765693
0.4812473,3.570107,6.048248,66,3.6639087
