CPU,CPU_count,Goodput,Memory_total,Memory_used,NIC_speed,NVMe_from_ceph,NVMe_from_transfer,NVMe_total_util,Storage_count,network_throughput,num_workers
1.191333333402872,16.0,0.0,34359738368.0,88928256.0,100000000000.0,0.0,1494220.7999999998,0.013466666667954996,8.0,877429.9333333333,20.0
2.1546666665934024,16.0,97593.70624708314,34359738368.0,88928256.0,100000000000.0,2184.5333333333333,515415244.8,1.218599999998696,8.0,517957952.6666667,20.0
3.0643290447589098,16.0,984882257.9828011,34359738368.0,546430976.0,100000000000.0,99328477.834811,940631204.8530098,2.5415638957395696,8.0,936320578.4281049,20.0
2.691646109733198,16.0,814240949.3966264,34359738368.0,546430976.0,100000000000.0,134231045.80305356,748855794.6529769,2.1818121208103824,8.0,762614625.3083539,20.0
2.973001799901116,16.0,848751820.8,34359738368.0,546430976.0,100000000000.0,134208780.7479501,924646674.7550163,2.524898340113826,8.0,927835078.194787,20.0
2.720314687680615,16.0,754028690.3539762,34359738368.0,545837056.0,100000000000.0,134231045.80305356,745448514.7009801,2.109407293815412,8.0,742827451.1634109,20.0
2.8279999999639887,16.0,887187455.1914726,34359738368.0,543436800.0,100000000000.0,49702502.4,830148608.0,2.2872666666672252,8.0,839320075.2666667,20.0
2.2883807746348923,16.0,753108309.9790554,34359738368.0,543436800.0,100000000000.0,19856084.261049267,534103546.1635891,1.4050396640236866,8.0,541795045.5969602,20.0
2.931999999967714,16.0,704016280.5146325,34359738368.0,543436800.0,100000000000.0,19922944.0,892588305.0666666,2.2401333333342337,8.0,900977311.3333334,20.0
