NVMe_from_ceph,NVMe_from_transfer,NVMe_total_util,num_workers,Goodput
0.46267942,0.8748974,2.3256974,54,0.9662058
0.2528716,0.9422511999999998,2.4265208,54,0.9834783
0.3337073,0.7271143,2.0181224,54,0.86008173
0.4312504,0.8409551,2.2671397,54,0.910861
