NVMe_from_ceph,NVMe_from_transfer,NVMe_total_util
0.46267942,0.8748974,2.3256974
0.2528716,0.9422512,2.4265208
0.3337073,0.7271143,2.0181224
0.4312504,0.8409551,2.2671397
