NVMe_from_ceph,NVMe_from_transfer,NVMe_total_util
0.29594946,3.8413188,6.4617424
0.7198754,3.878583,6.4659486
0.13866876,4.2670145,6.626515
0.22898988,3.826845,6.218158
