NVMe_from_ceph,NVMe_from_transfer,NVMe_total_util,num_workers,Goodput
0.29594946,3.8413188,6.4617424,85,3.7989259
0.7198753999999999,3.878583,6.4659486,85,4.0896835
0.13866876,4.267014499999998,6.626515,85,4.187619
0.22898988,3.826845,6.218158,85,3.643559
