NVMe_from_ceph,NVMe_from_transfer,NVMe_total_util,num_workers,Goodput
0.70274645,4.173612,6.2065587,66,3.7462428
0.6939984,3.8605611,6.035021,66,4.3858085
0.56528044,3.7194216,5.8812184,66,3.6442764
0.6604677,3.116335,5.531529,66,3.6455495
