NVMe_from_ceph,NVMe_from_transfer,NVMe_total_util
0.9352437,4.0298357,6.197066
0.572012,3.75345,6.0935087
0.43980455,3.5969415,5.943675
0.4897133,3.8674815,6.1124563
