NVMe_from_ceph,NVMe_from_transfer,NVMe_total_util,num_workers,Goodput
0.9352437,4.0298357000000005,6.197066,66,3.4691007
0.572012,3.75345,6.0935087,66,3.5436132
0.43980455,3.5969415,5.943675,66,3.835118
0.4897133,3.8674815,6.1124563,66,3.527029
