CPU,CPU_count,Goodput,Memory_total,Memory_used,NIC_speed,NVMe_from_ceph,NVMe_from_transfer,NVMe_total_util,Storage_count,network_throughput,num_workers
1.2826666666815678,16.0,2218.6666666666665,34359738368.0,120881152.0,100000000000.0,2218.6666666666665,1756364.8,0.01539999999998448,8.0,1712321.5333333334,70.0
1.8359999999403955,16.0,591759223.4666667,34359738368.0,580583424.0,100000000000.0,13421772.799999999,384999697.0666666,0.7240666666650214,8.0,359159345.46666664,70.0
2.7873333333681027,16.0,837813384.5333333,34359738368.0,580583424.0,100000000000.0,134359722.6666667,761640823.4666667,2.1776000000031974,8.0,778052336.8,70.0
3.0653246234282463,16.0,878942617.6,34359738368.0,578633728.0,100000000000.0,134129938.94147447,829778557.5256633,2.7463671510427092,8.0,840420537.7283028,70.0
3.237364981924326,16.0,901657005.1997631,34359738368.0,578633728.0,100000000000.0,134170081.34417921,932868506.2008268,2.7837711694904916,8.0,933566085.2780371,70.0
2.7300000000434617,16.0,548251591.572123,34359738368.0,581316608.0,100000000000.0,122823202.13333333,682210645.3333334,2.292733333335491,8.0,693093666.6666666,70.0
2.4433333332960805,16.0,571041041.0666666,34359738368.0,581316608.0,100000000000.0,19927313.066666666,556743338.6666667,1.739399999999053,8.0,559485530.6,70.0
2.8440000000099337,16.0,858936306.6871125,34359738368.0,577208320.0,100000000000.0,19922944.0,754630929.0666667,2.307466666666248,8.0,753633816.6,70.0
4.9322045196974456,16.0,890545174.3217119,34359738368.0,577208320.0,100000000000.0,19925984.667688824,912852892.473835,2.840543963736046,8.0,7536694044.997001,70.0
