NVMe_from_ceph,NVMe_from_transfer,NVMe_total_util,num_workers,Goodput
0.31370327,0.8180566,2.5296772,54,0.8982438
0.18005952,0.83347607,2.5723834,54,0.9105242
0.20444387,0.83767486,2.5903277,54,0.9265729
0.22977282,0.8036218,2.480319,54,0.9739026
