NVMe_from_ceph,NVMe_from_transfer,NVMe_total_util
1.0648179,2.356607,4.867902
1.464764,2.37793,4.8737235
1.4899141,3.0307832,5.607317
1.5684932,3.3305316,5.9016166
