NVMe_from_ceph,NVMe_from_transfer,NVMe_total_util,num_workers,Goodput
1.0648178999999998,2.356607,4.867902,85,2.5095544
1.464764,2.37793,4.8737235,85,2.494246
1.4899141000000002,3.0307832,5.607317,85,3.5809743
1.5684931999999998,3.3305316,5.9016166,85,3.2675278
