NVMe_from_ceph,NVMe_from_transfer,NVMe_total_util
0.6643111,4.7457952,6.606903
0.595877,2.9693346,5.4388905
0.57390517,3.3909283,5.663738
0.45146507,2.7980433,5.4500446
