NVMe_from_ceph,NVMe_from_transfer,NVMe_total_util,num_workers,Goodput
0.6643110999999999,4.745795200000001,6.606903,85,4.508336
0.595877,2.9693346000000003,5.4388905,85,3.165715
0.57390517,3.3909283,5.663738,85,3.267701
0.45146507,2.7980433,5.4500446,85,3.038943
