NVMe_from_ceph,NVMe_from_transfer,NVMe_total_util,num_workers,Goodput
0.46480763,3.4906883,5.7747307,66,3.7243793
0.33937335,3.3514931000000003,5.618832599999998,66,3.569567
0.10640513,3.629116,5.7766995,66,3.2563732
0.20130043,3.5855812999999994,5.742927,66,3.4334197
