NVMe_from_ceph,NVMe_from_transfer,NVMe_total_util
0.46480763,3.4906883,5.7747307
0.33937335,3.3514931,5.6188326
0.10640513,3.629116,5.7766995
0.20130043,3.5855813,5.742927
