NVMe_from_ceph,NVMe_from_transfer,NVMe_total_util
0.5475994,4.0357504,6.2103505
0.014564206,4.075066,6.187884
-0.38067338,4.016001,6.1096563
0.51627684,4.2960777,6.3727374
