NVMe_from_ceph,NVMe_from_transfer,NVMe_total_util,num_workers,Goodput
0.5475994000000001,4.0357504,6.2103505,69,3.5996351
0.014564206,4.0750660000000005,6.187884,69,2.8264947
-0.38067338,4.016001,6.109656299999998,69,2.6569703
0.51627684,4.2960777000000006,6.3727374,69,3.7558246
