NVMe_from_ceph,NVMe_from_transfer,NVMe_total_util,num_workers,Goodput
0.86555755,0.6239904000000001,1.8741815,54,0.8372456
0.11454353,0.7547285,2.1878724,54,0.88739896
0.12699609,0.762953,2.229807,54,0.8683872
0.24075438,0.9637687,2.7307405,54,1.006123
