NVMe_from_ceph,NVMe_from_transfer,NVMe_total_util
0.6397491,4.3426957,6.4643555
0.7167065,3.8012474,6.0658355
0.6011176,3.269512,5.7213864
0.48682076,3.691186,5.9434385
