NVMe_from_ceph,NVMe_from_transfer,NVMe_total_util,num_workers,Goodput
0.6397491,4.3426957,6.4643555,85,3.970495
0.7167064999999999,3.8012474,6.0658355,85,3.5436087
0.6011175999999999,3.269512,5.7213864,85,3.7218335
0.48682076,3.691186,5.9434385,85,3.6069248
