NVMe_from_ceph,NVMe_from_transfer,NVMe_total_util,num_workers,Goodput
0.51371527,2.85258,5.1570945,69,3.0050764
1.3489937,4.2548910000000015,6.9183636,69,4.183832
1.3611101,4.1217046,6.749174000000001,69,4.2149196
1.4671153,3.2736454,5.8017616,69,3.4381192
