NVMe_from_ceph,NVMe_from_transfer,NVMe_total_util
1.0295132,4.8753557,7.034537
0.27879998,3.8369474,6.145453
0.18601437,3.8496058,6.1009865
0.24582222,3.9239695,6.3004236
