NVMe_from_ceph,NVMe_from_transfer,NVMe_total_util,num_workers,Goodput
1.0295132,4.8753557,7.0345369999999985,53,3.7952597
0.27879998,3.8369474,6.145453,53,3.6133854
0.18601437,3.8496058,6.1009864999999985,53,3.7642334
0.24582222,3.9239695,6.3004235999999985,53,3.969805
