NVMe_from_ceph,NVMe_from_transfer,NVMe_total_util
-0.13991022,3.5120912,6.1042757
-0.027077647,3.2915044,5.7685213
0.8267533,3.337221,5.9491143
0.18636517,3.37162,5.9507213
