NVMe_from_ceph,NVMe_from_transfer,NVMe_total_util,num_workers,Goodput
-0.13991022,3.5120912000000004,6.1042757000000005,65,3.4072337
-0.027077647000000003,3.2915044,5.7685213,65,3.7775471
0.8267533000000001,3.337221,5.9491143,65,3.5067735
0.18636517,3.37162,5.9507213,65,3.5133176
