NVMe_from_ceph,NVMe_from_transfer,NVMe_total_util,num_workers,Goodput
0.5048083,3.8543332,6.274004,54,4.061639
0.39482185,4.000500700000001,6.4712190000000005,54,3.6059842
0.47592995,3.916502200000001,6.3464913,54,3.9117765
0.52339387,3.8942015,6.308694999999998,54,3.9045303
