NVMe_from_ceph,NVMe_from_transfer,NVMe_total_util
0.5048083,3.8543332,6.274004
0.39482185,4.0005007,6.471219
0.47592995,3.9165022,6.3464913
0.52339387,3.8942015,6.308695
