CPU,CPU_count,Goodput,Memory_total,Memory_used,NIC_speed,NVMe_from_ceph,NVMe_from_transfer,NVMe_total_util,Storage_count,network_throughput,num_workers
1.2591160589219546,16.0,0.0,34359738368.0,564289536.0,100000000000.0,2518599.026731551,1756247.7168188784,0.02166522231928815,8.0,593490.6339577362,30.0
1.1520000000173847,16.0,572207206.4000001,34359738368.0,571781120.0,100000000000.0,0.0,12091938.133333335,0.05653333332932864,8.0,10880656.466666667,30.0
2.914666666649282,16.0,916146495.0996733,34359738368.0,566525952.0,100000000000.0,115207918.93333334,978571537.0666666,2.371800000003229,8.0,984652723.4,30.0
3.0306666666641826,16.0,941309269.3333333,34359738368.0,566525952.0,100000000000.0,134217728.0,988367530.6666666,2.624533333334451,8.0,982027643.6,30.0
2.756317087812063,16.0,579714951.0505395,34359738368.0,567402496.0,100000000000.0,134231045.80305353,774237668.1112074,2.119941329421387,8.0,772991706.2470831,30.0
2.49666666664804,16.0,847195118.6440678,34359738368.0,567402496.0,100000000000.0,134217728.0,649222826.6666666,2.031600000001102,8.0,665306064.6666666,30.0
2.905333333307256,16.0,773502020.2666667,34359738368.0,567402496.0,100000000000.0,36145288.53333333,879354129.0666666,2.3058666666639813,8.0,892100744.8,30.0
2.5280000000260765,16.0,795671688.5333332,34359738368.0,567668736.0,100000000000.0,19922944.0,701564245.3333333,1.8472666666668374,8.0,704593408.1333333,30.0
2.758000000007451,16.0,717576822.8784748,34359738368.0,567668736.0,100000000000.0,19927313.066666666,808303274.6666666,1.9828666666697246,8.0,802607424.0,30.0
