CPU,CPU_count,Goodput,Memory_total,Memory_used,NIC_speed,NVMe_from_ceph,NVMe_from_transfer,NVMe_total_util,Storage_count,network_throughput,num_workers
1.2420000000546376,16.0,0.0,34359738368.0,53297152.0,100000000000.0,2184.5333333333333,2001032.533333333,0.018266666661171865,8.0,531546.4,50.0
1.306446236907605,16.0,576472166.4000001,34359738368.0,53297152.0,100000000000.0,0.0,18516781.547896802,0.056462902477638514,8.0,17473594.360375974,50.0
3.6543769584527217,16.0,801550693.4204385,34359738368.0,510472192.0,100000000000.0,1169594107.3404894,908968459.2306154,4.193546236418027,8.0,911569673.3782252,50.0
3.897333333392938,16.0,945101342.7561836,34359738368.0,510472192.0,100000000000.0,1342386995.1999998,800686080.0,4.666733333324858,8.0,794742352.3333334,50.0
3.8159999999838567,16.0,652454570.6666667,34359738368.0,510472192.0,100000000000.0,1341936981.3333335,805155089.0666667,4.5474666666743975,8.0,808796308.2,50.0
3.8959999999652304,16.0,858561433.5999999,34359738368.0,512999424.0,100000000000.0,1342072422.4,872250299.7333333,4.584199999998479,8.0,874585856.3333334,50.0
2.6783547763432765,16.0,613230806.479568,34359738368.0,512208896.0,100000000000.0,347619090.99393374,562417033.5310979,2.36917538830993,8.0,578036939.9373375,50.0
3.04800000001366,16.0,843806585.5057003,34359738368.0,512208896.0,100000000000.0,200977066.66666666,786260787.1999999,2.7345333333243613,8.0,789172676.1333333,50.0
3.277333333312223,16.0,898141388.8,34359738368.0,512208896.0,100000000000.0,201156198.4,935278182.4,2.959133333340287,8.0,941842368.0,50.0
