CPU,CPU_count,Goodput,Memory_total,Memory_used,NIC_speed,NVMe_from_ceph,NVMe_from_transfer,NVMe_total_util,Storage_count,network_throughput,num_workers
1.393559570647978,16.0,98566.48014921395,34359738368.0,106033152.0,100000000000.0,0.0,1756481.8987932529,0.015001000068999572,8.0,3307328.0218681246,30.0
2.165562913931956,16.0,13255976.51454497,34359738368.0,106033152.0,100000000000.0,33892094.304635756,493859331.39072853,1.0619867549721915,8.0,482314836.6225166,30.0
2.7919463086873297,16.0,826130670.9333334,34359738368.0,563830784.0,100000000000.0,134203653.15436243,719269420.6711409,2.148791946308225,8.0,738722996.9798658,30.0
2.9156722885438997,16.0,868560349.8666666,34359738368.0,563830784.0,100000000000.0,134283049.93000466,848009889.4740351,2.146390240645067,8.0,836145518.6987535,30.0
2.9963330888850104,16.0,878649548.8000001,34359738368.0,567910400.0,100000000000.0,134156766.7177812,915168578.1718781,2.215214347624789,8.0,935188997.1331422,30.0
2.9116725551580225,16.0,914087662.9333332,34359738368.0,567910400.0,100000000000.0,105973385.24098393,811149166.0555962,2.1809879341380034,8.0,828900408.7060863,30.0
2.7469831321752842,16.0,668998246.4000001,34359738368.0,562626560.0,100000000000.0,19924272.284818985,713049725.4483632,2.0188679245294505,8.0,710465452.6968465,30.0
3.170321978553389,16.0,980434397.8666668,34359738368.0,562626560.0,100000000000.0,19923800.279981337,962535698.6867542,2.4648356776160596,8.0,965572677.0215319,30.0
2.61964130940821,16.0,668120883.2,34359738368.0,566951936.0,100000000000.0,19924272.284818985,705046427.0951395,1.8153210214054938,8.0,725944168.1445429,30.0
