NVMe_from_ceph,NVMe_from_transfer,NVMe_total_util,num_workers,Goodput
0.7250898,2.5061922,4.9626220000000005,85,2.648181
1.5732075,3.0378864,5.6426253,85,3.5891469
1.9273736,2.935361,5.6436524000000015,85,3.4225447
1.5533477,2.7788265,5.3737135,85,3.2925684
