NVMe_from_ceph,NVMe_from_transfer,NVMe_total_util
0.7250898,2.5061922,4.962622
1.5732075,3.0378864,5.6426253
1.9273736,2.935361,5.6436524
1.5533477,2.7788265,5.3737135
