NVMe_from_ceph,NVMe_from_transfer,NVMe_total_util,num_workers,Goodput
0.50830185,3.518314,5.89385,68,3.5416617
0.5996076,3.5070786,5.979321,68,3.607193
0.61708504,3.5071385000000004,6.1481379999999985,68,3.538981
0.5146013,3.266025,5.872904,68,3.726272
