NVMe_from_ceph,NVMe_from_transfer,NVMe_total_util
0.50830185,3.518314,5.89385
0.5996076,3.5070786,5.979321
0.61708504,3.5071385,6.148138
0.5146013,3.266025,5.872904
