NVMe_from_ceph,NVMe_from_transfer,NVMe_total_util,num_workers,Goodput
0.99621713,3.3049843,5.6777563,65,3.537629
-0.046929006,3.246138,5.60265,65,3.5383968
0.08449751,3.1818814,5.5028996,65,3.6340551
0.35188884,2.7702649,5.0055809999999985,65,3.1906667
