NVMe_from_ceph,NVMe_from_transfer,NVMe_total_util
0.9122419,3.3050327,5.922104
0.018578416,3.3336337,5.856757
0.19338626,3.203375,5.688816
-0.024343932,3.8337772,6.436917
