NVMe_from_ceph,NVMe_from_transfer,NVMe_total_util,num_workers,Goodput
0.9122419,3.3050327000000004,5.922104,68,3.668978
0.018578416,3.3336337,5.856757,68,3.5572639
0.19338626,3.203375,5.688816,68,3.6452568
-0.024343932,3.833777200000001,6.436917,68,3.0003774
