NVMe_from_ceph,NVMe_from_transfer,NVMe_total_util,num_workers,Goodput
0.5874668000000001,3.5541945,5.9516230000000006,66,3.6209712
0.63413185,3.4219627,5.862521599999999,66,3.522138
0.6986648,3.5019655,5.946708,66,3.5400875
0.67434376,3.4525193999999995,5.92403,66,3.6233518
