NVMe_from_ceph,NVMe_from_transfer,NVMe_total_util
0.5874668,3.5541945,5.951623
0.63413185,3.4219627,5.8625216
0.6986648,3.5019655,5.946708
0.67434376,3.4525194,5.92403
