NVMe_from_ceph,NVMe_from_transfer,NVMe_total_util
0.607679,2.895815,5.1848745
1.1873698,3.4487498,5.7035656
1.5327942,3.4796815,5.990386
1.3613864,3.5001254,5.988342
