NVMe_from_ceph,NVMe_from_transfer,NVMe_total_util,num_workers,Goodput
0.607679,2.895815,5.1848745,66,3.1824255
1.1873698,3.4487498,5.703565599999999,66,3.5304458
1.5327942,3.4796815000000003,5.990386,66,3.4578013
1.3613864,3.5001254,5.9883419999999985,66,3.7048604
