NVMe_from_ceph,NVMe_from_transfer,NVMe_total_util,num_workers,Goodput
1.5097041000000002,0.61265796,1.8961315,54,0.92939246
0.22249134,0.64951205,1.8299055,54,0.8037782
0.09780258,0.6125706999999999,1.6979436999999995,54,0.7944981
0.05952350400000001,0.8591915000000001,2.2108436,54,0.86435854
