NVMe_from_ceph,NVMe_from_transfer,NVMe_total_util
1.5097041,0.61265796,1.8961315
0.22249134,0.64951205,1.8299055
0.09780258,0.6125707,1.6979437
0.059523504,0.8591915,2.2108436
