NVMe_from_ceph,NVMe_from_transfer,NVMe_total_util,num_workers,Goodput
-0.019045286,3.5132217000000003,5.971218,85,3.0996866
0.17150518,4.097308,6.447082,85,3.8889377
-0.0887555,3.8504205,6.220989,85,3.0123227
-0.048758548,4.0845814,6.337845,85,2.9747894
