NVMe_from_ceph,NVMe_from_transfer,NVMe_total_util,num_workers,Goodput
1.0938148,3.8513303,6.1461997,52,3.5804255
0.14546438,3.7357147,6.105845,52,3.715684
0.017598907,3.7333186,6.087616400000001,52,3.2681878
0.20645249,3.7413762,6.0834236,52,3.694393
