NVMe_from_ceph,NVMe_from_transfer,NVMe_total_util,num_workers,Goodput
1.057265,3.3686292,5.789662,54,3.5769918
0.24845158,3.4992242,5.8230615,54,3.4192774
0.22247827,3.5022104,5.7979655,54,3.3315017
0.14570393,3.6490803,5.921714,54,3.1054533
