NVMe_from_ceph,NVMe_from_transfer,NVMe_total_util,num_workers,Goodput
0.5130473,3.8557866,6.266661599999999,54,4.0755453
0.62639236,3.7702699,6.249802,54,3.9518032
0.6869653,3.3891150000000003,6.0390215,54,3.493278
0.38527372,3.4425704,5.9550624,54,3.3873096
