NVMe_from_ceph,NVMe_from_transfer,NVMe_total_util,num_workers,Goodput
0.9359998,0.6891491,2.0412936,54,0.8506843
0.030608995,0.70665455,2.1362658,54,0.8282304
-0.012947516,0.83574593,2.5051045,54,0.9046519
-0.018995859,0.8103170999999999,2.4117973,54,0.96120286
