NVMe_from_ceph,NVMe_from_transfer,NVMe_total_util,num_workers,Goodput
0.5254373999999999,0.52013355,1.6208774,54,0.65967304
0.07423047,0.5513023,1.6294667,54,0.6478988
0.14114693,0.5952408,1.7605598000000002,54,0.7553048
0.47587234,0.804808,2.2087255,54,0.93820095
