NVMe_from_ceph,NVMe_from_transfer,NVMe_total_util,num_workers,Goodput
0.6964788000000001,3.160929,5.8082433,68,3.5851326
0.65876746,3.0804176,5.713321700000002,68,3.567911
0.61403596,3.2747304,5.8663282,68,3.746403
0.71982175,2.7265024,5.3417654,68,3.2089674
