NVMe_from_ceph,NVMe_from_transfer,NVMe_total_util,num_workers,Goodput
1.0408765,3.7372832,6.391267299999999,53,3.7368243
0.23670301,3.3661678,5.8186293,53,3.63295
0.17559622,3.4583714,5.8958135,53,3.3979278
0.4140334,3.3839927000000003,5.865643,53,3.5341675
