NVMe_from_ceph,NVMe_from_transfer,NVMe_total_util
1.0797513,3.1933722,6.1974754
0.3223985,3.102735,5.8550897
0.4391005,3.4559433,6.12236
0.43315443,3.4758832,6.172085
