NVMe_from_ceph,NVMe_from_transfer,NVMe_total_util,num_workers,Goodput
1.0797513,3.1933722,6.1974754,54,3.4655704
0.32239850000000003,3.102735,5.8550897000000015,54,3.7578735
0.4391005,3.4559433,6.12236,54,3.4917984
0.43315443,3.4758832,6.172085,54,3.3128695
