NVMe_from_ceph,NVMe_from_transfer,NVMe_total_util
1.5171527,0.7971555,2.2963939
0.17500138,0.72046375,1.9106292
0.047437,0.5937242,1.5655608
0.15072791,0.6793435,1.8495269
