NVMe_from_ceph,NVMe_from_transfer,NVMe_total_util,num_workers,Goodput
1.5171527,0.7971555,2.2963939,54,1.0558028
0.17500138,0.72046375,1.9106292,54,0.8042802
0.047437,0.5937241999999999,1.5655608,54,0.6792434
0.15072791,0.6793435,1.8495269,54,0.8005799
