NVMe_from_ceph,NVMe_from_transfer,NVMe_total_util,num_workers,Goodput
0.91290224,3.9790828,6.3811874,66,4.0219383
0.37049472,3.6564164,6.0404315,66,3.5488348
0.3026518,3.4225135,5.9674487,66,3.481022
0.09736453,3.608331,5.980281400000001,66,3.5866756
