NVMe_from_ceph,NVMe_from_transfer,NVMe_total_util
0.62810093,2.3080792,4.6355515
1.1882873,3.0445688,5.620479
1.3108712,3.584414,6.266561
1.4675865,3.1610293,5.831002
