NVMe_from_ceph,NVMe_from_transfer,NVMe_total_util,num_workers,Goodput
0.62810093,2.3080792000000003,4.6355515,53,2.1841636
1.1882873,3.0445688,5.620479,53,3.4277458
1.3108712,3.584414,6.266561,53,4.112616
1.4675865,3.1610293,5.831002,53,3.4601848
