NVMe_from_ceph,NVMe_from_transfer,NVMe_total_util,num_workers,Goodput
0.7194715,3.0791292,5.7184954,52,3.5994558
0.64669126,3.221704,5.763213,52,3.476475
0.5046712999999999,2.8977322999999995,5.45275,52,3.2423658
0.5943611999999999,3.7073193,6.166785,52,3.7686696
