NVMe_from_ceph,NVMe_from_transfer,NVMe_total_util
0.7194715,3.0791292,5.7184954
0.64669126,3.221704,5.763213
0.5046713,2.8977323,5.45275
0.5943612,3.7073193,6.166785
