NVMe_from_ceph,NVMe_from_transfer,NVMe_total_util,num_workers,Goodput
1.1876066,0.5887836,2.0364583,54,0.7270273
0.19989936,0.98931223,2.8729713,54,1.0269898
0.16318391,0.9474483,2.7847474,54,0.9629625
0.08215869,0.9250978,2.8112187,54,0.94046485
