NVMe_from_ceph,NVMe_from_transfer,NVMe_total_util,num_workers,Goodput
0.9968839,4.680943,7.0053096,69,4.615844
0.15945458,3.7630455,6.255439,69,3.6386163
0.5122541,4.2628675000000005,6.668374000000001,69,4.2008166
0.01865292,3.9723597,6.3466573,69,3.0017931
