NVMe_from_ceph,NVMe_from_transfer,NVMe_total_util,num_workers,Goodput
0.44487053,3.6871374,6.043318,69,3.5896087
1.371518,3.2003703,5.7553269999999985,69,3.537502
1.5709419,4.7483883,7.255503,69,4.2474146
1.6532688999999998,3.9370828,6.4429965,69,3.803048
