NVMe_from_ceph,NVMe_from_transfer,NVMe_total_util
0.44487053,3.6871374,6.043318
1.371518,3.2003703,5.755327
1.5709419,4.7483883,7.255503
1.6532689,3.9370828,6.4429965
