NVMe_from_ceph,NVMe_from_transfer,NVMe_total_util,num_workers,Goodput
0.69996196,4.8772054,7.3270607,85,3.7848487
0.709951,5.420368700000001,7.7070880000000015,85,3.795632
0.38847962,4.791953,7.312483,85,3.837336
0.48152554,3.6168492,6.1234384,85,3.570855
