NVMe_from_ceph,NVMe_from_transfer,NVMe_total_util
0.69996196,4.8772054,7.3270607
0.709951,5.4203687,7.707088
0.38847962,4.791953,7.312483
0.48152554,3.6168492,6.1234384
