CPU,CPU_count,Goodput,Memory_total,Memory_used,NIC_speed,NVMe_from_ceph,NVMe_from_transfer,NVMe_total_util,Storage_count,network_throughput,num_workers
1.1956104978359021,16.0,0.0,34359738368.0,118116352.0,100000000000.0,0.0,1819602.0360944008,0.015138494084827633,8.0,1235891.4523699344,80.0
3.0655550326006598,16.0,334015146.6666667,34359738368.0,247959552.0,100000000000.0,105893979.15686144,942422044.77913,2.3102265850841746,8.0,932213166.1399852,80.0
3.604000000003726,16.0,900221550.7700512,34359738368.0,247959552.0,100000000000.0,134217728.0,1018888192.0,3.0565333333351496,8.0,1021902450.3333334,80.0
3.1693333333047726,16.0,960050616.3589096,34359738368.0,578920448.0,100000000000.0,134219912.53333333,906758826.6666666,2.846066666666108,8.0,903884091.0,80.0
3.09399999997889,16.0,935816252.2834855,34359738368.0,578920448.0,100000000000.0,134217728.0,892626534.4,2.802799999997175,8.0,912581368.9333333,80.0
3.033333333333333,16.0,717011865.6000001,34359738368.0,579158016.0,100000000000.0,44813516.800000004,792793087.9999999,2.423600000003353,8.0,786955642.4666667,80.0
2.4613333333594105,16.0,799645969.0666666,34359738368.0,575463424.0,100000000000.0,19922944.0,566259712.0,1.7127333333347146,8.0,570851934.7333333,80.0
2.9440000000099342,16.0,711855274.6666666,34359738368.0,575463424.0,100000000000.0,19927313.066666666,848449262.9333334,2.472533333330648,8.0,858939330.8666667,80.0
2.726666666598369,16.0,684517512.5333333,34359738368.0,575463424.0,100000000000.0,19922944.0,736310067.2,2.243533333336624,8.0,745272952.3333334,80.0
