NVMe_from_ceph,NVMe_from_transfer,NVMe_total_util,CPU,Goodput,Memory_used,NIC_speed,network_throughput,CPU_count,Memory_total,Storage_count,num_workers
0.0,0.0,0.0,0.18999999985098814,425922560.0,4200452096.0,100000000000.0,983.2,16.0,34359740000.0,8.0,30.0
134217728.0,3789434060.8,7.747199999995065,10.413999999873342,3216614195.2000003,4230197248.0,100000000000.0,3789301134.2,16.0,34359740000.0,8.0,30.0
134217728.0,2567095910.3999996,6.967999999999302,7.463999999966473,2576974643.2,4252549120.0,100000000000.0,2572482066.6,16.0,34359740000.0,8.0,30.0
134217728.0,3396639948.7999997,7.370400000001246,9.521999999694525,4352925696.000001,4232286208.0,100000000000.0,3416291223.2,16.0,34359740000.0,8.0,30.0
134217728.0,4354524774.4,7.683200000000943,12.26599999992177,4315566899.2,4232183808.0,100000000000.0,4360064245.6,16.0,34359740000.0,8.0,30.0
19922944.0,4442406912.0,7.566400000001886,12.34000000031665,4143692185.6,4232699904.0,100000000000.0,4449214908.0,16.0,34359740000.0,8.0,30.0
19922944.0,4130593177.6,7.536800000001676,11.875999999791384,3888108339.2,4254281728.0,100000000000.0,4136516591.6,16.0,34359740000.0,8.0,30.0
19936051.2,4266437836.8,7.528800000001501,12.001999999582766,4256646758.399999,4233592832.0,100000000000.0,4271781906.4,16.0,34359740000.0,8.0,30.0
19922943.999999996,4214294937.600001,7.6080000000016295,11.801999999955296,3907009740.7999997,4231962624.0,100000000000.0,4222248764.2,16.0,34359740000.0,8.0,30.0
