NVMe_from_ceph,NVMe_from_transfer,NVMe_total_util,num_workers,Goodput
1.6001846000000002,0.4279723,1.5318704,54,0.39934027
0.068561316,0.6298113000000001,1.7264732,54,0.8191947
-0.048567727000000005,0.5526916999999999,1.503067,54,0.6080456
-0.061601933,0.39241672,1.20381,54,0.30941364
