NVMe_from_ceph,NVMe_from_transfer,NVMe_total_util
1.6001846,0.4279723,1.5318704
0.068561316,0.6298113,1.7264732
-0.048567727,0.5526917,1.503067
-0.061601933,0.39241672,1.20381
