NVMe_from_ceph,NVMe_from_transfer,NVMe_total_util
0.4650299,2.4397674,4.691801
1.0910931,3.0119658,5.6299214
1.3494334,3.035761,5.589701
1.4029042,3.006835,5.5225453
