NVMe_from_ceph,NVMe_from_transfer,NVMe_total_util,num_workers,Goodput
0.4650299,2.4397674,4.691801,69,2.7047727
1.0910931,3.0119658,5.6299214000000015,69,3.5995722
1.3494334,3.035761,5.589701,69,3.7862642
1.4029042,3.006835,5.5225453,69,3.5582078
