NVMe_from_ceph,NVMe_from_transfer,NVMe_total_util,num_workers,Goodput
0.72780037,3.7134752,6.014506,85,3.5730743
0.6211281,4.2126655999999985,6.493353400000001,85,4.1133804
0.71243376,3.1984546000000003,5.5302753,85,3.2848728
0.49931672,3.8523884,6.274665,85,3.7769244
