NVMe_from_ceph,NVMe_from_transfer,NVMe_total_util
0.72780037,3.7134752,6.014506
0.6211281,4.2126656,6.4933534
0.71243376,3.1984546,5.5302753
0.49931672,3.8523884,6.274665
