NVMe_from_ceph,NVMe_from_transfer,NVMe_total_util,num_workers,Goodput
0.83983916,0.9354075,2.855503,54,0.93934685
0.14963633,0.975295,2.9097395,54,1.00201
0.19451709,0.9623002,2.8679595,54,1.0094929
0.20354882,0.97714776,2.9073849,54,1.0184677
