NVMe_from_ceph,NVMe_from_transfer,NVMe_total_util
0.83983916,0.9354075,2.855503
0.14963633,0.975295,2.9097395
0.19451709,0.9623002,2.8679595
0.20354882,0.97714776,2.9073849
