NVMe_from_ceph,NVMe_from_transfer,NVMe_total_util,num_workers,Goodput
0.5706539,3.802361,6.432979,54,3.9605536
0.56832695,3.1801832,5.990342,54,3.540364
0.41743913,3.8591752,6.4988265,54,4.1784554
0.6069004,3.2088330000000003,6.050371599999999,54,3.6360555
