NVMe_from_ceph,NVMe_from_transfer,NVMe_total_util
0.4554675,3.713727,6.1349244
0.5127698,3.3120139,5.8078547
0.3603031,3.432605,5.8687468
0.35473785,3.757754,6.1160364
