NVMe_from_ceph,NVMe_from_transfer,NVMe_total_util,num_workers,Goodput
0.4554675,3.713727,6.134924400000001,52,3.57457
0.5127698,3.3120139,5.8078547,52,3.5459952
0.3603031,3.432605,5.8687468,52,3.42154
0.35473785,3.757754,6.1160364000000005,52,3.8401246
