NVMe_from_ceph,NVMe_from_transfer,NVMe_total_util,num_workers,Goodput
0.52467114,2.9013534,5.6115010000000005,65,3.385115
-0.17782657,3.2665450000000003,5.833831299999999,65,3.68171
-0.07740795,3.700744,6.277903599999999,65,3.1826
0.0071542659999999985,3.5521796,6.1096463,65,3.3242307
