NVMe_from_ceph,NVMe_from_transfer,NVMe_total_util
0.52467114,2.9013534,5.611501
-0.17782657,3.266545,5.8338313
-0.07740795,3.700744,6.2779036
0.007154266,3.5521796,6.1096463
