NVMe_from_ceph,NVMe_from_transfer,NVMe_total_util,num_workers,Goodput
1.2702273000000002,0.6240285,1.7798881999999998,54,0.8118293
0.10341289,0.6948310999999999,1.8675954,54,0.81376684
0.009512531,0.6600685000000001,1.6660115000000002,54,0.76783967
0.06316636,0.76559365,2.0110145,54,0.85254854
