NVMe_from_ceph,NVMe_from_transfer,NVMe_total_util
1.2702273,0.6240285,1.7798882
0.10341289,0.6948311,1.8675954
0.009512531,0.6600685,1.6660115
0.06316636,0.76559365,2.0110145
