NVMe_from_ceph,NVMe_from_transfer,NVMe_total_util,num_workers,Goodput
1.0466975,4.558860299999999,6.8842463,69,4.0638394
0.69713885,3.8821838,6.400094,69,3.9120038
0.11334124,3.9389176,6.2222433,69,3.8254247
0.25269118,3.6170259,5.9746914,69,3.5294795
