NVMe_from_ceph,NVMe_from_transfer,NVMe_total_util
0.5703736,2.4648788,4.7023487
1.1832355,1.9900504,4.3477755
1.3347598,4.06792,6.47521
1.4160063,3.330747,5.8388233
