NVMe_from_ceph,NVMe_from_transfer,NVMe_total_util,num_workers,Goodput
0.5703736,2.4648788,4.7023487,69,2.6535583
1.1832355,1.9900504,4.3477755,69,2.3808653
1.3347598,4.06792,6.47521,69,4.2102757
1.4160063,3.330747,5.8388233,69,3.3019984
