NVMe_from_ceph,NVMe_from_transfer,NVMe_total_util
0.7045198,3.7441158,6.0798078
0.7588156,3.6239676,5.918545
0.4652835,3.7162075,6.018834
0.3696066,3.5086071,5.8292894
