NVMe_from_ceph,NVMe_from_transfer,NVMe_total_util,num_workers,Goodput
0.7045198,3.7441158,6.0798078,52,3.8387241
0.7588156,3.6239676,5.918545,52,3.2827506
0.4652835,3.7162075,6.018834,52,3.5839133
0.3696066,3.5086071000000003,5.8292894,52,3.4134998
