CPU,CPU_count,Goodput,Memory_total,Memory_used,NIC_speed,NVMe_from_ceph,NVMe_from_transfer,NVMe_total_util,Storage_count,network_throughput,num_workers
1.3433333333271245,16.0,47554.81417228264,34359738368.0,86073344.0,100000000000.0,1092.2666666666667,1835008.0,0.016333333329142382,8.0,1086016.8,20.0
2.922000000004967,16.0,848663567.4955003,34359738368.0,86073344.0,100000000000.0,34393292.800000004,372205977.59999996,0.9938000000004346,8.0,374518666.6,20.0
3.4886666666716333,16.0,882389708.8,34359738368.0,543412224.0,100000000000.0,134219912.53333333,944882483.2,2.467200000003989,8.0,948083203.0666667,20.0
2.709333333342025,16.0,771072000.0,34359738368.0,543412224.0,100000000000.0,134217728.0,763806788.2666668,2.1559999999978268,8.0,771550258.2666667,20.0
2.7493333333171908,16.0,800473887.5925062,34359738368.0,540315648.0,100000000000.0,134222097.06666666,765241753.6,2.094466666667722,8.0,767099665.7333333,20.0
2.904666666686535,16.0,794184362.6666667,34359738368.0,540315648.0,100000000000.0,104927505.06666666,864916821.3333334,2.365733333331688,8.0,872178340.7333333,20.0
2.6893333333233986,16.0,765755507.4995,34359738368.0,543047680.0,100000000000.0,19997218.133333333,787206417.0666666,1.8054000000023127,8.0,793801234.2666667,20.0
2.482643747112385,16.0,596126378.6666666,34359738368.0,543768576.0,100000000000.0,19910997.401559062,692741151.0427077,1.5468052501822769,8.0,692265074.1555067,20.0
2.330598358969436,16.0,649929536.6357757,34359738368.0,543768576.0,100000000000.0,19869329.597758655,527899288.90667737,1.4487359082111588,8.0,531762247.48182243,20.0
