NVMe_from_ceph,NVMe_from_transfer,NVMe_total_util,num_workers,Goodput
0.8612316999999999,2.9544604,5.4760866,65,3.4511275
1.3223281,2.7295852000000003,5.4442687,65,3.5031223
1.4012492,3.4012910000000005,6.171341,65,3.8548696
1.4643753000000002,3.488538,6.1596665,65,3.5997548
