NVMe_from_ceph,NVMe_from_transfer,NVMe_total_util
0.8612317,2.9544604,5.4760866
1.3223281,2.7295852,5.4442687
1.4012492,3.401291,6.171341
1.4643753,3.488538,6.1596665
