NVMe_from_ceph,NVMe_from_transfer,NVMe_total_util
0.62791735,3.3522806,5.997702
0.76298636,3.034632,5.5651946
0.46183452,3.1145077,5.6504974
0.42277706,3.039642,5.486791
