NVMe_from_ceph,NVMe_from_transfer,NVMe_total_util,num_workers,Goodput
0.62791735,3.3522806000000003,5.9977019999999985,66,3.7114718
0.76298636,3.034632,5.5651946,66,3.557193
0.46183452,3.1145077000000003,5.6504974,66,3.6270452
0.42277706,3.039642,5.486791,66,3.3223171
