NVMe_from_ceph,NVMe_from_transfer,NVMe_total_util,num_workers,Goodput
0.90021604,4.2213699999999985,6.5150943,69,4.2140856
0.48536384,3.0961537,5.729751599999998,69,3.6203954
0.34504759999999995,3.5162082000000003,6.0473370000000015,69,3.5695038
0.64973587,3.9941518,6.3455377,69,3.823411
