NVMe_from_ceph,NVMe_from_transfer,NVMe_total_util
0.90021604,4.22137,6.5150943
0.48536384,3.0961537,5.7297516
0.3450476,3.5162082,6.047337
0.64973587,3.9941518,6.3455377
