NVMe_from_ceph,NVMe_from_transfer,NVMe_total_util,num_workers,Goodput
1.0180644,3.9687893,6.2004857000000015,62,3.7523398
0.25367117,3.3037050000000003,5.367941,62,3.5630374
0.49695414,3.263891,5.500831,62,3.4077146
0.3660008,3.3706868,5.534342,62,3.2998092
