NVMe_from_ceph,NVMe_from_transfer,NVMe_total_util
1.0180644,3.9687893,6.2004857
0.25367117,3.303705,5.367941
0.49695414,3.263891,5.500831
0.3660008,3.3706868,5.534342
