NVMe_from_ceph,NVMe_from_transfer,NVMe_total_util
0.011181144,3.955719,6.3715415
-0.11709393,4.244104,6.6252365
-0.14197476,4.2109275,6.5363398
0.042993885,4.330902,6.6097016
