NVMe_from_ceph,NVMe_from_transfer,NVMe_total_util,num_workers,Goodput
0.011181144,3.955719,6.3715415,85,2.9980507
-0.11709393,4.244104,6.6252365000000015,85,3.453684
-0.14197476,4.2109275,6.5363398,85,3.4489455
0.042993885,4.330902,6.6097016,85,3.5013978
