NVMe_from_ceph,NVMe_from_transfer,NVMe_total_util,num_workers,Goodput
0.5667913,0.83438104,2.674732,54,0.9355856
0.04731671,0.90205467,2.8047144,54,0.9488215
0.08535244,0.9131674,2.827839,54,0.94149023
0.053098686,0.8876065999999999,2.7701392000000005,54,0.92545336
