NVMe_from_ceph,NVMe_from_transfer,NVMe_total_util
0.57353777,3.5282652,6.092816
0.6527252,3.2146375,5.8792896
0.5836288,3.176679,5.856252
0.53896224,3.032113,5.723903
