NVMe_from_ceph,NVMe_from_transfer,NVMe_total_util,num_workers,Goodput
0.57353777,3.5282652000000003,6.092816,66,3.737337
0.6527251999999999,3.2146375,5.879289599999999,66,3.5704236
0.5836288000000001,3.176679,5.856252,66,3.519927
0.53896224,3.0321130000000003,5.723903,66,3.5519838
