NVMe_from_ceph,NVMe_from_transfer,NVMe_total_util,num_workers,Goodput
0.6167784000000001,3.4509013,5.7236786,68,3.6706283
0.36451235,3.3545911,5.6444254,68,3.5004036
0.31957529999999995,3.4973943,5.7766128,68,3.4861891
0.39434674,3.640982,5.892576999999998,68,3.4057226
