CPU,CPU_count,Goodput,Memory_total,Memory_used,NIC_speed,NVMe_from_ceph,NVMe_from_transfer,NVMe_total_util,Storage_count,network_throughput,num_workers
1.2593333333109817,16.0,157661.86666666667,34359738368.0,48930816.0,100000000000.0,1092.2666666666667,1843746.1333333333,0.016733333330679064,8.0,1779676.5333333334,60.0
2.4773333333432674,16.0,1227534353.9316382,34359738368.0,498479104.0,100000000000.0,51310318.93333334,647616921.6,1.5225333333325883,8.0,649107687.2666667,60.0
3.2353333333507175,16.0,1055197047.4666667,34359738368.0,498479104.0,100000000000.0,134219912.53333333,1102089420.8,2.635000000003492,8.0,1085097201.4,60.0
3.4953333333445094,16.0,773003946.6666667,34359738368.0,498479104.0,100000000000.0,134252680.53333333,986465894.4,2.860733333332852,8.0,1092209063.0,60.0
3.1473333333618934,16.0,836733883.7333335,34359738368.0,499363840.0,100000000000.0,134328046.93333334,741116586.6666667,2.546466666663764,8.0,812355634.4,60.0
3.43466666660582,16.0,836733883.7333335,34359738368.0,500654080.0,100000000000.0,90387251.2,954341512.5333335,2.9017333333361117,8.0,1007659322.1333333,60.0
3.228666666708887,16.0,917631512.50207,34359738368.0,500654080.0,100000000000.0,19927313.06666667,803948680.5333334,2.4321333333306634,8.0,963942189.5333333,60.0
2.8040000000037253,16.0,715824093.8666668,34359738368.0,500654080.0,100000000000.0,19922944.0,752890675.1999998,1.9824666666701283,8.0,817150027.2666667,60.0
2.7886666666405895,16.0,778422135.4666666,34359738368.0,497807360.0,100000000000.0,19927313.066666666,743884117.3333333,2.115999999997439,8.0,763492631.8666667,60.0
