CPU,CPU_count,Goodput,Memory_total,Memory_used,NIC_speed,NVMe_from_ceph,NVMe_from_transfer,NVMe_total_util,Storage_count,network_throughput,num_workers
1.2213333333532015,16.0,0.0,34359738368.0,120143872.0,100000000000.0,0.0,1590340.2666666668,0.013266666664276273,8.0,1967020.8666666667,70.0
2.4666666666356223,16.0,889195632.2911805,34359738368.0,120143872.0,100000000000.0,43555225.6,711416217.6,1.4634000000039424,8.0,682242143.5333333,70.0
2.7386666667026778,16.0,773614559.029398,34359738368.0,120143872.0,100000000000.0,134217728.0,741324663.4666667,2.1665999999968335,8.0,766014745.1333333,70.0
2.8246666666120293,16.0,684749441.7922391,34359738368.0,577921024.0,100000000000.0,134222097.06666666,680523366.4000001,2.2488666666691035,8.0,684368716.8666667,70.0
2.898666666696469,16.0,830064776.5333333,34359738368.0,580329472.0,100000000000.0,134217728.0,754718037.3333334,2.4494000000006055,8.0,771243102.8666667,70.0
2.9199999999875823,16.0,729772817.0666666,34359738368.0,580329472.0,100000000000.0,97172411.73333332,757624012.8,2.3773333333316256,8.0,748119690.2,70.0
2.9566999405320558,16.0,789875960.2693155,34359738368.0,580329472.0,100000000000.0,19894315.594632115,825817990.0839558,2.4718714880672006,8.0,815972670.9856547,70.0
3.0803469373770485,16.0,851324620.8,34359738368.0,578928640.0,100000000000.0,19956467.693135213,811696495.9322262,2.551401869161822,8.0,832809100.3160089,70.0
6.392666666706402,16.0,901431316.7544502,34359738368.0,578928640.0,100000000000.0,19922944.0,865598122.6666667,2.7421333333341558,8.0,875240334.6,70.0
