NVMe_from_ceph,NVMe_from_transfer,NVMe_total_util,num_workers,Goodput
0.43976584,0.58073723,1.620556,54,0.6619551
0.08787276599999999,0.68449044,1.8100536,54,0.78298247
0.06275349,0.71773154,1.9051011,54,0.80177766
0.24051286,0.7331024,1.9501611,54,0.85543084
