NVMe_from_ceph,NVMe_from_transfer,NVMe_total_util
0.71680075,4.6514773,7.137773
0.2245953,4.1218286,6.5212855
0.22942217,4.2170634,6.642174
0.33341134,3.6786637,6.145127
