NVMe_from_ceph,NVMe_from_transfer,NVMe_total_util,num_workers,Goodput
0.71680075,4.6514773,7.137772999999998,58,4.54813
0.2245953,4.1218286,6.5212855,58,3.808231
0.22942217,4.217063400000002,6.642174000000002,58,3.8357956
0.33341134,3.6786637,6.145127,58,3.5942342
