NVMe_from_ceph,NVMe_from_transfer,NVMe_total_util,num_workers,Goodput
0.7126429,3.9990435,6.574953599999999,66,4.2157736
0.78697664,3.5420144,6.1725483,66,3.8508062
0.2943255,3.6232033,6.2891545,66,3.6192315
0.506081,3.1725922000000004,5.876517,66,3.5734415
