NVMe_from_ceph,NVMe_from_transfer,NVMe_total_util
0.7126429,3.9990435,6.5749536
0.78697664,3.5420144,6.1725483
0.2943255,3.6232033,6.2891545
0.506081,3.1725922,5.876517
