CPU,CPU_count,Goodput,Memory_total,Memory_used,NIC_speed,NVMe_from_ceph,NVMe_from_transfer,NVMe_total_util,Storage_count,network_throughput,num_workers
1.1749733475057766,16.0,2218.6666666666665,34359738368.0,131588096.0,100000000000.0,0.0,1668093.81663113,0.015258528780242277,8.0,944524.3203624734,70.0
2.9649789874558037,16.0,380857083.0392222,34359738368.0,140349440.0,100000000000.0,98487610.96657996,932707370.5556669,2.2430124741530992,8.0,908588238.4097126,70.0
2.822000000004967,16.0,853094618.7011946,34359738368.0,140349440.0,100000000000.0,134147822.93333334,713439914.6666666,2.25,8.0,736782516.6,70.0
2.8350109992369146,16.0,708628480.0,34359738368.0,580534272.0,100000000000.0,134213149.52336508,714357308.4461036,2.349443370442374,8.0,719050922.1385242,70.0
2.9332275551943416,16.0,815144880.8317782,34359738368.0,580534272.0,100000000000.0,134208854.68729341,839003832.3416634,2.476662699986747,8.0,833418031.4689938,70.0
3.232972500510531,16.0,728718988.5302747,34359738368.0,580026368.0,100000000000.0,49778806.696698725,944213786.5931554,2.804141733344631,8.0,964849502.3196397,70.0
3.1399999999751644,16.0,973149013.3333333,34359738368.0,580026368.0,100000000000.0,19922944.0,905523200.0,2.658533333327311,8.0,916698628.2666667,70.0
3.1793333333606526,16.0,886344801.5465637,34359738368.0,579166208.0,100000000000.0,19927313.066666666,935292381.8666667,2.7216666666713234,8.0,930287414.9333333,70.0
3.2733333333395422,16.0,952166628.7085805,34359738368.0,579166208.0,100000000000.0,19922944.0,999830869.3333334,2.912799999998727,8.0,1003718383.1333333,70.0
