CPU,CPU_count,Goodput,Memory_total,Memory_used,NIC_speed,NVMe_from_ceph,NVMe_from_transfer,NVMe_total_util,Storage_count,network_throughput,num_workers
1.2766666666294137,16.0,0.0,34359738368.0,134258688.0,100000000000.0,0.0,1415577.5999999999,0.012199999999332554,8.0,1209662.6666666667,60.0
2.19399999997889,16.0,799257165.9876463,34359738368.0,134258688.0,100000000000.0,34365986.13333333,603839692.8,1.0630666666664186,8.0,566507095.7333333,60.0
3.1440000000409785,16.0,1025743356.0170467,34359738368.0,591720448.0,100000000000.0,134112870.4,977596689.0666666,2.5793333333315482,8.0,1008984351.0666667,60.0
2.9626666666629413,16.0,861491049.9533769,34359738368.0,591720448.0,100000000000.0,135178922.6666667,833424588.8,2.417400000001847,8.0,839122135.5333333,60.0
3.382666666650523,16.0,1038655431.9652988,34359738368.0,592154624.0,100000000000.0,134357538.13333333,1186630041.6,2.8512666666686224,8.0,1181726217.8666666,60.0
3.9953333333755534,16.0,1038655431.9652988,34359738368.0,592154624.0,100000000000.0,104896921.6,542816392.5333332,1.7565999999952813,8.0,6411118389.6,60.0
3.7099999999317035,16.0,735203818.150148,34359738368.0,591663104.0,100000000000.0,19922944.0,788131293.8666668,2.2400666666721616,8.0,4065790608.9333334,60.0
2.932666666681568,16.0,888801960.6640443,34359738368.0,591663104.0,100000000000.0,19968819.2,854621661.8666668,2.355200000000574,8.0,848236762.6666666,60.0
3.0566666667039195,16.0,888801960.6640443,34359738368.0,591355904.0,100000000000.0,19922944.0,904795477.3333334,2.4849333333278385,8.0,926222435.1333333,60.0
