CPU,CPU_count,Goodput,Memory_total,Memory_used,NIC_speed,NVMe_from_ceph,NVMe_from_transfer,NVMe_total_util,Storage_count,network_throughput,num_workers
2.5736950869693658,16.0,148762.98419894662,34359738368.0,119443456.0,100000000000.0,2184.3877074861675,1677609.7593493764,0.01553229784536676,8.0,4560360602.159856,80.0
2.528301886834676,16.0,1040708403.1999999,34359738368.0,135319552.0,100000000000.0,48866899.39329288,768015429.2952862,1.5895726381761577,8.0,739753438.4292285,80.0
3.2253333333569265,16.0,755019874.9424077,34359738368.0,135319552.0,100000000000.0,134222097.06666666,925404364.8,2.9331333333374157,8.0,942830573.0666667,80.0
2.874666666643073,16.0,888314854.0978078,34359738368.0,581615616.0,100000000000.0,134357538.13333333,751362048.0000001,2.4326666666621652,8.0,758769664.5333333,80.0
3.1646666666182375,16.0,945253292.7513016,34359738368.0,581615616.0,100000000000.0,134082286.93333334,913716292.2666667,2.772600000002422,8.0,917379909.0,80.0
3.168666666653007,16.0,901724023.4666668,34359738368.0,583426048.0,100000000000.0,92624213.33333333,884005000.5333334,2.6818666666649134,8.0,896102585.2666667,80.0
2.821678554813924,16.0,628663637.3333334,34359738368.0,584060928.0,100000000000.0,19925984.667688824,759839537.0975269,2.2530497966789333,8.0,772928714.6190255,80.0
2.5603040202779526,16.0,729239746.6835545,34359738368.0,584060928.0,100000000000.0,19924272.284818985,647234905.7937196,1.8415894392942143,8.0,639090621.5747716,80.0
2.7570161989262805,16.0,782296948.8632575,34359738368.0,584060928.0,100000000000.0,19925984.667688824,730892850.3433105,2.2117858809473394,8.0,745789136.590894,80.0
