CPU,CPU_count,Goodput,Memory_total,Memory_used,NIC_speed,NVMe_from_ceph,NVMe_from_transfer,NVMe_total_util,Storage_count,network_throughput,num_workers
1.252000000017385,16.0,256462.0104674246,34359738368.0,56651776.0,100000000000.0,0.0,1415577.5999999999,0.012533333334916583,8.0,1579326.5333333334,90.0
2.599333333348235,16.0,72578312.6875125,34359738368.0,56651776.0,100000000000.0,83331208.53333335,734702523.7333333,1.74659999999955,8.0,710887428.0666667,90.0
3.1606666666455565,16.0,832962082.1333334,34359738368.0,518746112.0,100000000000.0,134077917.86666667,924410948.2666667,2.818999999998292,8.0,935897493.8,90.0
2.8073333333867296,16.0,900724872.5333333,34359738368.0,515248128.0,100000000000.0,134222097.06666666,718808951.4666667,2.315000000002328,8.0,705024077.5333333,90.0
2.9373333332749705,16.0,712405342.645133,34359738368.0,515248128.0,100000000000.0,134217728.0,771009194.6666667,2.6258666666651456,8.0,801971194.6666666,90.0
2.7993333333482346,16.0,605715300.8910213,34359738368.0,515248128.0,100000000000.0,63408264.53333332,698207436.8,2.114533333334839,8.0,680464890.4666667,90.0
3.0253333333258827,16.0,802560170.6666667,34359738368.0,519217152.0,100000000000.0,19922944.0,849255355.7333333,2.6448666666673186,8.0,868727408.2,90.0
2.534000000047187,16.0,844806412.7914724,34359738368.0,519217152.0,100000000000.0,19927313.066666666,574692556.8000001,1.7666666666647264,8.0,592291640.3333334,90.0
3.3028183089525402,16.0,696697595.7304869,34359738368.0,519217152.0,100000000000.0,19910997.401559062,931112577.2536477,2.706242920915235,8.0,929873178.6261576,90.0
