NVMe_from_ceph,NVMe_from_transfer,NVMe_total_util
0.39339367,0.6913155,1.9508924
0.1830679,0.7108994,1.969507
0.25878337,0.7101042,1.9687444
0.72032,0.8727403,2.4039443
