NVMe_from_ceph,NVMe_from_transfer,NVMe_total_util,num_workers,Goodput
0.39339367,0.6913155,1.9508924,54,0.84547055
0.1830679,0.7108994000000001,1.969507,54,0.80829626
0.25878337,0.7101042,1.9687444,54,0.8255385
0.72032,0.8727403,2.4039443,54,0.9877161
