NVMe_from_ceph,NVMe_from_transfer,NVMe_total_util,num_workers,Goodput
0.7127941999999999,4.306568,6.8368497,85,4.169132
0.8217004000000001,3.130734,6.0546690000000005,85,3.5946846
0.30761066,3.6092286,6.1547403,85,3.482559
0.192908,4.1064663,6.5506015,85,4.0513144
