NVMe_from_ceph,NVMe_from_transfer,NVMe_total_util
0.7127942,4.306568,6.8368497
0.8217004,3.130734,6.054669
0.30761066,3.6092286,6.1547403
0.192908,4.1064663,6.5506015
