NVMe_from_ceph,NVMe_from_transfer,NVMe_total_util,num_workers,Goodput
0.9015426,2.2379367,4.621846700000001,64,2.3513637
1.4658323999999998,1.7233359,4.114459,64,1.19009
1.4397415,2.6384299,5.228733,64,3.2043366
1.7180540000000002,2.929856,5.5587106,64,3.5665364
