NVMe_from_ceph,NVMe_from_transfer,NVMe_total_util
0.9015426,2.2379367,4.6218467
1.4658324,1.7233359,4.114459
1.4397415,2.6384299,5.228733
1.718054,2.929856,5.5587106
