NVMe_from_ceph,NVMe_from_transfer,NVMe_total_util,num_workers,Goodput
0.8568226999999999,3.927533,6.4162235,53,3.9801586
-0.33373590000000003,3.944728,6.2994080000000015,53,3.2591352
0.07859021,3.5780292,5.948153,53,3.2764425
0.27792335,3.4058650000000004,5.8823266,53,3.5468798
