NVMe_from_ceph,NVMe_from_transfer,NVMe_total_util
0.8568227,3.927533,6.4162235
-0.3337359,3.944728,6.299408
0.07859021,3.5780292,5.948153
0.27792335,3.405865,5.8823266
