NVMe_from_ceph,NVMe_from_transfer,NVMe_total_util,num_workers,Goodput
0.75712717,4.46309,6.5925746,69,4.417055
0.75938904,3.4846785,5.8046145,69,3.5886972
0.32639065,4.06682,6.4648957000000005,69,3.981943
0.5017563,3.6891022000000007,5.9548087,69,3.6842237
