NVMe_from_ceph,NVMe_from_transfer,NVMe_total_util
0.75712717,4.46309,6.5925746
0.75938904,3.4846785,5.8046145
0.32639065,4.06682,6.4648957
0.5017563,3.6891022,5.9548087
