CPU,CPU_count,Goodput,Memory_total,Memory_used,NIC_speed,NVMe_from_ceph,NVMe_from_transfer,NVMe_total_util,Storage_count,network_throughput,num_workers
1.275167785253651,16.0,0.0,34359738368.0,110546944.0,100000000000.0,2199.1946308724832,1504249.1275167784,0.01382550335412645,8.0,874307.6510067114,30.0
1.6459999999652304,16.0,751411493.5662377,34359738368.0,110546944.0,100000000000.0,23837627.73333333,313341542.40000004,0.6211333333320604,8.0,313547838.1333333,30.0
3.064000000059605,16.0,901621590.0273316,34359738368.0,571809792.0,100000000000.0,134152192.0,947622707.1999999,2.553733333334094,8.0,930836569.3333334,30.0
2.5586666665971283,16.0,667137263.0175345,34359738368.0,571809792.0,100000000000.0,134217728.0,713028676.2666667,2.094333333335817,8.0,741362999.7333333,30.0
2.5466666666790845,16.0,776531694.9333333,34359738368.0,567758848.0,100000000000.0,134222097.06666666,717442252.8,1.9845333333321227,8.0,706332780.7333333,30.0
2.96133333335941,16.0,763770879.9999999,34359738368.0,567758848.0,100000000000.0,114015163.73333332,838636066.1333333,2.5700666666632364,8.0,849835501.2,30.0
2.785014332379083,16.0,1046431204.319712,34359738368.0,565522432.0,100000000000.0,19925984.667688824,806488774.8816745,2.045463635760115,8.0,812646531.4312379,30.0
3.217681178746492,16.0,980678635.1090072,34359738368.0,565522432.0,100000000000.0,19924272.28481899,1082078871.391426,2.700980065340763,8.0,1080878411.5607708,30.0
3.120666666639347,16.0,1097862885.9409373,34359738368.0,569982976.0,100000000000.0,19927313.066666666,992148957.8666666,2.5763999999985874,8.0,1013773785.8666667,30.0
