CPU,CPU_count,Goodput,Memory_total,Memory_used,NIC_speed,NVMe_from_ceph,NVMe_from_transfer,NVMe_total_util,Storage_count,network_throughput,num_workers
1.218421402876845,16.0,0.0,34359738368.0,67125248.0,100000000000.0,0.0,1823109.80966325,0.014907493678725608,8.0,750531.1460135764,40.0
1.8622854471444024,16.0,817360384.0000001,34359738368.0,529965056.0,100000000000.0,50004444.26634609,418893348.8278902,0.992119147798128,8.0,414789997.6624591,40.0
2.6833333333333327,16.0,657593536.4309047,34359738368.0,529965056.0,100000000000.0,134217728.0,745876684.8,2.2207333333344046,8.0,747973239.0,40.0
2.892412231004519,16.0,866946446.2942,34359738368.0,529965056.0,100000000000.0,134191410.56558523,824711086.0035975,2.652521484245554,8.0,832393999.0673506,40.0
3.1554369579955908,16.0,729602802.2960888,34359738368.0,528510976.0,100000000000.0,134237314.47631755,941761391.8612407,2.8426951300863053,8.0,934244406.0040027,40.0
2.7183145543210068,16.0,908184166.4,34359738368.0,523243520.0,100000000000.0,91752147.7431829,750459349.0232682,2.3272218147888015,8.0,772971798.5199013,40.0
2.9053333333383007,16.0,884847411.1999999,34359738368.0,523243520.0,100000000000.0,19922944.0,863367987.2,2.2298666666688707,8.0,847117567.1333333,40.0
2.7560000000211105,16.0,759554013.8666666,34359738368.0,523243520.0,100000000000.0,19962265.6,800579310.9333335,2.0968666666633604,8.0,828306237.8,40.0
2.596666666616996,16.0,925686988.8000001,34359738368.0,521895936.0,100000000000.0,19922944.0,782195370.6666667,1.7153333333320915,8.0,783169276.6,40.0
