CPU,CPU_count,Goodput,Memory_total,Memory_used,NIC_speed,NVMe_from_ceph,NVMe_from_transfer,NVMe_total_util,Storage_count,network_throughput,num_workers
1.2633333333147068,16.0,0.0,34359738368.0,26902528.0,100000000000.0,0.0,1590340.2666666668,0.012733333330834285,8.0,1090906.8,60.0
1.227366050684959,16.0,286121437.8666667,34359738368.0,490213376.0,100000000000.0,0.0,1909784.7539572155,0.016424928802723133,8.0,1180776.210345056,60.0
2.8782124404432325,16.0,675246017.1988535,34359738368.0,496201728.0,100000000000.0,111028177.41394351,879134954.3045024,2.2300879017657604,8.0,874043711.8700932,60.0
2.5239365249084824,16.0,658366391.359424,34359738368.0,496201728.0,100000000000.0,134377639.68529135,617273044.4059207,1.9954660621425813,8.0,612868631.8175757,60.0
2.8786666666778427,16.0,897176003.1987205,34359738368.0,496599040.0,100000000000.0,134008012.80000001,773178709.3333335,2.3976666666644935,8.0,772950386.8666667,60.0
2.9483717235704248,16.0,761022049.4831611,34359738368.0,496599040.0,100000000000.0,134309108.81652105,864936497.7495365,2.4735901509124063,8.0,878829241.1305269,60.0
2.9496373892047574,16.0,910089950.5300353,34359738368.0,492019712.0,100000000000.0,39571562.71823798,769766076.8197691,2.434730056408188,8.0,765598807.749127,60.0
3.1493333332861466,16.0,964111018.6666666,34359738368.0,492019712.0,100000000000.0,19927313.066666666,967781034.6666666,2.7384666666660147,8.0,968406072.2666667,60.0
2.8246666667051614,16.0,694305314.1333333,34359738368.0,492019712.0,100000000000.0,19922944.0,767299584.0000001,2.199800000002142,8.0,787691945.8666667,60.0
