NVMe_from_ceph,NVMe_from_transfer,NVMe_total_util,num_workers,Goodput
1.1019424999999998,2.470632,4.8143663,65,2.7198155
1.3804404,2.0753047,4.5516963,65,2.5462897
1.391273,2.61307,5.0503845,65,3.1090224
1.7162004000000002,2.6640432,5.037418,65,3.2279108
