NVMe_from_ceph,NVMe_from_transfer,NVMe_total_util
1.1019425,2.470632,4.8143663
1.3804404,2.0753047,4.5516963
1.391273,2.61307,5.0503845
1.7162004,2.6640432,5.037418
