NVMe_from_ceph,NVMe_from_transfer,NVMe_total_util,num_workers,Goodput
0.44873953,3.4319300000000004,5.8236685,68,3.6554394
-0.06086541700000001,3.1732602,5.445578,68,3.5198975
0.5896939999999999,3.1821490000000003,5.560802,68,3.5543199
0.18571211,3.3198316,5.715188,68,3.68261
