NVMe_from_ceph,NVMe_from_transfer,NVMe_total_util
0.44873953,3.43193,5.8236685
-0.060865417,3.1732602,5.445578
0.589694,3.182149,5.560802
0.18571211,3.3198316,5.715188
