NVMe_from_ceph,NVMe_from_transfer,NVMe_total_util,num_workers,Goodput
0.73672575,4.322101,6.61385,69,4.24051
0.8231466000000001,3.7264574,6.274307,69,3.7525134
0.35604298,4.2747199999999985,6.6093073,69,4.1641903
0.30308017,3.957433,6.3114753,69,3.7284844
