NVMe_from_ceph,NVMe_from_transfer,NVMe_total_util,num_workers,Goodput
0.7005880999999999,3.7143557,6.09513,69,3.703821
0.70077264,4.0286164,6.404421299999999,69,3.9419396
0.45750356,3.4496863,5.9270315,69,3.5241814
0.4609838,3.5586421,6.01379,69,3.480306
