CPU,CPU_count,Goodput,Memory_total,Memory_used,NIC_speed,NVMe_from_ceph,NVMe_from_transfer,NVMe_total_util,Storage_count,network_throughput,num_workers
1.1266666666915022,16.0,138567.22064585867,34359738368.0,84570112.0,100000000000.0,0.0,1756364.8,0.015133333336173867,8.0,214756.73333333334,10.0
2.110666666614513,16.0,82521565.86666667,34359738368.0,84570112.0,100000000000.0,51382408.53333334,427767398.40000004,1.1996666666644158,8.0,429711610.73333335,10.0
2.7316845544387847,16.0,796205297.9531969,34359738368.0,540303360.0,100000000000.0,134278681.15458968,757888878.8747418,2.143657089527799,8.0,762361123.5917606,10.0
2.6049736649159616,16.0,649231835.7552326,34359738368.0,540303360.0,100000000000.0,134440774.984999,694956487.2324822,1.9241282752174165,8.0,698430244.2829522,10.0
2.747333333299806,16.0,697248352.0234681,34359738368.0,540315648.0,100000000000.0,134008012.8,770727389.8666667,2.125066666667893,8.0,772719318.8,10.0
2.4206666666393484,16.0,729230550.3033534,34359738368.0,540315648.0,100000000000.0,90461525.33333333,562569216.0,1.5943999999998293,8.0,558037525.4,10.0
2.4306666667262715,16.0,604878028.8,34359738368.0,540315648.0,100000000000.0,19922944.0,658172040.5333333,1.6946000000015677,8.0,670487480.4666667,10.0
2.64399999997889,16.0,674901469.8666667,34359738368.0,539504640.0,100000000000.0,19927313.066666666,738815180.8000001,1.9455333333326656,8.0,744076966.2,10.0
2.4746666666741173,16.0,730324002.1333333,34359738368.0,539504640.0,100000000000.0,19922944.0,658688682.6666666,1.7673333333320138,8.0,653614355.3333334,10.0
