CPU,CPU_count,Goodput,Memory_total,Memory_used,NIC_speed,NVMe_from_ceph,NVMe_from_transfer,NVMe_total_util,Storage_count,network_throughput,num_workers
1.1791830478576037,16.0,114418.44978700485,34359738368.0,124112896.0,100000000000.0,1091.7571799826749,1572130.3391750518,0.013060571731003591,8.0,1040290.6643566336,60.0
3.0510238111304875,16.0,346832873.7600501,34359738368.0,124112896.0,100000000000.0,83645494.29733874,1018928423.6643766,2.152737944372938,8.0,1023902439.7385446,60.0
3.194000000009934,16.0,1084917350.3999999,34359738368.0,584126464.0,100000000000.0,134219912.53333333,962087048.5333333,2.82013333333695,8.0,954257512.6,60.0
3.0553333334003887,16.0,910186359.4666666,34359738368.0,584126464.0,100000000000.0,134217728.0,869720337.0666667,2.5561333333316725,8.0,878549277.7333333,60.0
2.9459999999341866,16.0,854204881.2745817,34359738368.0,586141696.0,100000000000.0,134292002.13333333,762757393.0666667,2.5082666666673807,8.0,751357156.5333333,60.0
3.0813333333780366,16.0,772533345.4230282,34359738368.0,586141696.0,100000000000.0,62984465.06666666,867283490.1333333,2.6591333333325258,8.0,876061758.8,60.0
2.9446666666306553,16.0,683778116.2666667,34359738368.0,584097792.0,100000000000.0,19927313.066666666,707235293.8666667,2.0712666666678463,8.0,727981940.0666667,60.0
3.172666666656733,16.0,904060381.8666666,34359738368.0,584097792.0,100000000000.0,19922944.0,896703419.7333333,2.6203333333328676,8.0,904726055.6,60.0
2.5540000000037253,16.0,920975189.3333334,34359738368.0,584097792.0,100000000000.0,19927313.06666667,641885252.2666667,1.7580666666656422,8.0,643040608.9333333,60.0
