CPU,CPU_count,Goodput,Memory_total,Memory_used,NIC_speed,NVMe_from_ceph,NVMe_from_transfer,NVMe_total_util,Storage_count,network_throughput,num_workers
1.171788547450038,16.0,0.0,34359738368.0,100659200.0,100000000000.0,0.0,1756247.7168188784,0.01466568895608746,8.0,92165.18898740085,30.0
1.3462230814890956,16.0,652264246.367151,34359738368.0,562769920.0,100000000000.0,0.0,143108215.74771652,0.25381692113006216,8.0,130964242.94952996,30.0
2.829333333360652,16.0,569270262.1682892,34359738368.0,562769920.0,100000000000.0,129953518.93333334,876944315.7333333,2.2126666666629413,8.0,879034183.3333334,30.0
2.345333333344509,16.0,931105996.8000001,34359738368.0,555524096.0,100000000000.0,134219912.53333333,573663095.4666666,1.782933333333737,8.0,581085591.6666666,30.0
3.2473333333618943,16.0,875395694.6870209,34359738368.0,555524096.0,100000000000.0,134217728.0,1048290918.4000001,2.814466666666946,8.0,1043481468.2,30.0
2.750993377498246,16.0,858811779.9853323,34359738368.0,549781504.0,100000000000.0,134235956.5562914,810386547.2847682,2.2669536423840904,8.0,830880773.2450331,30.0
2.808724832177262,16.0,874372949.3333333,34359738368.0,549781504.0,100000000000.0,22801249.932885908,832737142.5503355,2.106241610736411,8.0,841589957.8523489,30.0
2.5933333333892126,16.0,708786312.5333334,34359738368.0,545722368.0,100000000000.0,19927313.066666666,740011212.8000001,1.9562666666674584,8.0,732136191.6,30.0
3.047999999920527,16.0,784289928.5333333,34359738368.0,545722368.0,100000000000.0,19992849.066666666,952368605.8666667,2.5680666666671943,8.0,960918720.2,30.0
