CPU,CPU_count,Goodput,Memory_total,Memory_used,NIC_speed,NVMe_from_ceph,NVMe_from_transfer,NVMe_total_util,Storage_count,network_throughput,num_workers
1.1346666666989524,16.0,0.0,34359738368.0,84451328.0,100000000000.0,0.0,1668983.4666666668,0.015533333333830038,8.0,321755.13333333336,20.0
1.7813333332849044,16.0,676382651.7333333,34359738368.0,84451328.0,100000000000.0,30688324.266666666,334185267.20000005,0.756133333335553,8.0,333471868.06666666,20.0
2.440666666689019,16.0,821856119.4666666,34359738368.0,542023680.0,100000000000.0,134219912.53333333,640967748.2666667,1.7906666666618547,8.0,644828698.8666667,20.0
2.8933333333271243,16.0,854341234.85101,34359738368.0,542023680.0,100000000000.0,134217728.0,942064708.2666668,2.269466666669662,8.0,947019097.7333333,20.0
2.908666666721304,16.0,1014091115.4076936,34359738368.0,540237824.0,100000000000.0,134222097.06666666,964538368.0,2.3603333333313152,8.0,969150491.2666667,20.0
3.0096660222738736,16.0,951584426.6666666,34359738368.0,540237824.0,100000000000.0,108135929.07139522,977281680.9546032,2.4614359042768665,8.0,980053446.5702287,20.0
3.0110007333462123,16.0,793793877.3333334,34359738368.0,540250112.0,100000000000.0,19929733.98226548,945044609.3739583,2.4375625041621944,8.0,956134561.9041269,20.0
2.6193333332737287,16.0,887296750.9333334,34359738368.0,540250112.0,100000000000.0,19922944.0,779478630.4,1.8579333333376173,8.0,768706062.4666667,20.0
3.041333333340784,16.0,964084702.6198254,34359738368.0,540250112.0,100000000000.0,19929497.599999998,973998489.6,2.4301333333307413,8.0,983365243.6,20.0
