NVMe_from_ceph,NVMe_from_transfer,NVMe_total_util,num_workers,Goodput
0.17917393,0.74075603,2.2597883,54,0.8639384
0.05557784,0.6968078000000001,2.1404933999999995,54,0.8153554
0.11507858,0.7371082,2.159195,54,0.8779448
0.17772724,0.75895435,2.2602723,54,0.8733926
