NVMe_from_ceph,NVMe_from_transfer,NVMe_total_util,num_workers,Goodput
0.5648526999999999,3.796093,6.607305499999999,54,4.021422
0.5953499,3.3579547,6.0556736,54,3.6130621
0.6797081,3.4691827000000006,6.2022967000000016,54,3.4637783
0.29467678,3.6166413,6.309279,54,3.8592894
