NVMe_from_ceph,NVMe_from_transfer,NVMe_total_util
0.5648527,3.796093,6.6073055
0.5953499,3.3579547,6.0556736
0.6797081,3.4691827,6.2022967
0.29467678,3.6166413,6.309279
