NVMe_from_ceph,NVMe_from_transfer,NVMe_total_util,num_workers,Goodput
0.5911034000000001,4.1976357,6.635992999999999,53,3.795473
0.7043902,3.823232,6.27517,53,4.078039
0.53054756,3.6492321,6.1683755,53,3.8052828
0.44812313,3.781451,6.2596765,53,3.944765
