CPU,CPU_count,Goodput,Memory_total,Memory_used,NIC_speed,NVMe_from_ceph,NVMe_from_transfer,NVMe_total_util,Storage_count,network_throughput,num_workers
1.1684554363365298,16.0,0.0,34359738368.0,116097024.0,100000000000.0,0.0,1502858.7427504833,0.012932471167828231,8.0,526424.5050329978,70.0
2.095606373754525,16.0,27131357.866666667,34359738368.0,116097024.0,100000000000.0,60263277.28515234,504659478.6319088,1.1215414360967175,8.0,501132121.6081072,70.0
3.163333333314707,16.0,737242726.4000001,34359738368.0,576131072.0,100000000000.0,134217728.0,932231850.6666666,2.9041333333336903,8.0,928960054.5333333,70.0
3.403333333383004,16.0,1023675596.8,34359738368.0,576131072.0,100000000000.0,134219912.53333333,1044467165.8666666,3.0770666666678155,8.0,1033157296.8,70.0
3.0559999999590217,16.0,967309141.3333334,34359738368.0,576016384.0,100000000000.0,134287633.06666666,948991590.4000001,2.632933333331797,8.0,960686453.6,70.0
2.973333333308498,16.0,1022908552.5333332,34359738368.0,576016384.0,100000000000.0,82852795.73333335,815740245.3333334,2.495400000000761,8.0,826370602.6666666,70.0
3.1263249117122887,16.0,768406739.8173455,34359738368.0,576016384.0,100000000000.0,19921615.89227385,923584516.2322512,2.6130257982784384,8.0,931018914.1390574,70.0
2.676978465209904,16.0,929891402.8935262,34359738368.0,576368640.0,100000000000.0,19931918.661244087,675210812.4541636,1.963797586508794,8.0,681640988.3992265,70.0
2.9843614826261113,16.0,592008806.4,34359738368.0,576368640.0,100000000000.0,19956926.598788846,882165062.8868037,2.4849936780464628,8.0,891554145.2052972,70.0
