num_workers,rmse
70,1.5609291636705809
70,1.82975088421168
70,1.8692556170381889
70,1.931835983218104
70,1.7485660662160567
70,1.7453592815531211
70,1.6816227345935164
70,1.873103435200814
70,1.704192077842991
70,1.7360484457097691
70,1.574409543919605
70,1.7403417381113782
70,1.7211036696948792
70,1.6413863011619432
70,1.56451400250629
70,1.6919980307113434
70,1.742966135660771
70,1.7099174542935134
70,1.672224251544166
70,1.6592243755046103
70,1.7468560391161847
