CPU,CPU_count,Goodput,Memory_total,Memory_used,NIC_speed,NVMe_from_ceph,NVMe_from_transfer,NVMe_total_util,Storage_count,network_throughput,num_workers
1.2202146810135042,16.0,0.0,34359738368.0,114761728.0,100000000000.0,0.0,1415671.9781318754,0.012400826718971776,8.0,805352.8901926795,50.0
2.8973333332998057,16.0,344219750.40000004,34359738368.0,114761728.0,100000000000.0,94024499.2,920234666.6666667,2.0678000000033836,8.0,902212436.0,50.0
3.248368624326168,16.0,1009273241.5999999,34359738368.0,572637184.0,100000000000.0,134266323.611666,997843475.296311,3.0346251165244467,8.0,1025361765.548009,50.0
3.1573333333556852,16.0,959019690.6666667,34359738368.0,572637184.0,100000000000.0,134292002.13333333,961511970.1333332,2.826600000000326,8.0,952939149.3333334,50.0
3.0632073598307863,16.0,898141388.8000002,34359738368.0,573980672.0,100000000000.0,134221059.23621684,938437273.6779402,2.6809848434715957,8.0,948767976.3055133,50.0
4.319505143533684,16.0,887278318.9333334,34359738368.0,573980672.0,100000000000.0,53374407.85315673,745249478.1147045,2.275869024405798,8.0,6575891446.9172325,50.0
4.3742923743271085,16.0,673304302.9333333,34359738368.0,575365120.0,100000000000.0,19903040.95904096,829411493.040293,2.6151182151164933,8.0,5449693774.825174,50.0
7.64497831162509,16.0,750884386.1333332,34359738368.0,575365120.0,100000000000.0,19947260.32699366,443381544.7447448,1.4559225892546486,8.0,462646676.6766767,50.0
3.514740134430899,16.0,615687423.5050997,34359738368.0,575365120.0,100000000000.0,19887147.135156717,783230867.1058762,1.9280628202567471,8.0,3440794623.544287,50.0
