CPU,CPU_count,Goodput,Memory_total,Memory_used,NIC_speed,NVMe_from_ceph,NVMe_from_transfer,NVMe_total_util,Storage_count,network_throughput,num_workers
1.1653333333631353,16.0,11196.479765317688,34359738368.0,83107840.0,100000000000.0,1092.2666666666667,1756364.8,0.014933333334435398,8.0,213002.26666666666,10.0
2.1979999999515716,16.0,222344455.96960202,34359738368.0,537223168.0,100000000000.0,76196522.66666666,507616460.8,1.4030666666726272,8.0,509427224.4,10.0
2.695333333375553,16.0,637738837.3333333,34359738368.0,537223168.0,100000000000.0,134219912.53333333,728809745.0666667,2.0601999999994103,8.0,727323708.8,10.0
2.548666666665425,16.0,757688997.9331956,34359738368.0,539717632.0,100000000000.0,134427443.2,668037120.0,1.9515333333343734,8.0,674833948.4,10.0
2.5070328644819093,16.0,594508009.8660089,34359738368.0,539717632.0,100000000000.0,134073348.71008599,602835851.4765682,1.9026064928944821,8.0,608461535.1643224,10.0
2.29399999997889,16.0,666514532.7857994,34359738368.0,539717632.0,100000000000.0,69345826.13333334,548736477.8666666,1.5281333333346994,8.0,552068915.8666667,10.0
2.490666666657974,16.0,513672366.1253524,34359738368.0,539516928.0,100000000000.0,19927313.066666666,646457480.5333334,1.6675333333337523,8.0,636933945.5333333,10.0
2.536666666685293,16.0,627851264.0000001,34359738368.0,539164672.0,100000000000.0,19922944.0,690454528.0,1.8394666666688866,8.0,706741739.7333333,10.0
2.3109540636303194,16.0,642929595.7333333,34359738368.0,539164672.0,100000000000.0,19928641.642776184,580974957.7971864,1.5219014600947474,8.0,582305795.3863591,10.0
