CPU,CPU_count,Goodput,Memory_total,Memory_used,NIC_speed,NVMe_from_ceph,NVMe_from_transfer,NVMe_total_util,Storage_count,network_throughput,num_workers
1.2839999999850988,16.0,118553.19578267669,34359738368.0,52518912.0,100000000000.0,2184.5333333333333,1415577.5999999999,0.013266666668156783,8.0,1433456.9333333333,90.0
1.804666666717579,16.0,707959208.4111232,34359738368.0,68706304.0,100000000000.0,15309209.600000001,422585139.1999999,0.6913333333349633,8.0,398397063.4,90.0
3.0286666666157545,16.0,978607058.1961204,34359738368.0,68706304.0,100000000000.0,134152192.0,834324889.6,2.5595999999961347,8.0,848751182.4,90.0
3.1099999999937915,16.0,851583018.60124,34359738368.0,513994752.0,100000000000.0,134217728.0,900126037.3333334,2.746266666667846,8.0,900159324.6,90.0
3.1946666666927435,16.0,896149913.6000001,34359738368.0,513994752.0,100000000000.0,134222097.06666666,887988770.1333334,2.8560666666676604,8.0,883195232.0,90.0
3.157333333293597,16.0,828695142.4,34359738368.0,519974912.0,100000000000.0,121215385.60000001,890542762.6666667,2.785266666665363,8.0,916131374.0,90.0
2.8440000000409777,16.0,648207018.6666666,34359738368.0,519974912.0,100000000000.0,19927313.066666666,738839756.8000001,2.323400000001614,8.0,727232433.3333334,90.0
2.6039999999726815,16.0,768733696.0,34359738368.0,517648384.0,100000000000.0,19922944.0,627885397.3333334,1.9423333333320139,8.0,649611791.7333333,90.0
3.069333333366861,16.0,880011673.5999999,34359738368.0,517648384.0,100000000000.0,19997218.133333333,846835165.8666667,2.510800000000745,8.0,852830496.8666667,90.0
