NVMe_from_ceph,NVMe_from_transfer,NVMe_total_util,num_workers,Goodput
0.84969544,0.923237,2.3910494,36,0.9016468
0.3685483,1.1066321,2.7408752,36,1.0667063
0.4300712,1.1949338,3.0168023,36,1.3310784
0.6045554,1.1144006000000002,2.8627255000000003,36,1.1347523
