NVMe_from_ceph,NVMe_from_transfer,NVMe_total_util
0.84969544,0.923237,2.3910494
0.3685483,1.1066321,2.7408752
0.4300712,1.1949338,3.0168023
0.6045554,1.1144006,2.8627255
