NVMe_from_ceph,NVMe_from_transfer,NVMe_total_util
0.9730045,2.4247885,5.1562696
1.5251405,2.194315,4.953975
1.5416714,2.4529452,5.2995143
1.6017474,2.4692507,5.2824836
