NVMe_from_ceph,NVMe_from_transfer,NVMe_total_util,num_workers,Goodput
0.9730045,2.4247885,5.1562696,64,2.9329855
1.5251405,2.194315,4.953975,64,2.3253074
1.5416714,2.4529452000000003,5.2995142999999985,64,3.0057666
1.6017473999999998,2.4692507000000004,5.2824836,64,2.9426475
