NVMe_from_ceph,NVMe_from_transfer,NVMe_total_util,num_workers,Goodput
0.7571866999999999,3.6387346,6.404356,53,3.8367348
0.52011424,2.8609102,5.579676,53,3.1704195
0.6265715000000001,3.367893,6.2116117,53,3.3366368
0.302298,3.441554,6.176669,53,3.52444
