NVMe_from_ceph,NVMe_from_transfer,NVMe_total_util,num_workers,Goodput
0.6658451,4.0965476,6.7193785,85,4.051578
0.45686668,4.3986564,7.0195394,85,4.73858
0.65364337,3.2335918,5.896334,85,3.6400042
0.3707072,4.064367,6.952379700000002,85,4.2095003
