NVMe_from_ceph,NVMe_from_transfer,NVMe_total_util,num_workers,Goodput
0.28513557,3.0073183,5.4936123,42,3.0717201
-0.07377853,3.5727346,6.1191106,42,3.4958017
-0.2561852000000001,3.2281892000000005,5.682886,42,2.9301543
-0.11517298,3.0760434,5.5813913,42,2.9757402
