NVMe_from_ceph,NVMe_from_transfer,NVMe_total_util,num_workers,Goodput
1.2777715,3.3211043,5.619289,69,3.4454246
0.44693306,3.7157845,5.983754599999998,69,3.6969767
0.34636918,3.4762892999999995,5.649593,69,3.1509826
0.24603578,3.5667706,5.7061305,69,3.2348666
