NVMe_from_ceph,NVMe_from_transfer,NVMe_total_util
0.8667861,3.3141854,5.894274
0.1580753,3.7595682,6.095857
0.004491493,4.1261253,6.4301248
0.05294542,4.323559,6.623867
