NVMe_from_ceph,NVMe_from_transfer,NVMe_total_util,num_workers,Goodput
0.8667860999999999,3.3141854,5.894274,52,3.3405702
0.1580753,3.7595682,6.095857,52,3.8015053
0.004491493,4.1261253,6.4301248,52,2.9740808
0.05294542,4.323559,6.623867,52,3.0875738
