NVMe_from_ceph,NVMe_from_transfer,NVMe_total_util
1.2507628,2.9085186,5.1346984
1.5092704,3.464163,5.8663774
1.5740032,3.6173108,6.3132863
1.2826039,3.3537183,5.845759
