NVMe_from_ceph,NVMe_from_transfer,NVMe_total_util,num_workers,Goodput
1.2507628,2.9085186000000003,5.1346984,53,3.2814348
1.5092704,3.464163,5.8663774,53,3.3602257
1.5740032,3.6173108,6.3132863,53,3.8859193
1.2826038999999998,3.3537183,5.845758999999998,53,3.6737945
