NVMe_from_ceph,NVMe_from_transfer,NVMe_total_util,num_workers,Goodput
0.59967697,3.9903085,6.447697,85,3.8566113
0.5616283000000001,4.283784,6.662269,85,4.11431
0.62602264,3.3163443,6.0776224,85,3.6619568
0.5381634,3.4060492999999994,6.071987,85,3.5706787
