NVMe_from_ceph,NVMe_from_transfer,NVMe_total_util,num_workers,Goodput
0.6694146,0.8510493,2.7483726,54,0.9448428
0.056089826,0.8037894,2.5628312,54,0.9303416
-0.030694999,0.81516474,2.6038857,54,0.9031191
0.065916665,0.79281425,2.510741,54,0.97257185
