CPU,CPU_count,Goodput,Memory_total,Memory_used,NIC_speed,NVMe_from_ceph,NVMe_from_transfer,NVMe_total_util,Storage_count,network_throughput,num_workers
1.335333333319674,16.0,65809.06666666667,34359738368.0,72974336.0,100000000000.0,0.0,1756364.8,0.014599999996911113,8.0,932795.6,40.0
1.3140000000285608,16.0,515523106.1333334,34359738368.0,535351296.0,100000000000.0,1092.2666666666667,144653516.8,0.22393333333505627,8.0,121299792.53333333,40.0
3.08866666664059,16.0,985404142.9333334,34359738368.0,535351296.0,100000000000.0,129813708.80000001,976719052.8,2.6397333333346373,8.0,1001595258.9333333,40.0
3.0712668176368716,16.0,649031009.6660223,34359738368.0,531763200.0,100000000000.0,134304277.07473025,898543017.4503797,2.7064073531384056,8.0,887327415.5454909,40.0
2.530895502471457,16.0,822500367.2244816,34359738368.0,531763200.0,100000000000.0,134133203.79020421,589933875.3503269,2.061590818096191,8.0,605888028.1596156,40.0
2.8973333332998057,16.0,919865596.1602559,34359738368.0,532791296.0,100000000000.0,134222097.06666666,884167475.2,2.3813999999993634,8.0,894954551.8,40.0
3.131333333346993,16.0,865587916.7999998,34359738368.0,532791296.0,100000000000.0,23697817.6,961484936.5333333,2.70533333333442,8.0,947166782.6,40.0
2.536000000033527,16.0,600534661.7774519,34359738368.0,529559552.0,100000000000.0,19927313.066666666,770323524.2666667,1.7731333333319828,8.0,788643082.4666667,40.0
2.294666666692743,16.0,722135961.5999999,34359738368.0,529559552.0,100000000000.0,19922944.0,509973572.26666665,1.5697333333334733,8.0,521082399.06666666,40.0
