CPU,CPU_count,Goodput,Memory_total,Memory_used,NIC_speed,NVMe_from_ceph,NVMe_from_transfer,NVMe_total_util,Storage_count,network_throughput,num_workers
1.4447352526251058,16.0,0.0,34359738368.0,110587904.0,100000000000.0,41781.89383262869,2585254.6808939,0.15918394738433145,8.0,2050630.7630360378,50.0
1.912260817415147,16.0,17086873.6,34359738368.0,110587904.0,100000000000.0,124439314.62097475,358863015.4010268,0.855790386026418,8.0,361141534.435629,50.0
3.5720000000049676,16.0,925523353.6,34359738368.0,568262656.0,100000000000.0,544748339.2,916850824.5333333,3.594000000002173,8.0,913525233.0666667,50.0
3.4113333332973226,16.0,865390218.7025671,34359738368.0,568262656.0,100000000000.0,544525516.8,844096580.2666667,3.4692666666698644,8.0,844801683.4,50.0
3.0589960669524636,16.0,728554653.7347612,34359738368.0,568262656.0,100000000000.0,544281700.686621,682903217.6521566,2.996666888872709,8.0,699753360.3093127,50.0
3.5757050469807807,16.0,724292130.1333334,34359738368.0,571269120.0,100000000000.0,857128211.7474498,829408731.7821188,3.796853123539179,8.0,835619876.7917861,50.0
4.81733333338052,16.0,940818295.4666666,34359738368.0,571269120.0,100000000000.0,1964869768.5333335,959663308.8,5.654666666663252,8.0,952869308.4666667,50.0
4.21625224986491,16.0,939776357.1381121,34359738368.0,568340480.0,100000000000.0,2076356629.0247316,741797313.7790813,5.595960269323605,8.0,761642636.024265,50.0
4.233748916548492,16.0,748548829.8655248,34359738368.0,568340480.0,100000000000.0,1970277860.6573775,736279690.1126741,5.459230615372526,8.0,745049105.6070404,50.0
