CPU,CPU_count,Goodput,Memory_total,Memory_used,NIC_speed,NVMe_from_ceph,NVMe_from_transfer,NVMe_total_util,Storage_count,network_throughput,num_workers
2.5680000000012417,16.0,0.0,34359738368.0,124600320.0,100000000000.0,2184.5333333333333,1258291.2,0.012333333325417093,8.0,1771746.7333333334,100.0
3.2946666666616995,16.0,569785188.688946,34359738368.0,598974464.0,100000000000.0,90037725.86666666,1044480546.1333334,2.5536666666700816,8.0,1019173594.1333333,100.0
3.1910127341897296,16.0,959381628.8088642,34359738368.0,598974464.0,100000000000.0,134370865.25768384,881758282.55217,2.7259817321069058,8.0,892539318.6879125,100.0
3.46200000004222,16.0,873284108.5260983,34359738368.0,603770880.0,100000000000.0,134077917.86666667,1030352349.8666667,3.1032000000045326,8.0,1024065247.1333333,100.0
3.2889807345295328,16.0,1018926356.157077,34359738368.0,603770880.0,100000000000.0,134213149.52336508,926113764.1490568,2.8413439104074008,8.0,944021982.5344977,100.0
2.729648643286348,16.0,722297105.0666666,34359738368.0,598712320.0,100000000000.0,57535705.580372006,665887694.9129941,2.0621374758273756,8.0,675078945.5963731,100.0
3.082902163694247,16.0,817952631.4666667,34359738368.0,598712320.0,100000000000.0,19917426.15239887,836019175.9172155,2.519873000941172,8.0,845220813.0879587,100.0
2.7075123152522984,16.0,768116224.0,34359738368.0,598712320.0,100000000000.0,19935211.822660096,675260216.7487684,1.93088054187719,8.0,679742982.8355911,100.0
3.126991533922573,16.0,787638954.6666667,34359738368.0,592637952.0,100000000000.0,19925984.667688824,871297100.7266182,2.5050996600167053,8.0,876784881.341244,100.0
