NVMe_from_ceph,NVMe_from_transfer,NVMe_total_util,num_workers,Goodput
0.6791547,0.8226926,2.1293454,54,0.90630007
0.17861953,0.8448889999999999,2.184677,54,0.91649616
0.12692337,0.8631815,2.215436,54,0.88101816
0.16939935,0.8927375,2.293232,54,0.9586696
