NVMe_from_ceph,NVMe_from_transfer,NVMe_total_util
0.6791547,0.8226926,2.1293454
0.17861953,0.844889,2.184677
0.12692337,0.8631815,2.215436
0.16939935,0.8927375,2.293232
