NVMe_from_ceph,NVMe_from_transfer,NVMe_total_util,num_workers,Goodput
0.90210974,2.9037642000000004,5.1022940000000006,85,2.5745573
1.5984023,3.5421278,5.979271,85,3.076412
1.4648502,3.1716015,5.6079173,85,3.5251997
1.4274582,2.9949226,5.37535,85,3.2890112
