NVMe_from_ceph,NVMe_from_transfer,NVMe_total_util
0.90210974,2.9037642,5.102294
1.5984023,3.5421278,5.979271
1.4648502,3.1716015,5.6079173
1.4274582,2.9949226,5.37535
