NVMe_from_ceph,NVMe_from_transfer,NVMe_total_util,num_workers,Goodput
0.59665394,4.1857553,6.3764606,69,3.7992625
0.3198132,4.030876,6.1858025,69,3.4063365
0.37340748,3.6634123,5.786638,69,3.4145985
0.3131888,4.238109,6.385675,69,3.8445907
