NVMe_from_ceph,NVMe_from_transfer,NVMe_total_util
0.59665394,4.1857553,6.3764606
0.3198132,4.030876,6.1858025
0.37340748,3.6634123,5.786638
0.3131888,4.238109,6.385675
