NVMe_from_ceph,NVMe_from_transfer,NVMe_total_util,num_workers,Goodput
0.64353496,3.4743147000000003,6.160131,54,3.2081184
0.5330138000000001,3.5303078,6.195531,54,3.5635724
0.52892596,3.7137098,6.2748523,54,3.7307189
0.74598074,3.2165315,6.109335400000001,54,3.6019006
