NVMe_from_ceph,NVMe_from_transfer,NVMe_total_util,num_workers,Goodput
1.959947,2.984049,5.7363195,68,3.278551
0.3917738,3.1428623,5.6408806,68,3.653186
-0.09689821,3.6274478,6.0394235,68,3.338624
0.0047175107,3.4805686,5.8841142999999985,68,3.082945
