CPU,CPU_count,Goodput,Memory_total,Memory_used,NIC_speed,NVMe_from_ceph,NVMe_from_transfer,NVMe_total_util,Storage_count,network_throughput,num_workers
1.297999999951571,16.0,0.0,34359738368.0,49807360.0,100000000000.0,0.0,1756364.8,0.016000000001319375,8.0,1481494.0,90.0
2.0393333333544432,16.0,516127402.6666667,34359738368.0,49807360.0,100000000000.0,24396868.266666662,516423953.0666666,0.9202000000029025,8.0,484792511.1333333,90.0
2.673333333277454,16.0,824641126.3999999,34359738368.0,514289664.0,100000000000.0,134289817.6,649980313.6,2.063866666665611,8.0,654382844.0,90.0
2.8566666667039198,16.0,755405619.2,34359738368.0,514289664.0,100000000000.0,134147822.93333334,757038830.9333333,2.2850666666655646,8.0,767195187.0666667,90.0
2.9244933104104796,16.0,768948121.6,34359738368.0,512995328.0,100000000000.0,134253738.5084117,786962922.7712278,2.488210358990536,8.0,789429628.4276062,90.0
3.0110715962853924,16.0,847851793.0666665,34359738368.0,512995328.0,100000000000.0,113279699.38938469,792165795.3432194,2.5727705831024013,8.0,810474859.2900758,90.0
2.863657577138282,16.0,652701422.9333333,34359738368.0,510279680.0,100000000000.0,19928641.642776184,726236720.8480566,2.235949063269689,8.0,733760715.1143409,90.0
3.7273333334053556,16.0,807309831.611226,34359738368.0,510279680.0,100000000000.0,19922944.0,769259656.5333333,2.416533333330881,8.0,779284857.2,90.0
6.614666666649281,16.0,884518822.9712583,34359738368.0,511037440.0,100000000000.0,19927313.066666666,858208119.4666667,2.70800000000357,8.0,869662477.1333333,90.0
