CPU,CPU_count,Goodput,Memory_total,Memory_used,NIC_speed,NVMe_from_ceph,NVMe_from_transfer,NVMe_total_util,Storage_count,network_throughput,num_workers
1.2293333332985639,16.0,0.0,34359738368.0,45363200.0,100000000000.0,2184.5333333333333,1415577.5999999999,0.01440000000487392,8.0,522089.2,100.0
2.623333333308498,16.0,326123028.81171155,34359738368.0,509227008.0,100000000000.0,47745160.53333333,827417941.3333335,1.6774666666596507,8.0,805021900.0,100.0
3.5280000000260765,16.0,1217280904.473035,34359738368.0,509227008.0,100000000000.0,134222097.06666666,1086628386.1333334,3.1412000000011178,8.0,1090069290.2666667,100.0
2.9503366441926766,16.0,888144884.3256216,34359738368.0,510464000.0,100000000000.0,134208780.7479501,776129608.426105,2.3942403839722908,8.0,789439864.875675,100.0
2.794319621334166,16.0,583838651.7333333,34359738368.0,510464000.0,100000000000.0,134231045.80305353,680786659.3772918,2.2375491699437937,8.0,689171317.4878325,100.0
3.284981001236782,16.0,918215338.6666666,34359738368.0,510464000.0,100000000000.0,93526744.08372775,904034246.25025,2.7834811012602265,8.0,903329132.0578629,100.0
3.2376825121873476,16.0,916990122.6666666,34359738368.0,509825024.0,100000000000.0,19928641.642776184,855726467.0978066,2.46103073538627,8.0,870758141.5427694,100.0
3.914666666649282,16.0,837370402.1333334,34359738368.0,509825024.0,100000000000.0,19992849.066666666,843060838.4,2.417666666663717,8.0,836707660.9333333,100.0
3.9093333333730698,16.0,804995147.3312454,34359738368.0,512012288.0,100000000000.0,19927313.06666667,947814400.0,2.7525999999993167,8.0,965682799.8666667,100.0
