NVMe_from_ceph,NVMe_from_transfer,NVMe_total_util
0.6209069,1.0035381,2.7648013
0.44563097,1.1537488,3.0897474
0.8137458,1.1791973,3.153604
0.9993237,1.0701164,2.9099534
