NVMe_from_ceph,NVMe_from_transfer,NVMe_total_util
0.67552906,3.7318914,6.061872
0.6240424,3.7887223,6.029022
0.33169886,3.288454,5.697588
0.40726104,3.3070598,5.6337547
