NVMe_from_ceph,NVMe_from_transfer,NVMe_total_util
0.5912899,4.1189995,6.4754295
0.31634167,3.533167,6.102782
0.19844942,4.0705833,6.423326
0.23604093,3.658679,5.9988146
