NVMe_from_ceph,NVMe_from_transfer,NVMe_total_util
0.056916542,3.7324328,5.985242
-0.20445178,4.292706,6.555742
0.1798307,3.998449,6.3348384
0.1436111,3.935362,6.283959
