NVMe_from_ceph,NVMe_from_transfer,NVMe_total_util,num_workers,Goodput
0.49115807,2.7373238,4.894678,69,2.6378515
1.2186604,3.0450470000000003,5.5500865,69,3.6457179
1.3721211000000002,3.3437614,5.856144400000002,69,3.473249
1.4951932,3.4743786,5.894468,69,3.3394735
