NVMe_from_ceph,NVMe_from_transfer,NVMe_total_util
0.49115807,2.7373238,4.894678
1.2186604,3.045047,5.5500865
1.3721211,3.3437614,5.8561444
1.4951932,3.4743786,5.894468
