NVMe_from_ceph,NVMe_from_transfer,NVMe_total_util,num_workers,Goodput
0.66325605,3.762008,6.1266303,52,3.6519587
0.706662,3.713939,6.0484004,52,3.8220127
0.4706062,3.1411347000000003,5.543210500000002,52,3.5625873
0.5669608,3.2608054,5.512804,52,3.4675891
