NVMe_from_ceph,NVMe_from_transfer,NVMe_total_util
1.2968092,4.2856007,6.547736
0.30598202,3.7211742,5.8977966
0.30008858,3.6439457,5.8619823
0.27468365,3.7562125,5.972569
