NVMe_from_ceph,NVMe_from_transfer,NVMe_total_util,num_workers,Goodput
1.2968091999999998,4.285600700000002,6.547736,69,4.216548
0.30598202,3.7211742,5.8977966,69,3.6657808
0.30008858,3.6439457,5.861982299999998,69,3.0744138
0.27468365,3.7562125,5.972569,69,3.5240839
