NVMe_from_ceph,NVMe_from_transfer,NVMe_total_util,num_workers,Goodput
10.316582,0.6828102,3.6556795,54,0.937657
1.0436714,0.7043872,3.6320708,54,0.83745325
1.0640229,0.80175436,4.339336,54,0.83170927
1.3886052,0.83458644,4.540826,54,0.9080863
