NVMe_from_ceph,NVMe_from_transfer,NVMe_total_util
10.316582,0.6828102,3.6556795
1.0436714,0.7043872,3.6320708
1.0640229,0.80175436,4.339336
1.3886052,0.83458644,4.540826
