NVMe_from_ceph,NVMe_from_transfer,NVMe_total_util,num_workers,Goodput
5.94348,3.5763738,6.4889617,66,3.9082966
5.6719627,3.3562867999999995,6.2509966,66,3.6488276
4.8795986,3.2664516,6.216168,66,3.6999438
5.6034684,3.5852718,6.5257096,66,3.9082966
