NVMe_from_ceph,NVMe_from_transfer,NVMe_total_util,num_workers,Goodput
9.171209,3.7500842,6.35046,53,3.8460908
3.1878855,3.4303434,5.998154,53,3.5523841
2.9860864,3.6429505,6.201567,53,3.7730587
1.850962,3.4867036,6.0440809999999985,53,3.6754174
