NVMe_from_ceph,NVMe_from_transfer,NVMe_total_util
8.168466,3.6324408,6.194884
-0.023935553,3.8439493,6.3152323
-0.035936467,3.6930103,6.1975822
0.46654698,3.848986,6.2891364
