NVMe_from_ceph,NVMe_from_transfer,NVMe_total_util,num_workers,Goodput
8.168466,3.6324408,6.194884,54,3.793365
-0.023935553,3.8439492999999993,6.3152323,54,3.3500822
-0.035936467,3.6930103,6.1975822,54,3.2804203
0.46654698,3.848986,6.2891364,54,4.04976
