NVMe_from_ceph,NVMe_from_transfer,NVMe_total_util
0.4647391,0.751525,1.8677855
0.3599502,0.8758694,2.304485
0.16547482,0.93008626,2.317856
0.46924064,0.9178478,2.367812
