NVMe_from_ceph,NVMe_from_transfer,NVMe_total_util,num_workers,Goodput
0.4647391,0.751525,1.8677855,54,0.8345423
0.3599502,0.8758693999999999,2.304485,54,0.9714508
0.16547482,0.93008626,2.317856,54,0.96698654
0.46924064,0.9178478,2.367812,54,0.9275475
