NVMe_from_ceph,NVMe_from_transfer,NVMe_total_util
0.66678995,3.8443465,6.1823187
1.1621567,3.1157022,5.9246273
-0.12159527,4.008761,6.365917
0.47403383,3.6635454,6.1119456
