NVMe_from_ceph,NVMe_from_transfer,NVMe_total_util
1.5538732,3.3006604,5.7912836
0.85177904,3.6201904,6.0890217
0.13725103,3.7183075,5.981923
0.5754844,3.584021,5.918483
