NVMe_from_ceph,NVMe_from_transfer,NVMe_total_util
0.67487025,4.844551,7.3441477
0.83512664,3.864403,6.3184147
0.32916585,3.9385161,6.6448574
0.3168501,3.7730386,6.3297896
