NVMe_from_ceph,NVMe_from_transfer,NVMe_total_util
0.66077316,4.3764486,6.729846
0.7201623,3.183494,5.8484583
0.36295122,3.3685806,6.1439633
0.52482224,3.5240002,5.9820404
