NVMe_from_ceph,NVMe_from_transfer,NVMe_total_util,num_workers,Goodput
0.66077316,4.3764486,6.729846,85,4.243614
0.7201623,3.183494,5.8484583,85,3.4439538
0.36295122,3.3685806000000005,6.1439633,85,3.5249307
0.52482224,3.5240002,5.9820404,85,3.4587069
