NVMe_from_ceph,NVMe_from_transfer,NVMe_total_util,num_workers,Goodput
1.4869548,3.441347,5.855748,65,3.3231995
0.6720969,3.7411366,6.145939,65,3.4343743
-0.01663734,3.857364,6.117733,65,2.931787
0.10949558,3.1679265,5.481192,65,3.7105856
