NVMe_from_ceph,NVMe_from_transfer,NVMe_total_util,num_workers,Goodput
1.212335,4.840504599999999,7.023353599999999,52,3.6284194
0.14093540000000002,4.064621,6.156719,52,2.9115114
0.22236662,3.759654,5.8847766,52,3.6127663
0.2100976,3.803514700000001,6.1652074,52,3.9983563
