NVMe_from_ceph,NVMe_from_transfer,NVMe_total_util
1.212335,4.8405046,7.0233536
0.1409354,4.064621,6.156719
0.22236662,3.759654,5.8847766
0.2100976,3.8035147,6.1652074
