NVMe_from_ceph,NVMe_from_transfer,NVMe_total_util
0.5840375,3.8876348,6.252587
0.5910121,3.6213465,6.0307055
0.4257642,3.6766148,6.040855
0.49271187,3.883424,6.2870355
