NVMe_from_ceph,NVMe_from_transfer,NVMe_total_util,num_workers,Goodput
0.5840375,3.8876348,6.252587,54,3.970516
0.5910121,3.6213465,6.0307055,54,3.7464352
0.4257642,3.6766148,6.0408550000000005,54,3.686945
0.49271187,3.883424,6.2870355,54,3.9283783
