NVMe_from_ceph,NVMe_from_transfer,NVMe_total_util
1.160378,2.9956007,5.2328386
1.168026,3.3751085,5.528962
1.4565911,3.4300559,5.9367123
1.1613634,3.345593,5.7090173
