NVMe_from_ceph,NVMe_from_transfer,NVMe_total_util,num_workers,Goodput
1.160378,2.9956007,5.2328386,64,3.5361252
1.168026,3.3751085,5.528962,64,3.1688142
1.4565911,3.4300559,5.9367123,64,3.2818804
1.1613633999999995,3.345593,5.709017299999998,64,3.3804626
