NVMe_from_ceph,NVMe_from_transfer,NVMe_total_util,num_workers,Goodput
1.586165,3.4855633000000004,6.0535083,53,3.6745472
0.7249406999999999,3.379529,5.9616940000000005,53,3.4214718
0.0139564825,3.7489872,6.1476115999999985,53,3.1514983
0.0045602405,3.8390737,6.203761599999999,53,3.3918273
