NVMe_from_ceph,NVMe_from_transfer,NVMe_total_util
1.586165,3.4855633,6.0535083
0.7249407,3.379529,5.961694
0.0139564825,3.7489872,6.1476116
0.0045602405,3.8390737,6.2037616
