NVMe_from_ceph,NVMe_from_transfer,NVMe_total_util
0.6289838,0.7250915,1.9536191
0.32434103,0.7472417,2.0523906
0.16702427,0.7972845,2.3869433
-0.0027370881,0.8081747,2.400051
