NVMe_from_ceph,NVMe_from_transfer,NVMe_total_util,num_workers,Goodput
1.3390138,3.5318668,5.861129,65,3.3635838
0.53521883,3.113192,5.514298,65,3.6761408
-0.03471541,3.9028115,6.157759,65,2.735015
0.05926635,3.8006325,6.035466,65,3.1100316
