NVMe_from_ceph,NVMe_from_transfer,NVMe_total_util
1.3390138,3.5318668,5.861129
0.53521883,3.113192,5.514298
-0.03471541,3.9028115,6.157759
0.05926635,3.8006325,6.035466
