NVMe_from_ceph,NVMe_from_transfer,NVMe_total_util,num_workers,Goodput
0.7001732,3.2042900000000003,5.669064499999998,54,3.4354215
0.59976155,3.368478,5.7856984,54,3.5567322
0.72925,3.1577040000000003,5.7397800000000005,54,3.6986918
0.39717528,3.703845,6.078864,54,3.4351444
