NVMe_from_ceph,NVMe_from_transfer,NVMe_total_util
0.7001732,3.20429,5.6690645
0.59976155,3.368478,5.7856984
0.72925,3.157704,5.73978
0.39717528,3.703845,6.078864
