NVMe_from_ceph,NVMe_from_transfer,NVMe_total_util,num_workers,Goodput
1.2193627,0.7390409,2.227991,54,0.83794653
0.04793363,0.86245495,2.5432394,54,0.9137354
0.028288241,0.85443646,2.4993126,54,0.91678643
0.07660999,0.8898296,2.587627,54,0.96059525
