CPU,CPU_count,Goodput,Memory_total,Memory_used,NIC_speed,NVMe_from_ceph,NVMe_from_transfer,NVMe_total_util,Storage_count,network_throughput,num_workers
1.1433333333581686,16.0,0.0,34359738368.0,73572352.0,100000000000.0,0.0,1756364.8,0.015400000001924735,8.0,741496.1333333333,20.0
2.2768211920579144,16.0,17592046.933333334,34359738368.0,73572352.0,100000000000.0,51178841.854304634,591604539.3377484,1.3774172185429847,8.0,591925669.4701986,20.0
3.4539963761296426,16.0,1151354197.3333333,34359738368.0,531337216.0,100000000000.0,134196845.84927183,1228617753.9762433,2.9704046708266487,8.0,1230215447.4867458,20.0
2.5576371758191723,16.0,1049666730.6666665,34359738368.0,531337216.0,100000000000.0,134296586.1724115,681838036.1357423,2.0394692979549043,8.0,695374301.8201213,20.0
2.954336377516469,16.0,800323174.4,34359738368.0,531337216.0,100000000000.0,134284142.1238584,984913658.5560962,2.367775481630693,8.0,976208131.1912539,20.0
2.8423228215301277,16.0,877704899.6733552,34359738368.0,529129472.0,100000000000.0,91022464.96433096,792406004.6669778,2.19734648976881,8.0,809528119.8079872,20.0
2.5720000000360113,16.0,687099836.56602,34359738368.0,529129472.0,100000000000.0,19931682.133333333,753930786.1333333,1.9709333333322623,8.0,756697636.6,20.0
2.9083394439824297,16.0,895678924.5132035,34359738368.0,529174528.0,100000000000.0,19921615.89227385,874066631.2912472,2.267715485636961,8.0,878820422.9051397,20.0
2.50830055339382,16.0,646962653.8666667,34359738368.0,529174528.0,100000000000.0,19935195.679711983,672446647.3764918,1.7526501766784761,8.0,666713612.8408561,20.0
