NVMe_from_ceph,NVMe_from_transfer,NVMe_total_util,num_workers,Goodput
0.45982647,1.3261214,3.0994544,41,1.4910828
0.35033190000000003,1.3899345,3.2009025,41,1.6311274
0.35970226,1.2337238,2.955503,41,1.3661618
0.38074815,1.2991445,3.0894644,41,1.4983046
