NVMe_from_ceph,NVMe_from_transfer,NVMe_total_util
0.88089037,2.3220038,4.8564687
1.3973294,2.322046,5.016707
1.3378294,2.7152643,5.5069194
1.4563279,2.8000343,5.550619
