NVMe_from_ceph,NVMe_from_transfer,NVMe_total_util,num_workers,Goodput
0.88089037,2.3220038,4.8564687000000015,64,2.5499616
1.3973294,2.322046,5.016707,64,2.557803
1.3378294,2.7152643,5.5069194,64,3.3994162
1.4563278999999998,2.8000343,5.550619,64,3.4426172
