NVMe_from_ceph,NVMe_from_transfer,NVMe_total_util,num_workers,Goodput
0.8091028,4.3056730000000005,6.991274400000001,69,4.406086
0.63639194,3.6026556000000003,6.2662330000000015,69,3.7755325
0.7358415,3.6930027,6.4352612,69,3.7860305
0.3748956,4.1358023,6.805248,69,4.336154
