NVMe_from_ceph,NVMe_from_transfer,NVMe_total_util
0.8091028,4.305673,6.9912744
0.63639194,3.6026556,6.266233
0.7358415,3.6930027,6.4352612
0.3748956,4.1358023,6.805248
