NVMe_from_ceph,NVMe_from_transfer,NVMe_total_util
1.0691959,3.9321907,6.1977754
0.25411683,3.7318392,5.982634
-0.095367685,3.7143247,6.002265
0.24063185,3.9512515,6.216269
