NVMe_from_ceph,NVMe_from_transfer,NVMe_total_util,num_workers,Goodput
1.0691959,3.9321907,6.1977754,53,3.596663
0.25411683,3.7318392,5.982634,53,3.5049732
-0.095367685,3.7143247,6.002265,53,3.2550316
0.24063185,3.9512515,6.2162690000000005,53,3.8498025
