NVMe_from_ceph,NVMe_from_transfer,NVMe_total_util,num_workers,Goodput
0.6574127,3.6554632000000007,6.058319,85,3.517298
0.7211512,3.178803,5.664058,85,3.4409811
0.49020767,3.710915,6.0448613,85,3.4718304
0.46165034,4.2501025000000014,6.50546,85,4.208087
