NVMe_from_ceph,NVMe_from_transfer,NVMe_total_util,num_workers,Goodput
0.5232578,0.9091487,2.4829378,54,0.99347246
0.21213683,0.9045859,2.4166772,54,0.98694396
0.40645975,0.99210024,2.6920233,54,1.0280385
0.52684224,1.0512451,2.837309,54,1.0814943
