NVMe_from_ceph,NVMe_from_transfer,NVMe_total_util
0.2903708,3.5451963,5.888437
-0.07252256,3.5735722,5.929019
-0.13893591,3.3476696,5.6826863
-0.030006798,3.269718,5.6068473
