NVMe_from_ceph,NVMe_from_transfer,NVMe_total_util,num_workers,Goodput
0.2903708,3.5451963,5.8884370000000015,57,3.652877
-0.07252256,3.5735722,5.929019,57,3.3743691
-0.13893591,3.3476696,5.6826862999999985,57,2.9714487
-0.030006798,3.269718,5.6068473,57,3.353576
