NVMe_from_ceph,NVMe_from_transfer,NVMe_total_util
0.7488971,4.1658683,6.387415
0.400902,3.711851,5.7561116
0.42159292,3.9222596,6.0538893
0.4358198,3.9901078,6.106968
