NVMe_from_ceph,NVMe_from_transfer,NVMe_total_util,num_workers,Goodput
0.75319785,3.3456437999999995,5.5577316,85,3.2756095
0.6593168,4.325685,6.7630880000000015,85,4.2498665
0.6551673000000001,3.6484268,5.9066462999999985,85,3.400451
0.31123105,3.4460232000000004,5.8593410000000015,85,3.367866
