NVMe_from_ceph,NVMe_from_transfer,NVMe_total_util
0.75319785,3.3456438,5.5577316
0.6593168,4.325685,6.763088
0.6551673,3.6484268,5.9066463
0.31123105,3.4460232,5.859341
