CPU,CPU_count,Goodput,Memory_total,Memory_used,NIC_speed,NVMe_from_ceph,NVMe_from_transfer,NVMe_total_util,Storage_count,network_throughput,num_workers
1.2059999999590216,16.0,0.0,34359738368.0,85663744.0,100000000000.0,0.0,1415577.5999999999,0.012466666665083418,8.0,1050766.4,20.0
1.614666666618238,16.0,627380099.4732982,34359738368.0,85663744.0,100000000000.0,29570935.46666666,183859336.53333333,0.48166666666899494,8.0,180419669.06666666,20.0
2.7033333333830036,16.0,697152251.7165523,34359738368.0,540815360.0,100000000000.0,134217728.0,758168234.6666666,2.127133333331827,8.0,747275879.4,20.0
2.7723485100732517,16.0,824340684.8000001,34359738368.0,540815360.0,100000000000.0,134280865.54229718,798300051.4632359,2.004999666688236,8.0,799653513.2991134,20.0
2.810987399186023,16.0,877637632.0,34359738368.0,540815360.0,100000000000.0,134156766.7177812,842437337.9558637,2.247016467765092,8.0,871125172.344823,20.0
2.8573333333246413,16.0,758129654.5103006,34359738368.0,538677248.0,100000000000.0,109056273.06666666,834364211.1999999,2.236599999999938,8.0,838824619.2666667,20.0
2.750000000031044,16.0,845101377.2415172,34359738368.0,541085696.0,100000000000.0,19922944.0,798157755.7333335,2.0534666666664028,8.0,803149829.3333334,20.0
2.806346243480701,16.0,765727709.8666667,34359738368.0,541085696.0,100000000000.0,19925984.66768882,830381607.6261584,1.9694020398643508,8.0,825250305.5796281,20.0
2.875333333419015,16.0,1070964189.8666666,34359738368.0,541085696.0,100000000000.0,19922944.0,890132889.6,2.176866666666077,8.0,900492184.4666667,20.0
