CPU,CPU_count,Goodput,Memory_total,Memory_used,NIC_speed,NVMe_from_ceph,NVMe_from_transfer,NVMe_total_util,Storage_count,network_throughput,num_workers
1.2900000000062088,16.0,27033.6,34359738368.0,123535360.0,100000000000.0,1092.2666666666667,1494220.7999999998,0.013266666666216528,8.0,2891255.466666667,60.0
2.1946666666306553,16.0,862000196.2666667,34359738368.0,123535360.0,100000000000.0,24326963.199999996,606461678.9333333,1.155199999996694,8.0,578856665.8,60.0
3.459999999993791,16.0,1138881911.4666667,34359738368.0,123535360.0,100000000000.0,134359722.6666667,1089576686.9333334,2.962933333334513,8.0,1108233232.6,60.0
2.810666666645556,16.0,1138881911.4666667,34359738368.0,580804608.0,100000000000.0,134077917.86666667,721835349.3333335,2.183399999999286,8.0,744920418.0,60.0
3.227999999995033,16.0,916146116.8261919,34359738368.0,580804608.0,100000000000.0,134222097.06666666,915582429.8666667,2.7609333333345902,8.0,901977248.0,60.0
3.034000000047187,16.0,932511470.9333334,34359738368.0,589291520.0,100000000000.0,113525828.26666667,885920290.1333333,2.613333333330229,8.0,911806609.7333333,60.0
2.8873333333370583,16.0,673754589.8666667,34359738368.0,589291520.0,100000000000.0,19927313.066666666,781344768.0,2.2044666666692745,8.0,767438740.3333334,60.0
2.6633333332836626,16.0,580064051.1999999,34359738368.0,585519104.0,100000000000.0,19922944.0,685035246.9333333,1.9989333333350563,8.0,708463316.4666667,60.0
2.7640000000285605,16.0,893704419.9179274,34359738368.0,585519104.0,100000000000.0,19927313.066666666,741095014.4,2.1003333333317036,8.0,747457169.0,60.0
