NVMe_from_ceph,NVMe_from_transfer,NVMe_total_util,num_workers,Goodput
0.34070086,0.76665294,2.1614015,54,0.8782592
0.08229104,0.78890866,2.2087502,54,0.9050739
0.20252092,0.79572815,2.2115016,54,0.9551378
0.69499695,0.8469725,2.3632975,54,0.96142507
