NVMe_from_ceph,NVMe_from_transfer,NVMe_total_util,num_workers,Goodput
0.6272800999999999,3.0014167,5.3758089999999985,66,3.2357152
-0.04586009,3.2638307,5.5255220000000005,66,3.3392117
0.45282817,3.405864,5.836917,66,3.550585
0.07454737,3.667535,6.0235505,66,3.335
