NVMe_from_ceph,NVMe_from_transfer,NVMe_total_util
1.032233,2.9448864,5.3809743
1.325171,2.3660016,4.799129
1.2815518,3.6071029,6.397439
1.6573024,3.8665597,6.5672126
