NVMe_from_ceph,NVMe_from_transfer,NVMe_total_util,num_workers,Goodput
1.032233,2.9448864,5.380974299999999,53,3.2928507
1.325171,2.3660016,4.799129,53,2.6319726
1.2815518,3.6071029,6.397439,53,4.075525
1.6573023999999998,3.8665597,6.567212599999999,53,3.9603868
