NVMe_from_ceph,NVMe_from_transfer,NVMe_total_util,num_workers,Goodput
0.63798136,3.998517,6.4941955,68,4.0926857
0.24008878,4.0313983,6.352974400000001,68,3.621683
0.25211367,3.769862,6.036664,68,3.7384722
0.4904377,3.7923875,6.2163363,68,3.6730247
