NVMe_from_ceph,NVMe_from_transfer,NVMe_total_util
0.63798136,3.998517,6.4941955
0.24008878,4.0313983,6.3529744
0.25211367,3.769862,6.036664
0.4904377,3.7923875,6.2163363
