NVMe_from_ceph,NVMe_from_transfer,NVMe_total_util
0.71600884,3.1927395,5.6562424
0.5607521,2.800545,5.3067656
0.331113,3.8439207,6.3296027
0.39139795,3.5816329,6.0560584
