NVMe_from_ceph,NVMe_from_transfer,NVMe_total_util,num_workers,Goodput
0.71600884,3.1927395,5.656242400000001,53,3.4247894
0.5607521,2.800545,5.3067655999999985,53,3.1296053
0.331113,3.8439207,6.3296027000000015,53,4.059659
0.39139795,3.5816329,6.0560584,53,3.7329426
