CPU,CPU_count,Goodput,Memory_total,Memory_used,NIC_speed,NVMe_from_ceph,NVMe_from_transfer,NVMe_total_util,Storage_count,network_throughput,num_workers
1.4360000000335273,16.0,0.0,34359738368.0,111169536.0,100000000000.0,2184.5333333333333,1336934.3999999997,0.013133333328490456,8.0,3151882.466666667,20.0
2.7786666666778426,16.0,136694169.6,34359738368.0,111169536.0,100000000000.0,49912217.60000001,531285606.4,1.3680666666749557,8.0,2155026128.266667,20.0
4.5808946070237155,16.0,905172582.4,34359738368.0,111169536.0,100000000000.0,134213149.52336508,769305035.1309912,2.2225851609825003,8.0,7558821539.164056,20.0
2.9463297553294403,16.0,763141324.7999998,34359738368.0,563015680.0,100000000000.0,134226676.44509634,818170196.946463,2.358090539369695,8.0,825431737.6491766,20.0
2.815012332524824,16.0,723077802.6666666,34359738368.0,563015680.0,100000000000.0,134213149.52336508,691300277.0481969,2.088794080388991,8.0,680449345.0436637,20.0
3.040336022392801,16.0,823626559.2960469,34359738368.0,562016256.0,100000000000.0,91791471.96479765,845833694.5129676,2.3080205347111926,8.0,868637927.1284752,20.0
3.055662955776871,16.0,809199085.8057204,34359738368.0,562016256.0,100000000000.0,19925984.667688824,849576368.508766,2.1646556896174016,8.0,855382559.296047,20.0
2.4889659310831824,16.0,633545816.945537,34359738368.0,560345088.0,100000000000.0,19994182.012134142,575768867.7911861,1.5661710780705362,8.0,582941365.8910594,20.0
3.1179999999701975,16.0,807594712.1808121,34359738368.0,560345088.0,100000000000.0,19857408.0,862971221.3333334,2.1612000000003415,8.0,857547864.9333333,20.0
