NVMe_from_ceph,NVMe_from_transfer,NVMe_total_util,num_workers,Goodput
1.2654386,0.6536388000000001,2.190717,54,0.8567766
-0.012903983,0.64477223,1.8724382,54,0.807074
-0.088295795,0.51494515,1.5152370000000002,54,0.59125537
0.16196176,0.81156635,2.4558892000000005,54,0.92310226
