NVMe_from_ceph,NVMe_from_transfer,NVMe_total_util
0.10495626,3.4036698,5.8709335
0.67467374,4.1820517,6.5325413
0.25345263,3.9568985,6.341328
-0.11658177,4.1064277,6.406124
