NVMe_from_ceph,NVMe_from_transfer,NVMe_total_util,num_workers,Goodput
0.7562934,2.9805245,5.592759,54,3.3262193
0.6543995,3.6778598,6.169996299999998,54,3.7873187
0.52155954,3.5424438,6.030396,54,3.663286
0.5690632,3.4145668,5.844568,54,3.4142613
