NVMe_from_ceph,NVMe_from_transfer,NVMe_total_util
1.2941468,4.163254,6.535861
0.50193775,3.4337296,5.772937
0.8972283,3.1233675,5.7434573
0.33194664,4.0328646,6.339443
