NVMe_from_ceph,NVMe_from_transfer,NVMe_total_util,num_workers,Goodput
1.2941468,4.163254,6.535861,69,4.3629284
0.50193775,3.4337296000000004,5.7729370000000015,69,3.5023193
0.8972283000000001,3.1233675,5.743457299999998,69,3.5728347
0.33194664,4.0328646,6.339443,69,3.6136854
