CPU,CPU_count,Goodput,Memory_total,Memory_used,NIC_speed,NVMe_from_ceph,NVMe_from_transfer,NVMe_total_util,Storage_count,network_throughput,num_workers
1.2313333332849046,16.0,0.0,34359738368.0,22835200.0,100000000000.0,0.0,1415577.5999999999,0.012133333331439644,8.0,1312289.4666666666,90.0
2.321333333353201,16.0,0.0,34359738368.0,498237440.0,100000000000.0,60328072.53333333,631474858.6666666,1.45946666666811,8.0,619538098.2,90.0
2.9199999999875828,16.0,729459063.4666666,34359738368.0,498237440.0,100000000000.0,134219912.53333333,764767163.7333333,2.4823333333324022,8.0,769836709.8666667,90.0
2.7749703908617356,16.0,752332526.9333333,34359738368.0,496041984.0,100000000000.0,134193993.94657192,715200463.2188445,2.3778786682474458,8.0,715311348.203711,90.0
3.2087555735447126,16.0,821537723.7333333,34359738368.0,496041984.0,100000000000.0,134246524.52371302,878808394.5412784,2.8088096203216417,8.0,878107169.4365627,90.0
2.707333333324641,16.0,655591014.4,34359738368.0,497053696.0,100000000000.0,82837504.0,678631014.4,2.196799999999348,8.0,688561442.6666666,90.0
2.9993333333171903,16.0,892091084.8,34359738368.0,497053696.0,100000000000.0,19927313.066666666,822327159.4666667,2.4836000000010245,8.0,835874642.0666667,90.0
2.996000000058363,16.0,802056055.4666667,34359738368.0,497541120.0,100000000000.0,19992849.066666666,858368955.7333333,2.557733333330058,8.0,855379361.7333333,90.0
3.202666666638106,16.0,911601664.0,34359738368.0,497541120.0,100000000000.0,19857408.0,957257318.4,2.7587333333329296,8.0,958771635.8666667,90.0
