CPU,CPU_count,Goodput,Memory_total,Memory_used,NIC_speed,NVMe_from_ceph,NVMe_from_transfer,NVMe_total_util,Storage_count,network_throughput,num_workers
1.2506666666517654,16.0,0.0,34359738368.0,80510976.0,100000000000.0,0.0,1494220.7999999998,0.012000000001474595,8.0,833290.3333333334,8.0
1.7750682923157242,16.0,655570396.0013329,34359738368.0,80510976.0,100000000000.0,32313889.532946896,276045947.8979279,0.7935238856668925,8.0,276644611.76627356,8.0
2.622773664207217,16.0,553592129.1183139,34359738368.0,535916544.0,100000000000.0,134123439.3969715,661149210.0593688,1.9701154025758256,8.0,665065185.1110667,8.0
2.494666666723788,16.0,579825459.1999999,34359738368.0,535916544.0,100000000000.0,134222097.06666666,596582126.9333333,1.9068000000009002,8.0,600128983.4666667,8.0
2.4239999999913078,16.0,633408541.8305447,34359738368.0,536854528.0,100000000000.0,134217728.0,561241565.8666667,1.7784666666664029,8.0,549532290.6,8.0
2.654304635717182,16.0,667547374.9333334,34359738368.0,536854528.0,100000000000.0,106320224.63576159,632969256.6887417,1.8878145695379505,8.0,651193878.0794702,8.0
2.3617449664892067,16.0,547949438.7625842,34359738368.0,536436736.0,100000000000.0,19915906.57718121,583071097.9865773,1.6362416107405207,8.0,585933965.1677852,8.0
2.609999999993791,16.0,623310765.9489367,34359738368.0,536436736.0,100000000000.0,19927313.066666666,654416554.6666667,1.8315999999972217,8.0,658557131.0,8.0
7.669333333335817,16.0,615818402.8268552,34359738368.0,536436736.0,100000000000.0,19922944.0,612772522.6666667,1.9314666666653162,8.0,622431463.3333334,8.0
