NVMe_from_ceph,NVMe_from_transfer,NVMe_total_util,num_workers,Goodput
0.6157216999999999,1.0857176000000002,3.1419373,33,1.1219039
0.15993775,1.0333154,3.017464,33,1.0437127
0.16591315,0.9946095,2.9104893,33,1.0110965
0.24436037,1.086871,3.128379,33,1.1337094
