NVMe_from_ceph,NVMe_from_transfer,NVMe_total_util
0.6157217,1.0857176,3.1419373
0.15993775,1.0333154,3.017464
0.16591315,0.9946095,2.9104893
0.24436037,1.086871,3.128379
