NVMe_from_ceph,NVMe_from_transfer,NVMe_total_util,num_workers,Goodput
1.0757899,1.1505978,3.2714753,54,0.95824677
1.6529107,2.04198,4.6319613,54,2.9283726
1.8626686,2.1649387000000004,4.9200664000000005,54,2.4797194
1.7175064999999998,2.3942401,5.038263,54,2.8857265
