NVMe_from_ceph,NVMe_from_transfer,NVMe_total_util
1.0757899,1.1505978,3.2714753
1.6529107,2.04198,4.6319613
1.8626686,2.1649387,4.9200664
1.7175065,2.3942401,5.038263
