NVMe_from_ceph,NVMe_from_transfer,NVMe_total_util,num_workers,Goodput
-0.09792795,3.5815003,6.0384464000000015,85,3.2237015
-0.026006367,3.871933,6.292477,85,2.9391215
0.04712689,3.9828415,6.3539996,85,2.9795744
0.12628813,4.1796002,6.5501847,85,4.2077174
