NVMe_from_ceph,NVMe_from_transfer,NVMe_total_util,num_workers,Goodput
0.5876178000000001,3.2038581,5.865753,54,3.6525826
0.62169415,3.073766,5.8663654,54,3.5996704
0.6660074,3.1814263,5.8924184,54,3.6260033
0.7497012,2.906297,5.7599,54,3.4630342
