NVMe_from_ceph,NVMe_from_transfer,NVMe_total_util
0.5876178,3.2038581,5.865753
0.62169415,3.073766,5.8663654
0.6660074,3.1814263,5.8924184
0.7497012,2.906297,5.7599
