NVMe_from_ceph,NVMe_from_transfer,NVMe_total_util,num_workers,Goodput
0.79503703,2.9789746,5.498109,55,3.248978
0.56346935,2.9041007000000003,5.3968472,55,3.2676837
0.39864042,3.5319006,5.8999186,55,3.3796883
0.18947951,3.4164836000000003,5.821539,55,3.5978699
