NVMe_from_ceph,NVMe_from_transfer,NVMe_total_util
0.79503703,2.9789746,5.498109
0.56346935,2.9041007,5.3968472
0.39864042,3.5319006,5.8999186
0.18947951,3.4164836,5.821539
