NVMe_from_ceph,NVMe_from_transfer,NVMe_total_util
0.81008804,0.904683,2.462511
0.15481532,0.9709218,2.5496216
0.09748347,1.0048357,2.5879178
0.022854012,0.99991703,2.5727801
