NVMe_from_ceph,NVMe_from_transfer,NVMe_total_util,num_workers,Goodput
0.81008804,0.904683,2.462511,54,0.96888113
0.15481532,0.9709218,2.5496216,54,1.0017748
0.09748347,1.0048357,2.5879178,54,1.0256537
0.022854012000000003,0.99991703,2.5727801,54,1.0017555
