NVMe_from_ceph,NVMe_from_transfer,NVMe_total_util
0.67423916,3.8552618,6.5338016
0.63418174,3.495064,6.285451
0.49727157,3.3183482,6.114257
0.5906606,3.5208316,6.262563
