NVMe_from_ceph,NVMe_from_transfer,NVMe_total_util,num_workers,Goodput
0.67423916,3.8552618,6.5338015999999985,54,4.0964403
0.63418174,3.495064,6.285451,54,3.7026603
0.49727157,3.3183482000000004,6.114257,54,3.4411933
0.5906606,3.5208316,6.262563,54,3.8214366
