NVMe_from_ceph,NVMe_from_transfer,NVMe_total_util,num_workers,Goodput
0.4597903,3.493089,6.110431,52,3.594548
0.2555849,3.6417372,6.183571,52,3.8595428
0.1868039,3.5579164,6.067011,52,3.5940065
0.4273615,3.484297,6.029613,52,3.5010357
