NVMe_from_ceph,NVMe_from_transfer,NVMe_total_util,num_workers,Goodput
0.09673162,3.769097,6.255056,53,4.0176272
0.1711942,3.8257108,6.379298,53,4.0524025
-0.038328633,3.5430877,6.0995626,53,3.474563
0.064749576,4.0354786,6.5475225,53,2.9639602
