CPU,CPU_count,Goodput,Memory_total,Memory_used,NIC_speed,NVMe_from_ceph,NVMe_from_transfer,NVMe_total_util,Storage_count,network_throughput,num_workers
1.2204519698562586,16.0,0.0,34359738368.0,83177472.0,100000000000.0,0.0,1415483.2344510367,0.01233251116188681,8.0,506479.70135324314,10.0
1.5842389492955729,16.0,381051234.4536124,34359738368.0,83177472.0,100000000000.0,27194883.92559504,206824105.07367155,0.5515701046746849,8.0,204840781.78545237,10.0
2.4393333333233995,16.0,720882619.7333333,34359738368.0,536875008.0,100000000000.0,134150007.46666667,585058440.5333333,1.7128666666685601,8.0,591331160.7333333,10.0
2.5719999999739227,16.0,618600721.0666666,34359738368.0,538439680.0,100000000000.0,134217728.0,665155447.4666667,2.002866666665068,8.0,667904338.8666667,10.0
2.5530297980159484,16.0,601778039.4666667,34359738368.0,538439680.0,100000000000.0,134213149.52336508,611651767.215519,1.8132791147257472,8.0,613006919.405373,10.0
2.4949663311309624,16.0,685961565.2289848,34359738368.0,537448448.0,100000000000.0,111156466.4310954,632352326.4217615,1.8936595773045637,8.0,640160975.0650043,10.0
2.6360000000335275,16.0,652884758.7172477,34359738368.0,537448448.0,100000000000.0,19927313.066666666,721038813.8666667,1.8298666666688708,8.0,724480042.2,10.0
2.48799999995778,16.0,598441375.374975,34359738368.0,538136576.0,100000000000.0,19922944.0,667290282.6666667,1.7947999999974857,8.0,665780558.1333333,10.0
2.515999999983857,16.0,604385704.6469765,34359738368.0,538136576.0,100000000000.0,19927313.066666666,608143496.5333334,1.5913333333369033,8.0,605265762.9333333,10.0
