CPU,CPU_count,Goodput,Memory_total,Memory_used,NIC_speed,NVMe_from_ceph,NVMe_from_transfer,NVMe_total_util,Storage_count,network_throughput,num_workers
1.4775651710064337,16.0,172555.50370024666,34359738368.0,74674176.0,100000000000.0,0.0,2079814.387625842,0.01713447563641227,8.0,1015117623.3748916,40.0
4.209333333342026,16.0,227803955.2,34359738368.0,83718144.0,100000000000.0,112411716.26666668,821223150.9333333,2.0567333333330073,8.0,5824343020.6,40.0
3.0656622892415637,16.0,1012774024.5333333,34359738368.0,83718144.0,100000000000.0,134208780.7479501,940691548.5634291,2.7470835277630465,8.0,967409430.9712687,40.0
3.105673711508745,16.0,869690283.6832751,34359738368.0,531296256.0,100000000000.0,134231045.80305356,915622172.1448096,2.658777251815872,8.0,923004234.8823254,40.0
2.6323578428402796,16.0,903732386.0336326,34359738368.0,531296256.0,100000000000.0,134208780.7479501,715414279.0480635,2.2487834144427006,8.0,722017344.0437305,40.0
2.840989399238645,16.0,735876164.2666667,34359738368.0,533303296.0,100000000000.0,38524629.10860725,827375068.7379159,2.250283352223994,8.0,823231798.319888,40.0
2.8300000000434613,16.0,727027916.8000001,34359738368.0,533303296.0,100000000000.0,19922944.0,865870916.2666668,2.323266666663889,8.0,876481361.2666667,40.0
3.419333333335817,16.0,919503806.9462037,34359738368.0,531083264.0,100000000000.0,19927313.066666666,719717990.4,1.7296666666690723,8.0,702674005.4,40.0
7.553999999941637,16.0,665168218.6812454,34359738368.0,531083264.0,100000000000.0,19922944.0,804720093.8666667,2.323933333333116,8.0,833654604.3333334,40.0
