CPU,CPU_count,Goodput,Memory_total,Memory_used,NIC_speed,NVMe_from_ceph,NVMe_from_transfer,NVMe_total_util,Storage_count,network_throughput,num_workers
1.2619999999801315,16.0,0.0,34359738368.0,68755456.0,100000000000.0,0.0,1415577.5999999999,0.011200000000341484,8.0,519052.86666666664,10.0
2.0099999999937914,16.0,520079489.03260213,34359738368.0,68755456.0,100000000000.0,57953484.79999999,417667754.66666675,1.2225333333306478,8.0,410412858.1333333,10.0
2.6946666666927435,16.0,652738017.9988002,34359738368.0,524787712.0,100000000000.0,134217728.0,720330752.0,2.0592000000023596,8.0,731387829.0666667,10.0
2.2419999999925495,16.0,625906063.5236391,34359738368.0,524787712.0,100000000000.0,134222097.06666666,525580970.6666666,1.6593333333303841,8.0,524571091.2,10.0
2.6193333333358164,16.0,672699152.1651696,34359738368.0,525348864.0,100000000000.0,134217728.0,696824900.2666667,2.0646000000027316,8.0,688588689.1333333,10.0
2.3926666666753595,16.0,634030010.3958416,34359738368.0,525348864.0,100000000000.0,84939025.06666666,631768678.3999999,1.7457333333344045,8.0,651615308.4,10.0
2.479999999981373,16.0,610670431.372549,34359738368.0,525254656.0,100000000000.0,19922944.0,644899362.1333334,1.707066666664711,8.0,635033186.9333333,10.0
2.3130330490032778,16.0,650152103.7255867,34359738368.0,525254656.0,100000000000.0,19916690.831556506,577049381.6631131,1.56743070362312,8.0,592386253.1982943,10.0
2.534418356460505,16.0,598759540.0102372,34359738368.0,522760192.0,100000000000.0,19933575.240128063,689972729.9893277,1.815301494131911,8.0,693614194.1702241,10.0
