NVMe_from_ceph,NVMe_from_transfer,NVMe_total_util
2.2206228,2.8400557,5.3457174
0.11046701,3.2729337,5.422017
-0.0835844,3.4056866,5.534095
0.012162893,3.394826,5.5276194
