NVMe_from_ceph,NVMe_from_transfer,NVMe_total_util
0.8923002,2.9610255,5.3747582
1.4016675,3.5839407,5.959966
1.3869569,3.4764872,5.9643636
1.2626902,3.7502017,6.1650443
