CPU,CPU_count,Goodput,Memory_total,Memory_used,NIC_speed,NVMe_from_ceph,NVMe_from_transfer,NVMe_total_util,Storage_count,network_throughput,num_workers
1.176666666691502,16.0,0.0,34359738368.0,97607680.0,100000000000.0,0.0,1843746.1333333333,0.015399999999984478,8.0,101335.06666666667,20.0
2.5719999999739227,16.0,332787098.4601027,34359738368.0,97607680.0,100000000000.0,97028232.53333332,789079381.3333334,1.8185333333346838,8.0,793074540.6,20.0
2.848666666665425,16.0,848463501.8334556,34359738368.0,553299968.0,100000000000.0,134359722.6666667,838024123.7333333,2.2741999999969265,8.0,827872321.3333334,20.0
2.981999999967714,16.0,1006668117.3333334,34359738368.0,553299968.0,100000000000.0,134077917.86666667,1019787673.6000001,2.447933333334125,8.0,1035182190.0666667,20.0
2.7746666667051616,16.0,860990340.3773082,34359738368.0,546217984.0,100000000000.0,134222097.06666666,773992174.9333334,2.2390666666654098,8.0,769735517.1333333,20.0
2.865999999983857,16.0,683634244.2666667,34359738368.0,546217984.0,100000000000.0,51659844.266666666,716055620.2666667,1.9439999999982926,8.0,807581037.1333333,20.0
2.788666666671633,16.0,829710490.5660378,34359738368.0,542478336.0,100000000000.0,19927313.066666666,789734741.3333333,1.9764666666684205,8.0,831206069.3333334,20.0
2.473999999991308,16.0,758058325.3333334,34359738368.0,542478336.0,100000000000.0,19922944.0,685326882.1333332,1.7199333333332711,8.0,683794358.1333333,20.0
2.562000000011176,16.0,519102190.93333334,34359738368.0,542322688.0,100000000000.0,19927313.066666666,677282338.1333333,1.7069333333347458,8.0,674033211.3333334,20.0
