NVMe_from_ceph,NVMe_from_transfer,NVMe_total_util,num_workers,Goodput
1.2146357,0.9647601999999998,2.7238848,33,0.98045075
0.96631944,0.9347245,2.619459,33,0.9046206
0.048283927,0.9538271,2.743205,33,0.898091
0.029384017,0.95562553,2.7627056,33,0.91246456
