NVMe_from_ceph,NVMe_from_transfer,NVMe_total_util
1.2146357,0.9647602,2.7238848
0.96631944,0.9347245,2.619459
0.048283927,0.9538271,2.743205
0.029384017,0.95562553,2.7627056
