NVMe_from_ceph,NVMe_from_transfer,NVMe_total_util
0.7830918,1.4282253,3.836669
0.5361321,1.9547195,4.4904914
1.6008055,2.4918349,5.2417235
1.6327153,2.5243561,5.341429
