NVMe_from_ceph,NVMe_from_transfer,NVMe_total_util,num_workers,Goodput
0.7830918,1.4282253,3.836669,68,0.98590696
0.5361321,1.9547195,4.490491400000002,68,2.1856287
1.6008055,2.4918349,5.2417235,68,3.1621275
1.6327153,2.5243561000000003,5.341429,68,3.2907767
