NVMe_from_ceph,NVMe_from_transfer,NVMe_total_util
0.6295541,3.94172,6.3561993
0.6126218,3.5780404,6.051793
0.5640442,3.7600396,6.2538905
0.49437702,3.7757256,6.2704444
