NVMe_from_ceph,NVMe_from_transfer,NVMe_total_util,num_workers,Goodput
0.6295541,3.94172,6.356199299999999,54,3.792418
0.6126218000000001,3.5780404000000003,6.051793,54,3.638606
0.5640441999999999,3.7600396,6.2538905,54,3.9655406
0.49437702,3.7757256,6.2704444000000015,54,3.9086814
