NVMe_from_ceph,NVMe_from_transfer,NVMe_total_util,num_workers,Goodput
0.17953682,0.93760777,2.6509717,54,0.9521452
0.24187416,0.93484426,2.615396,54,0.95717394
0.6996568,0.6900550999999999,2.2313762,54,0.8822268
0.327593,0.93419546,2.6631045,54,0.95717394
