NVMe_from_ceph,NVMe_from_transfer,NVMe_total_util,num_workers,Goodput
0.60373026,3.8416533,6.43219,54,4.0629215
0.6024904000000001,3.3513703,5.73855,54,3.6187072
0.38809615,3.5567832000000004,6.137294,54,3.5402515
0.36592352,3.5767605,6.0999455000000005,54,3.7531574
