NVMe_from_ceph,NVMe_from_transfer,NVMe_total_util
0.60373026,3.8416533,6.43219
0.6024904,3.3513703,5.73855
0.38809615,3.5567832,6.137294
0.36592352,3.5767605,6.0999455
