NVMe_from_ceph,NVMe_from_transfer,NVMe_total_util
0.5568359,3.9757545,6.568686
-0.20897469,4.0382814,6.468281
0.11187025,3.3197908,5.7920756
0.26600254,3.7385533,6.3308516
