NVMe_from_ceph,NVMe_from_transfer,NVMe_total_util,num_workers,Goodput
0.5568359,3.9757545,6.5686860000000005,68,4.194912
-0.20897469,4.0382814,6.468281,68,3.2591858
0.11187025,3.3197908,5.7920756,68,3.9056566
0.26600254,3.7385533,6.3308516,68,3.6721456
