NVMe_from_ceph,NVMe_from_transfer,NVMe_total_util
0.64735436,4.213614,6.430191
0.8091207,3.621215,6.190371
0.17002542,4.0921316,6.335534
0.4782227,3.7005954,6.069454
