NVMe_from_ceph,NVMe_from_transfer,NVMe_total_util,num_workers,Goodput
0.66062385,1.0619382,2.6455154,41,0.9855839
0.35487348,1.0823482,2.7035303,41,1.022316
0.43454632,1.3438557,3.1818914,41,1.4898994
0.73295444,1.4163016000000002,3.3729835,41,1.6682906
