NVMe_from_ceph,NVMe_from_transfer,NVMe_total_util,num_workers,Goodput
1.0862991000000002,3.1275582,5.879254,54,3.6693375
1.524705,3.1225348,5.9390817,54,3.6071439
1.5631758,3.1188543,5.8989744,54,3.5858262
1.7264881999999997,3.142374,5.8657484,54,3.656892
