NVMe_from_ceph,NVMe_from_transfer,NVMe_total_util
1.0862991,3.1275582,5.879254
1.524705,3.1225348,5.9390817
1.5631758,3.1188543,5.8989744
1.7264882,3.142374,5.8657484
