NVMe_from_ceph,NVMe_from_transfer,NVMe_total_util,num_workers,Goodput
0.6650185000000001,4.0207467,6.7701654000000016,68,4.147315
0.80001426,3.0858698,5.803472,68,3.6200838
0.5446861,2.7287674,5.4630839999999985,68,3.2029395
0.53636974,2.89203,5.5515137,68,3.2838464
