NVMe_from_ceph,NVMe_from_transfer,NVMe_total_util
0.6650185,4.0207467,6.7701654
0.80001426,3.0858698,5.803472
0.5446861,2.7287674,5.463084
0.53636974,2.89203,5.5515137
