NVMe_from_ceph,NVMe_from_transfer,NVMe_total_util,num_workers,Goodput
0.23133886,3.630185,6.0301300000000015,53,3.6921513
0.04352412,3.3294797,5.714663,53,3.2024364
0.27964574,3.9402704,6.3977437,53,3.937342
0.36643595,3.5920463,5.9815197,53,3.738616
