NVMe_from_ceph,NVMe_from_transfer,NVMe_total_util
0.68020713,3.2218435,5.701968
0.7596617,3.086274,5.4722466
0.4781839,3.205465,5.6295567
0.6615935,3.251397,5.6895022
