NVMe_from_ceph,NVMe_from_transfer,NVMe_total_util
1.0679703,3.6150374,5.8879166
0.6883507,3.5962234,5.961919
0.57878095,3.7246888,6.0652275
0.5236869,3.7270262,6.0438795
