NVMe_from_ceph,NVMe_from_transfer,NVMe_total_util
0.78474027,0.7100074,2.1379116
0.31464267,0.8071771,2.3702557
0.21149844,0.956112,2.668579
0.2915497,0.88493115,2.4800458
