NVMe_from_ceph,NVMe_from_transfer,NVMe_total_util,CPU,Goodput,Memory_used,NIC_speed,network_throughput,CPU_count,Memory_total,Storage_count,num_workers
0.0,0.0,0.0,0.19799999995157103,0.0,4204888064.0,100000000000.0,11759.0,16.0,34359740000.0,8.0,40.0
134224281.6,3767880089.6000004,7.903200000000653,10.559999999962749,3584330956.8,4236398592.0,100000000000.0,3774062390.6,16.0,34359740000.0,8.0,40.0
134217728.0,2560046694.4,7.172000000001573,7.423999999929221,2683396915.2,4239048704.0,100000000000.0,2552321853.4,16.0,34359740000.0,8.0,40.0
134217728.0,3560544665.6000004,7.566399999998976,10.215999999735502,4493080985.599999,4234809344.0,100000000000.0,3567921867.6,16.0,34359740000.0,8.0,40.0
134008012.8,4608924876.799999,7.68479999999836,13.178000000026078,4694093004.8,4235882496.0,100000000000.0,4615558369.0,16.0,34359740000.0,8.0,40.0
19922944.0,4405762457.6,7.624799999996322,12.241999999713151,4702720819.2,4234285056.0,100000000000.0,4411480120.0,16.0,34359740000.0,8.0,40.0
19922943.999999996,4231868416.0,7.481600000000617,12.251999999675903,4270526464.0000005,4236484608.0,100000000000.0,4237971778.8,16.0,34359740000.0,8.0,40.0
19922943.999999996,4241897881.6,7.548799999999756,11.952000000141558,4051514163.2000003,4235001856.0,100000000000.0,4247337539.8,16.0,34359740000.0,8.0,40.0
19922944.0,4055789568.0,7.61999999999971,11.475999999884515,4319512166.400001,4236390400.0,100000000000.0,4055101712.0,16.0,34359740000.0,8.0,40.0
