CPU,CPU_count,Goodput,Memory_total,Memory_used,NIC_speed,NVMe_from_ceph,NVMe_from_transfer,NVMe_total_util,Storage_count,network_throughput,num_workers
1.219999999956538,16.0,0.0,34359738368.0,53485568.0,100000000000.0,1092.2666666666667,1992294.3999999997,0.017333333322312683,8.0,247799.26666666666,100.0
2.2020000000484288,16.0,27363464.53333333,34359738368.0,521740288.0,100000000000.0,25095918.933333337,629399005.8666667,1.2283333333403184,8.0,580382598.2666667,100.0
3.394000000009934,16.0,1106564710.4,34359738368.0,521740288.0,100000000000.0,134359722.66666666,1039456938.6666666,2.940066666664401,8.0,1077869437.5333333,100.0
2.9856676221448635,16.0,988829286.345938,34359738368.0,517980160.0,100000000000.0,134068979.93467101,784267817.8788081,2.514165722283008,8.0,792156877.8748084,100.0
3.243016201073863,16.0,688904328.1471004,34359738368.0,517980160.0,100000000000.0,134231045.80305353,912410420.9613975,2.775118341227343,8.0,902073643.5762384,100.0
3.2266666666604573,16.0,991684266.6666665,34359738368.0,515559424.0,100000000000.0,112826777.60000001,928110728.5333333,2.9049333333387044,8.0,942661614.8,100.0
3.1033333333519595,16.0,782863018.6666666,34359738368.0,515559424.0,100000000000.0,19927313.066666666,781088904.5333333,2.2847333333261,8.0,776645075.6,100.0
2.6679999999391537,16.0,765550175.0549963,34359738368.0,519606272.0,100000000000.0,19922944.0,667832593.0666667,1.9591333333402872,8.0,690541931.6,100.0
3.068995400355071,16.0,843217268.3512235,34359738368.0,519606272.0,100000000000.0,19925984.667688824,853607382.9744684,2.6434904339651704,8.0,862476725.284981,100.0
