NVMe_from_ceph,NVMe_from_transfer,NVMe_total_util
0.5679542,3.918276,6.2915106
0.623937,4.077192,6.630351
0.6243316,3.7084434,6.329067
0.41875762,3.792628,6.3583064
