NVMe_from_ceph,NVMe_from_transfer,NVMe_total_util,num_workers,Goodput
0.5679542,3.918276,6.2915106,85,3.7950008
0.623937,4.077192,6.630350999999999,85,3.9696734
0.6243316,3.7084434,6.329067,85,3.6801453
0.41875762,3.792628,6.358306400000001,85,3.565942
