NVMe_from_ceph,NVMe_from_transfer,NVMe_total_util
1.1635721,3.7954352,6.116024
0.31834736,4.0071616,6.242034
0.2336431,4.018598,6.2309904
0.25197065,3.824563,5.9213233
