NVMe_from_ceph,NVMe_from_transfer,NVMe_total_util,num_workers,Goodput
1.1635721,3.7954352,6.116024,52,4.0348363
0.31834736,4.0071616,6.2420339999999985,52,3.4348187
0.2336431,4.018598,6.2309904000000005,52,3.5009923
0.25197065,3.824563,5.9213233,52,3.4140732
