NVMe_from_ceph,NVMe_from_transfer,NVMe_total_util
0.73732215,0.7474548,2.2228656
0.0596027,0.74624133,2.2227943
0.10834696,0.80733544,2.4967625
0.06929336,0.7699294,2.321624
