NVMe_from_ceph,NVMe_from_transfer,NVMe_total_util,num_workers,Goodput
0.73732215,0.7474548000000001,2.2228656000000004,54,0.8751497
0.0596027,0.74624133,2.2227943,54,0.8584542
0.10834696,0.80733544,2.4967625,54,0.91856086
0.06929336,0.7699294,2.3216240000000004,54,0.88152647
