NVMe_from_ceph,NVMe_from_transfer,NVMe_total_util,num_workers,Goodput
0.8687763000000001,3.2820318,5.6820335,54,3.4949348
0.13497779,3.020475,5.471237,54,3.4299047
0.36212122,2.318457,4.8065267,54,2.5227716
0.0007737067,3.2363048,5.5160556,54,3.4791121
