NVMe_from_ceph,NVMe_from_transfer,NVMe_total_util
0.8687763,3.2820318,5.6820335
0.13497779,3.020475,5.471237
0.36212122,2.318457,4.8065267
0.0007737067,3.2363048,5.5160556
