NVMe_from_ceph,NVMe_from_transfer,NVMe_total_util,num_workers,Goodput
0.5951108,3.6739297,6.0588894,54,3.5846848
0.57927865,3.8016658,6.1661882000000015,54,3.9066024
0.59778583,3.555581,5.953556,54,3.3514779
0.6911258000000001,3.1648810000000003,5.6375666,54,3.5749214
