NVMe_from_ceph,NVMe_from_transfer,NVMe_total_util
0.5951108,3.6739297,6.0588894
0.57927865,3.8016658,6.1661882
0.59778583,3.555581,5.953556
0.6911258,3.164881,5.6375666
