NVMe_from_ceph,NVMe_from_transfer,NVMe_total_util
1.3389821,0.79210335,2.379977
0.25314823,0.7100367,2.257619
0.08486556,0.8272004,2.4393673
0.15489571,0.7969908,2.3914504
