NVMe_from_ceph,NVMe_from_transfer,NVMe_total_util,num_workers,Goodput
1.3389821000000002,0.79210335,2.379977,54,1.0145518
0.25314823,0.7100367,2.257619,54,0.8363085
0.08486556,0.8272004000000001,2.4393673,54,0.9479548
0.15489571,0.7969908,2.3914504,54,1.067826
