CPU,CPU_count,Goodput,Memory_total,Memory_used,NIC_speed,NVMe_from_ceph,NVMe_from_transfer,NVMe_total_util,Storage_count,network_throughput,num_workers
1.130666666602095,16.0,2233.2572809018925,34359738368.0,105283584.0,100000000000.0,2218.6666666666665,1756364.8,0.016200000001117588,8.0,382406.6,8.0
1.330666666664183,16.0,455604150.6767118,34359738368.0,105283584.0,100000000000.0,0.0,77948791.46666667,0.21506666666828095,8.0,72820941.06666666,8.0
2.6096926871939234,16.0,483900177.0666666,34359738368.0,559370240.0,100000000000.0,97093849.21005267,672957154.3230451,1.9652023198460422,8.0,679045494.4337045,8.0
2.121608107150023,16.0,445094935.0043331,34359738368.0,559370240.0,100000000000.0,134156766.7177812,413588404.560304,1.3997599839966823,8.0,417421120.27468497,8.0
2.1324503312121754,16.0,596657197.9465297,34359738368.0,560525312.0,100000000000.0,136249778.01324502,496467208.4768212,1.6437748344387666,8.0,499653388.9403974,8.0
2.6923025299790404,16.0,615963202.4531697,34359738368.0,560525312.0,100000000000.0,132153931.14556073,632966829.0718744,1.9714113146741954,8.0,637476451.1106638,8.0
2.444962997544346,16.0,622802650.8433895,34359738368.0,561074176.0,100000000000.0,51667657.84385625,623216818.1878792,1.7723848256552144,8.0,619561706.180412,8.0
2.395999999996275,16.0,558856328.5333334,34359738368.0,561074176.0,100000000000.0,19922944.0,582658730.6666666,1.6029333333368414,8.0,592265947.6,8.0
2.361709219380407,16.0,558701631.4457028,34359738368.0,560898048.0,100000000000.0,19925984.667688824,562529256.4495701,1.572628491434898,8.0,560687629.9580028,8.0
