CPU,CPU_count,Goodput,Memory_total,Memory_used,NIC_speed,NVMe_from_ceph,NVMe_from_transfer,NVMe_total_util,Storage_count,network_throughput,num_workers
1.1813333333159488,16.0,0.0,34359738368.0,92598272.0,100000000000.0,0.0,1415577.5999999999,0.012666666666821886,8.0,81715.2,30.0
2.9790013998868052,16.0,417548270.1153256,34359738368.0,92598272.0,100000000000.0,102334195.320312,957948211.4525698,2.5086327578189085,8.0,956199540.0306647,30.0
2.698313220911197,16.0,847811379.2,34359738368.0,549842944.0,100000000000.0,134228861.12407497,789747250.3500233,2.1261417427818428,8.0,797544505.4336956,30.0
2.5860000000024836,16.0,704354852.8281891,34359738368.0,549634048.0,100000000000.0,134287633.06666666,705254741.3333334,2.1192666666679236,8.0,711423433.2,30.0
2.951333333365619,16.0,929453346.7552514,34359738368.0,549634048.0,100000000000.0,134152192.0,932737570.1333332,2.4956000000005587,8.0,939054719.0,30.0
2.4813333333159484,16.0,907819687.7541498,34359738368.0,550518784.0,100000000000.0,47116014.93333334,706990079.9999999,1.9200000000011639,8.0,710658457.6666666,30.0
2.659333333310981,16.0,626352401.0666666,34359738368.0,550518784.0,100000000000.0,19927313.066666666,764882670.9333333,1.8229999999981374,8.0,762149254.2,30.0
2.774666666705162,16.0,798777859.8573239,34359738368.0,550518784.0,100000000000.0,19922944.0,851812352.0,2.0386000000018005,8.0,867724807.0,30.0
3.0899999999751637,16.0,1050693358.9333334,34359738368.0,548065280.0,100000000000.0,19927313.066666666,999829230.9333334,2.4931999999952192,8.0,1000966079.5333333,30.0
