NVMe_from_ceph,NVMe_from_transfer,NVMe_total_util
0.6587232,0.75456655,2.0902143
0.10121503,0.78662384,2.134937
0.09266606,0.81178725,2.2240047
0.098114826,0.84088206,2.2731068
