NVMe_from_ceph,NVMe_from_transfer,NVMe_total_util
0.6256598,3.3473914,5.8452888
0.6284375,3.2140594,5.770228
0.7102754,3.2462614,5.838911
0.75300926,3.2610428,5.903568
