NVMe_from_ceph,NVMe_from_transfer,NVMe_total_util,num_workers,Goodput
0.6256598000000001,3.3473914,5.8452888,68,3.6431315
0.6284375,3.2140594,5.770228,68,3.7150872
0.7102754,3.2462614,5.838911,68,3.4168346
0.75300926,3.2610428,5.903568,68,3.5711744
