NVMe_from_ceph,NVMe_from_transfer,NVMe_total_util,num_workers,Goodput
0.90637577,3.2077816,5.836149,68,3.4698167
0.08234136,3.6210072,5.983406,68,3.2212203
-0.07500407,3.6425455,6.002237999999998,68,3.16138
0.091185495,4.024476,6.4422297,68,3.852822
