NVMe_from_ceph,NVMe_from_transfer,NVMe_total_util,num_workers,Goodput
0.8671938,3.5225697,6.0882335,52,3.649202
0.64151466,3.3270419,5.8642650000000005,52,3.4854386
0.26965900000000004,3.6445684,6.172181,52,3.856138
0.38224584,3.600856,6.131867,52,3.8483899
