NVMe_from_ceph,NVMe_from_transfer,NVMe_total_util,num_workers,Goodput
0.44352376,0.9812442,2.4870439,33,0.99574625
0.41516423,1.0735753,2.635815,33,1.0391676
0.26017797,1.0528706,2.6509495,33,1.0208969
0.71371245,1.0338022,2.629395,33,1.0414269
