NVMe_from_ceph,NVMe_from_transfer,NVMe_total_util,num_workers,Goodput
1.2361388,1.8370162,4.8675074999999985,68,1.6933812
1.4995288,2.3507893,5.543282,68,2.9969733
1.4348838,2.526657,5.706682700000001,68,3.1867642
1.511046,2.5334702,5.712348,68,3.2321606
