NVMe_from_ceph,NVMe_from_transfer,NVMe_total_util,num_workers,Goodput
0.474909,3.7661765,6.386076,54,3.8765016
0.3901671,3.3165133,5.75557,54,3.6752064
0.33916086,3.3950143,5.881042,54,3.5040934
0.4151574000000001,3.4121354,5.8970165,54,3.4888308
