NVMe_from_ceph,NVMe_from_transfer,NVMe_total_util,num_workers,Goodput
0.7126868000000001,2.9654047,5.7405243,54,3.5834074
0.47451282,3.3883061000000003,6.068995,54,3.491899
0.60911036,3.8488944,6.3773017,54,3.9836688
0.395367,2.63952,5.564624,54,3.095604
