NVMe_from_ceph,NVMe_from_transfer,NVMe_total_util,num_workers,Goodput
0.596958,3.5796550000000003,5.91875,53,3.4781482
-0.019990942,3.7367427,6.0910015,53,3.265597
1.0869248,3.793051,6.3178773,53,3.8844364
0.41055614,3.7114475,6.0997615,53,3.543821
