NVMe_from_ceph,NVMe_from_transfer,NVMe_total_util
0.596958,3.579655,5.91875
-0.019990942,3.7367427,6.0910015
1.0869248,3.793051,6.3178773
0.41055614,3.7114475,6.0997615
