CPU,CPU_count,Goodput,Memory_total,Memory_used,NIC_speed,NVMe_from_ceph,NVMe_from_transfer,NVMe_total_util,Storage_count,network_throughput,num_workers
1.1479999999515713,16.0,0.0,34359738368.0,91009024.0,100000000000.0,0.0,1590340.2666666668,0.014266666665207596,8.0,58582.933333333334,30.0
2.80066666668281,16.0,361663116.62332463,34359738368.0,547414016.0,100000000000.0,99474909.86666666,854557218.1333334,2.209266666664431,8.0,859544524.3333334,30.0
3.142666666644315,16.0,1003594405.7062864,34359738368.0,547414016.0,100000000000.0,134289817.6,1055227904.0000001,2.671133333335941,8.0,1039925792.4,30.0
2.7974143675974705,16.0,1023354470.4,34359738368.0,550412288.0,100000000000.0,134303816.60669065,796931582.5669732,2.320871651338812,8.0,821112705.9176329,30.0
2.9356452150754166,16.0,764547754.6666667,34359738368.0,550412288.0,100000000000.0,134126995.93197733,863772237.6792265,2.619873291095325,8.0,865132662.5541848,30.0
2.6883125542062913,16.0,906408834.7223148,34359738368.0,548016128.0,100000000000.0,49496086.93912927,770077220.0813386,1.9825988399280636,8.0,777992447.2298152,30.0
2.5613333333283657,16.0,675410022.3999999,34359738368.0,548016128.0,100000000000.0,19927313.066666666,707454020.2666667,1.9116666666658906,8.0,705730232.3333334,30.0
2.8686666666530067,16.0,725444168.2554497,34359738368.0,551854080.0,100000000000.0,19922944.0,876557653.3333333,2.171866666665301,8.0,880605677.2,30.0
2.945333333282421,16.0,953050843.3895593,34359738368.0,551854080.0,100000000000.0,19927313.066666666,904075400.5333333,2.3706000000024994,8.0,891546305.0,30.0
