NVMe_from_ceph,NVMe_from_transfer,NVMe_total_util,num_workers,Goodput
0.5814670999999999,4.0230169999999985,6.403128,54,3.424859
0.5911586,3.8112624,6.2015066,54,3.8169565
0.7223417,3.3299449999999995,5.8958526,54,3.455415
0.4599432,3.8343954,6.213492400000002,54,4.045535
