NVMe_from_ceph,NVMe_from_transfer,NVMe_total_util
0.5814671,4.023017,6.403128
0.5911586,3.8112624,6.2015066
0.7223417,3.329945,5.8958526
0.4599432,3.8343954,6.2134924
