NVMe_from_ceph,NVMe_from_transfer,NVMe_total_util,num_workers,Goodput
0.70732355,2.7509756000000003,4.898126,52,3.0179691
1.532921,3.68912,6.0876055,52,3.853869
1.4554112,3.552443,6.0281987,52,3.7313974
1.2686249,3.3343673,5.805568,52,3.6055987
