NVMe_from_ceph,NVMe_from_transfer,NVMe_total_util
0.70732355,2.7509756,4.898126
1.532921,3.68912,6.0876055
1.4554112,3.552443,6.0281987
1.2686249,3.3343673,5.805568
