NVMe_from_ceph,NVMe_from_transfer,NVMe_total_util,num_workers,Goodput
1.2969906,3.5672295,6.007545,52,3.9010987
0.11441777,3.6316361000000006,5.9835962999999985,52,3.3605366
-0.025106441,4.04472,6.296361,52,2.7061634
0.15645565,4.0355983,6.323843,52,3.3643122
