NVMe_from_ceph,NVMe_from_transfer,NVMe_total_util
1.2969906,3.5672295,6.007545
0.11441777,3.6316361,5.9835963
-0.025106441,4.04472,6.296361
0.15645565,4.0355983,6.323843
