NVMe_from_ceph,NVMe_from_transfer,NVMe_total_util,num_workers,Goodput
1.2602569,0.8749348,2.3517103,54,0.9330219
0.17856462,0.9354493,2.5161364,54,0.9537456
0.04919643,0.8549921999999999,2.336897,54,0.95562196
0.12582052,0.8448213,2.3148487,54,0.9261623
