CPU,CPU_count,Goodput,Memory_total,Memory_used,NIC_speed,NVMe_from_ceph,NVMe_from_transfer,NVMe_total_util,Storage_count,network_throughput,num_workers
1.1466666666790846,16.0,0.0,34359738368.0,97701888.0,100000000000.0,0.0,1494220.7999999998,0.012333333333178114,8.0,63882.066666666666,40.0
2.9113333332662776,16.0,364899805.8666667,34359738368.0,97701888.0,100000000000.0,37539020.800000004,936288529.0666666,2.301333333334575,8.0,909707084.3333334,40.0
2.6760000000086928,16.0,878811394.4403707,34359738368.0,554876928.0,100000000000.0,134289817.6,767300130.1333333,2.3068666666649125,8.0,769491419.4,40.0
2.698000000013659,16.0,886070954.6666665,34359738368.0,554876928.0,100000000000.0,134147822.93333334,722339703.4666667,2.1886666666638726,8.0,753351837.7333333,40.0
3.0379999999888243,16.0,778770295.4666667,34359738368.0,554876928.0,100000000000.0,134222097.06666666,951678020.2666665,2.6433333333348856,8.0,937332678.4,40.0
2.6286666667399308,16.0,792921361.0666667,34359738368.0,552976384.0,100000000000.0,102271112.53333335,692508808.5333333,2.0160000000032596,8.0,710935065.3333334,40.0
2.7039473683904163,16.0,711015628.8,34359738368.0,552976384.0,100000000000.0,19941052.63157895,829845557.894737,2.08552631579024,8.0,846272621.513158,40.0
3.04391891894409,16.0,935007955.197013,34359738368.0,554631168.0,100000000000.0,19908774.05405405,956513418.3783784,2.499864864862379,8.0,944680246.081081,40.0
2.686666666654249,16.0,895039756.8162124,34359738368.0,554631168.0,100000000000.0,19927313.066666666,746650009.6000001,2.246066666666108,8.0,767347793.8666667,40.0
