CPU,CPU_count,Goodput,Memory_total,Memory_used,NIC_speed,NVMe_from_ceph,NVMe_from_transfer,NVMe_total_util,Storage_count,network_throughput,num_workers
1.2615507700314674,16.0,0.0,34359738368.0,524771328.0,100000000000.0,0.0,1817652.9101940128,0.016067737849795347,8.0,811031.3354223615,10.0
1.5150989934451404,16.0,628848427.7048197,34359738368.0,529321984.0,100000000000.0,100481.83454436372,190314232.91780546,0.48996733551135396,8.0,189318602.4265049,10.0
2.8309887325647862,16.0,576716253.8666667,34359738368.0,529321984.0,100000000000.0,129892273.35155675,783848617.1078072,2.254550303349117,8.0,783656222.9481965,10.0
2.6333333333333333,16.0,744384989.8666667,34359738368.0,528977920.0,100000000000.0,134222097.06666666,619772313.6,1.866200000004998,8.0,625281221.7333333,10.0
2.735333333319674,16.0,803251024.2016133,34359738368.0,528977920.0,100000000000.0,134217728.0,757769011.1999999,2.165466666665937,8.0,755111857.0,10.0
2.7708609271856233,16.0,688962082.1333332,34359738368.0,526946304.0,100000000000.0,134183874.96688741,767764547.8145695,2.140000000000864,8.0,782214242.5827814,10.0
2.4906040268243856,16.0,675806685.8666667,34359738368.0,526946304.0,100000000000.0,22941998.389261745,627889310.0671141,1.6534899328850934,8.0,634399661.6778524,10.0
2.470666666670392,16.0,539293753.7497501,34359738368.0,528211968.0,100000000000.0,20020155.733333334,673534498.1333333,1.7341333333325262,8.0,677982458.8666667,10.0
2.4270381974783364,16.0,569559737.0491366,34359738368.0,528211968.0,100000000000.0,19851715.485634293,511488853.27644825,1.3519098726770176,8.0,598487133.4577695,10.0
