NVMe_from_ceph,NVMe_from_transfer,NVMe_total_util,num_workers,Goodput
12.316889,0.9301555,5.199741,85,0.9171544
19.775358,0.9632245,5.6534443,85,1.0493001
22.076824,0.95872486,5.6071777,85,1.000551
21.550272,0.94670826,5.5427155,85,0.9700489
