NVMe_from_ceph,NVMe_from_transfer,NVMe_total_util
12.316889,0.9301555,5.199741
19.775358,0.9632245,5.6534443
22.076824,0.95872486,5.6071777
21.550272,0.94670826,5.5427155
