NVMe_from_ceph,NVMe_from_transfer,NVMe_total_util,num_workers,Goodput
12.071287,3.6350262,6.332273000000002,53,3.8549001
13.514639,3.5452068,6.2821099999999985,53,3.7084386
14.452643,3.5047235,6.2566524,53,3.6818562
13.711223,3.600201,6.3336053,53,3.807544
