NVMe_from_ceph,NVMe_from_transfer,NVMe_total_util
12.071287,3.6350262,6.332273
13.514639,3.5452068,6.28211
14.452643,3.5047235,6.2566524
13.711223,3.600201,6.3336053
