NVMe_from_ceph,NVMe_from_transfer,NVMe_total_util,num_workers,Goodput
10.038041,3.5044289,6.2331330000000005,54,3.7249022
8.470096,3.2153945,6.0246086,54,3.5579422
5.622274,3.4185588,6.1297855000000006,54,3.5849736
9.886902,3.252978,6.034699400000001,54,3.660687
