NVMe_from_ceph,NVMe_from_transfer,NVMe_total_util
10.038041,3.5044289,6.233133
8.470096,3.2153945,6.0246086
5.622274,3.4185588,6.1297855
9.886902,3.252978,6.0346994
