NVMe_from_ceph,NVMe_from_transfer,NVMe_total_util,num_workers,Goodput
6.9719224,3.8040853,6.5846160000000005,58,4.047289
0.5654680000000001,3.4499059,6.1528907,58,3.3611455
0.6123419,3.4965923,6.1593657,58,3.4561293
1.6592199,3.3229175000000004,5.9301567,58,3.4086273
