NVMe_from_ceph,NVMe_from_transfer,NVMe_total_util
6.9719224,3.8040853,6.584616
0.565468,3.4499059,6.1528907
0.6123419,3.4965923,6.1593657
1.6592199,3.3229175,5.9301567
