NVMe_from_ceph,NVMe_from_transfer,NVMe_total_util
4.751045,2.1750438,5.6246767
3.459876,2.7985947,5.9191227
2.293317,2.618559,5.87001
2.5779116,2.826613,5.97608
