NVMe_from_ceph,NVMe_from_transfer,NVMe_total_util,num_workers,Goodput
4.751045,2.1750438,5.6246767,69,2.3786678
3.4598760000000004,2.7985947,5.9191227,69,3.3616927
2.293317,2.618559,5.87001,69,3.3070288
2.5779116,2.826613,5.9760800000000005,69,3.3303673
