NVMe_from_ceph,NVMe_from_transfer,NVMe_total_util,num_workers,Goodput
0.42358997,0.756944,2.364641,54,0.96554995
0.10764678,0.8040158000000001,2.4335294,54,0.9820618
0.18634501,0.83182657,2.5338345,54,0.9135114
0.16273270000000006,0.84845203,2.5631163,54,0.916872
