NVMe_from_ceph,NVMe_from_transfer,NVMe_total_util
0.42358997,0.756944,2.364641
0.10764678,0.8040158,2.4335294
0.18634501,0.83182657,2.5338345
0.1627327,0.84845203,2.5631163
