NVMe_from_ceph,NVMe_from_transfer,NVMe_total_util
0.64946896,3.577827,6.1453395
0.7148488,3.0644066,5.6131306
0.376081,3.371526,5.7528825
0.48520046,3.3907804,5.7802773
