NVMe_from_ceph,NVMe_from_transfer,NVMe_total_util,num_workers,Goodput
0.64946896,3.577827,6.1453395,59,3.7164323
0.7148488000000001,3.0644066000000003,5.6131306,59,3.348226
0.376081,3.371526,5.7528825,59,3.522959
0.48520046,3.3907804,5.7802773,59,3.5312932
