NVMe_from_ceph,NVMe_from_transfer,NVMe_total_util
0.5699459,3.5508249,5.8660164
0.5761974,3.315856,5.675118
0.4273656,3.7608378,6.0593023
0.5830044,3.3656025,5.720855
