NVMe_from_ceph,NVMe_from_transfer,NVMe_total_util,num_workers,Goodput
0.5699459,3.5508248999999994,5.8660164,52,3.4883523
0.5761974,3.315856,5.675118,52,3.195887
0.4273656,3.7608378,6.0593023,52,3.644617
0.5830044,3.3656025,5.720855,52,3.567602
