NVMe_from_ceph,NVMe_from_transfer,NVMe_total_util
0.43343303,3.532866,7.564167
0.11720345,3.8274393,7.5932245
0.06346205,4.184283,7.6270185
0.20458484,4.380857,7.656263
