NVMe_from_ceph,NVMe_from_transfer,NVMe_total_util
1.4349334,4.2560887,7.5897346
1.4408859,4.5313644,7.650677
1.30665,4.7610626,7.6926694
1.6601287,4.4890537,7.6349497
