NVMe_from_ceph,NVMe_from_transfer,NVMe_total_util
1.9820776,4.3051004,7.6351233
0.29628298,4.3031855,7.6199307
0.13754173,4.320253,7.619299
0.17333056,4.1903567,7.588637
