CPU,CPU_count,Goodput,Memory_total,Memory_used,NIC_speed,NVMe_from_ceph,NVMe_from_transfer,NVMe_total_util,Storage_count,network_throughput,num_workers
1.1906666666579744,16.0,0.0,34359738368.0,79052800.0,100000000000.0,0.0,1913651.1999999997,0.01679999999857197,8.0,1008750.1333333333,50.0
2.582361175920363,16.0,220050936.7291153,34359738368.0,79052800.0,100000000000.0,79830633.15778948,829381704.1530566,1.9133391107233595,8.0,825795997.4001733,50.0
3.2256817120917876,16.0,992892518.3999999,34359738368.0,540340224.0,100000000000.0,134226676.44509634,1003396019.4679644,2.6703780252026426,8.0,983313692.7795186,50.0
3.102135254913753,16.0,953912111.4592359,34359738368.0,540340224.0,100000000000.0,134342951.2791697,888882093.2108151,2.807232101540061,8.0,921390562.1074898,50.0
2.826195118627585,16.0,890835670.995671,34359738368.0,540123136.0,100000000000.0,134094772.54084587,746074571.6398844,2.3478787063815507,8.0,753418444.563975,50.0
2.6193333333358164,16.0,554950735.268602,34359738368.0,540123136.0,100000000000.0,66274372.266666666,684374971.7333332,2.1293999999994413,8.0,678587672.0,50.0
2.673333333370586,16.0,818789826.5217682,34359738368.0,539029504.0,100000000000.0,19922944.0,667327146.6666666,2.0242666666687,8.0,673407275.3333334,50.0
2.8319999999987586,16.0,639752993.5337645,34359738368.0,539029504.0,100000000000.0,19927313.066666666,784481757.8666667,2.3509333333330384,8.0,785430060.0,50.0
2.8473333332998054,16.0,787787510.7913669,34359738368.0,537972736.0,100000000000.0,19922944.0,775815714.1333334,2.4621333333333797,8.0,779914464.5333333,50.0
