CPU,CPU_count,Goodput,Memory_total,Memory_used,NIC_speed,NVMe_from_ceph,NVMe_from_transfer,NVMe_total_util,Storage_count,network_throughput,num_workers
1.2306666666952273,16.0,117513.23245116993,34359738368.0,115580928.0,100000000000.0,2184.5333333333333,1590340.2666666668,0.014733333332696929,8.0,1455483.6,80.0
3.711333333297322,16.0,344249424.62830853,34359738368.0,115580928.0,100000000000.0,98286523.73333333,1138124663.4666667,2.485533333334994,8.0,1120224994.9333334,80.0
3.1039999999416374,16.0,1056243200.0,34359738368.0,579444736.0,100000000000.0,134222097.06666666,796031931.7333333,2.539066666665409,8.0,813928247.2,80.0
3.1626666667250296,16.0,825714936.3375776,34359738368.0,579444736.0,100000000000.0,134497348.26666668,911601664.0,2.75146666666648,8.0,921781484.3333334,80.0
2.738666666671634,16.0,824541969.0666667,34359738368.0,579063808.0,100000000000.0,133942476.8,668250931.2,2.16359999999792,8.0,658015370.9333333,80.0
2.910000000055879,16.0,760433227.8151877,34359738368.0,579063808.0,100000000000.0,50541363.199999996,849330722.1333334,2.285733333336733,8.0,866258201.8,80.0
3.123999999929219,16.0,847644482.3678422,34359738368.0,576409600.0,100000000000.0,19927313.066666666,886310775.4666667,2.5272666666637327,8.0,899258646.0666667,80.0
3.0254511800092554,16.0,856136640.5760384,34359738368.0,577896448.0,100000000000.0,19894315.594632115,853209770.0799896,2.5774443048834725,8.0,859042686.2563628,80.0
3.1381698379576486,16.0,906364168.7887474,34359738368.0,577896448.0,100000000000.0,19956467.693135213,845094332.0110266,2.566933369197381,8.0,850392073.4216366,80.0
