NVMe_from_ceph,NVMe_from_transfer,NVMe_total_util,num_workers,Goodput
0.96622765,0.78300035,2.423829,54,0.9023124
0.19857712,0.729504,2.202321,54,0.86430603
0.14059736,0.9166649,2.8553975,54,0.94149023
0.22208324,0.8889786,2.781621,54,0.9545704
