CPU,CPU_count,Goodput,Memory_total,Memory_used,NIC_speed,NVMe_from_ceph,NVMe_from_transfer,NVMe_total_util,Storage_count,network_throughput,num_workers
1.311112592503767,16.0,0.0,34359738368.0,122482688.0,100000000000.0,0.0,1756247.7168188784,0.016398906740466436,8.0,1467267.3155122993,80.0
2.622974865028255,16.0,217566444.6963131,34359738368.0,122482688.0,100000000000.0,81586836.45576371,824022678.8452564,1.802786852459314,8.0,812515494.6996466,80.0
3.226666666660458,16.0,862327603.1999999,34359738368.0,585502720.0,100000000000.0,134217728.0,915123404.8,2.7880666666644776,8.0,913638289.2,80.0
2.7720000000049674,16.0,814393480.5333334,34359738368.0,586584064.0,100000000000.0,134222097.06666666,719106594.1333333,2.3324666666662472,8.0,741365250.7333333,80.0
3.0233333333395422,16.0,809489203.2,34359738368.0,586584064.0,100000000000.0,134217728.0,829763037.8666667,2.5494000000006056,8.0,831293179.7333333,80.0
2.9926666666443147,16.0,853279781.983346,34359738368.0,583147520.0,100000000000.0,64736460.800000004,825765614.9333332,2.5270000000038033,8.0,824635451.2666667,80.0
2.820666666670392,16.0,612892034.0691812,34359738368.0,583147520.0,100000000000.0,19922944.0,758825779.1999999,2.2385999999940394,8.0,763472682.3333334,80.0
3.129333333329608,16.0,953576159.4560363,34359738368.0,587726848.0,100000000000.0,19927313.066666666,923623970.1333333,2.6835333333331315,8.0,921798040.9333333,80.0
2.897333333361894,16.0,921757569.9713314,34359738368.0,587726848.0,100000000000.0,19922944.0,775852032.0000001,2.300066666667893,8.0,796082202.7333333,80.0
