NVMe_from_ceph,NVMe_from_transfer,NVMe_total_util
0.4374037,0.8050716,2.3980062
0.08190787,0.8641484,2.4367404
0.10155898,0.9018936,2.517867
0.4673126,0.96569383,2.667185
