NVMe_from_ceph,NVMe_from_transfer,NVMe_total_util,num_workers,Goodput
0.4374037,0.8050716,2.3980062,54,1.0227425
0.08190787,0.8641484,2.4367404,54,0.9796394
0.10155898,0.9018936,2.517867,54,0.9540378
0.4673126,0.96569383,2.667185,54,1.0106097
