NVMe_from_ceph,NVMe_from_transfer,NVMe_total_util,num_workers,Goodput
0.59573305,4.1271900000000015,6.7273397,85,4.300623
0.421005,3.8014762,6.4064,85,3.6869042
0.33121467,3.7682006,6.3579373,85,3.5152204
0.49331456,3.8160617,6.441935,85,3.7884219
