NVMe_from_ceph,NVMe_from_transfer,NVMe_total_util,num_workers,Goodput
0.58471584,3.7113953,6.272827,54,3.6800256
-0.17543583,4.3366690000000006,6.6791773,54,3.303466
0.12160295,3.6496203,6.086708,54,3.5548563
0.04769951,4.2861433,6.678635000000001,54,3.0848167
