NVMe_from_ceph,NVMe_from_transfer,NVMe_total_util
0.70707154,4.1338353,6.5004287
0.72713524,3.890453,6.1827292
0.63712627,3.137794,5.5742216
0.3109044,3.7451973,6.4998875
