NVMe_from_ceph,NVMe_from_transfer,NVMe_total_util,num_workers,Goodput
0.70707154,4.1338352999999985,6.5004287000000005,85,4.1343975
0.72713524,3.890453,6.1827292,85,3.759796
0.63712627,3.137794,5.5742216,85,3.5810707
0.3109044,3.7451973,6.4998875,85,3.847964
