CPU,CPU_count,Goodput,Memory_total,Memory_used,NIC_speed,NVMe_from_ceph,NVMe_from_transfer,NVMe_total_util,Storage_count,network_throughput,num_workers
1.2133333333767953,16.0,0.0,34359738368.0,110587904.0,100000000000.0,0.0,1258291.2,0.009866666667706643,8.0,184196.8,50.0
2.0386666666405895,16.0,1012010632.5333332,34359738368.0,110587904.0,100000000000.0,26494020.266666666,531005713.0666666,1.0472666666687775,8.0,529342436.46666664,50.0
2.6973333333929377,16.0,537828094.1396093,34359738368.0,557899776.0,100000000000.0,134217728.0,792277811.2,2.213133333332371,8.0,783925229.5333333,50.0
2.401039930594304,16.0,738113570.1333333,34359738368.0,557899776.0,100000000000.0,134280865.54229718,581313898.5400974,1.793680421303741,8.0,576797880.0079995,50.0
3.2070138009424154,16.0,1140722073.6,34359738368.0,558673920.0,100000000000.0,134156766.7177812,1012109611.5741049,2.780985399026571,8.0,1006824508.6339089,50.0
3.4639999999975166,16.0,1049780587.427505,34359738368.0,558673920.0,100000000000.0,111712665.6,1093288755.2,3.2598666666657663,8.0,1128736084.2,50.0
3.2700000000186265,16.0,749525674.6666667,34359738368.0,558993408.0,100000000000.0,19922944.0,899445555.1999999,2.547866666668172,8.0,903438574.2,50.0
3.7619999999801315,16.0,870415941.3294219,34359738368.0,558993408.0,100000000000.0,19927313.066666666,761196817.0666667,2.2478666666681724,8.0,765155579.6,50.0
3.1200000000186265,16.0,771531199.2533832,34359738368.0,558993408.0,100000000000.0,19922944.0,861340467.2000002,2.3037333333302135,8.0,864795181.6666666,50.0
