NVMe_from_ceph,NVMe_from_transfer,NVMe_total_util
0.4215639,0.8512695,2.5580392
0.056661427,0.9363037,2.712019
0.10751478,0.9805841,2.7924104
0.09791194,1.0357573,2.8972733
