NVMe_from_ceph,NVMe_from_transfer,NVMe_total_util,num_workers,Goodput
0.4215639,0.8512695,2.5580392000000005,53,0.8718301
0.056661427,0.9363037,2.712019,53,0.927778
0.10751478,0.9805841,2.7924104,53,0.9859494
0.09791194,1.0357573,2.8972733,53,1.0455526
