NVMe_from_ceph,NVMe_from_transfer,NVMe_total_util,num_workers,Goodput
1.2164513,2.0291681,4.283564599999999,54,3.1926453
1.3022568,2.5006475,4.8760285,54,2.9069922
1.5583861,2.3651772,4.807094599999999,54,2.864275
1.3603292,2.797207,5.253759400000002,54,3.3439512
