NVMe_from_ceph,NVMe_from_transfer,NVMe_total_util
1.2164513,2.0291681,4.2835646
1.3022568,2.5006475,4.8760285
1.5583861,2.3651772,4.8070946
1.3603292,2.797207,5.2537594
