NVMe_from_ceph,NVMe_from_transfer,NVMe_total_util,num_workers,Goodput
3.0224433,3.3690057,5.897073000000002,57,3.7387278
0.24954464,3.1048825,5.466064,57,3.5564637
-0.08545981,3.6370263,5.9907355,57,3.132898
-0.041293208,3.645475100000001,5.9873949999999985,57,3.1246939
