NVMe_from_ceph,NVMe_from_transfer,NVMe_total_util,num_workers,Goodput
0.84486145,2.7940621,5.4674845,65,3.2735457
0.86745167,2.6363382,5.3342605,65,3.0589335
0.34405574,3.2823617,5.7227225,65,3.8568013
0.33712268,3.5582898000000003,5.9978747000000014,65,3.5175443
