NVMe_from_ceph,NVMe_from_transfer,NVMe_total_util
0.84486145,2.7940621,5.4674845
0.86745167,2.6363382,5.3342605
0.34405574,3.2823617,5.7227225
0.33712268,3.5582898,5.9978747
