NVMe_from_ceph,NVMe_from_transfer,NVMe_total_util,num_workers,Goodput
0.60036963,3.5942638,6.0509324,54,3.726587
0.6866281,3.412592,5.993876,54,3.50035
0.5473256,3.8912294,6.322642,54,3.9499972
0.64076936,3.6533102999999993,6.181249,54,3.812321
