NVMe_from_ceph,NVMe_from_transfer,NVMe_total_util
0.60036963,3.5942638,6.0509324
0.6866281,3.412592,5.993876
0.5473256,3.8912294,6.322642
0.64076936,3.6533103,6.181249
