NVMe_from_ceph,NVMe_from_transfer,NVMe_total_util,num_workers,Goodput
0.8274369,3.4249694,6.146587,66,3.45901
0.35746327,3.5075784,6.1743865,66,3.8503935
0.32480326,3.6425536,6.2747216,66,3.5992086
0.31124282,3.9140508,6.4884005,66,4.067952
