NVMe_from_ceph,NVMe_from_transfer,NVMe_total_util,num_workers,Goodput
0.40142843,3.2445307,5.9966370000000015,53,3.533453
0.20506428,3.4532778,6.0794415,53,3.3852704
0.5044997,3.4456975,6.101021299999998,53,3.419886
0.11231137,3.8055136,6.333382599999998,53,4.0495033
