NVMe_from_ceph,NVMe_from_transfer,NVMe_total_util,num_workers,Goodput
0.5881781,4.004715,6.3515440000000005,85,3.7799056
0.6015625,3.7492747,6.1854510000000005,85,3.5191474
0.42631003,3.6399522000000006,6.0690317,85,3.5429003
0.3791721,4.0955114,6.441823,85,3.8597312
