NVMe_from_ceph,NVMe_from_transfer,NVMe_total_util
0.5881781,4.004715,6.351544
0.6015625,3.7492747,6.185451
0.42631003,3.6399522,6.0690317
0.3791721,4.0955114,6.441823
