NVMe_from_ceph,NVMe_from_transfer,NVMe_total_util
1.3030951,0.8582063,2.4871202
-0.01861758,0.8578338,2.3836863
0.037281387,0.94986963,2.7434742
0.07266909,0.95313066,2.7669652
