NVMe_from_ceph,NVMe_from_transfer,NVMe_total_util,num_workers,Goodput
1.3030951000000002,0.8582063,2.4871202,54,0.8042961
-0.01861758,0.8578338,2.3836863,54,0.9600512
0.037281387,0.94986963,2.7434742,54,0.89657533
0.07266909,0.95313066,2.7669652,54,0.90155274
