NVMe_from_ceph,NVMe_from_transfer,NVMe_total_util,num_workers,Goodput
1.1827712,1.9286698,4.5951543,54,2.312925
1.6137921,2.1899064,5.0448265,54,2.5027854
1.4916377,2.6154904,5.3936696,54,3.1659672
1.3958948999999998,2.9722686,5.839638,54,3.5122285
