NVMe_from_ceph,NVMe_from_transfer,NVMe_total_util
1.1827712,1.9286698,4.5951543
1.6137921,2.1899064,5.0448265
1.4916377,2.6154904,5.3936696
1.3958949,2.9722686,5.839638
