NVMe_from_ceph,NVMe_from_transfer,NVMe_total_util,num_workers,Goodput
0.03550469,1.0089236,2.7730882,36,0.9618411
0.17415339,1.148488,3.0388055,36,1.2055037
0.29052690000000003,1.2094442,3.12842,36,1.407443
0.68042356,1.1479646,3.035866,36,1.2116067
