NVMe_from_ceph,NVMe_from_transfer,NVMe_total_util
0.71463287,3.1770782,5.775372
0.58799046,3.3224978,5.837689
0.52814233,3.1519017,5.728972
0.49707535,3.3121605,5.9094486
