NVMe_from_ceph,NVMe_from_transfer,NVMe_total_util,num_workers,Goodput
0.8458805,3.719519,6.1081953,85,3.6770585
0.0058298996,3.6362271,6.0179243,85,3.0979137
0.09840539,3.5948176,5.9554795999999985,85,3.5280786
0.67892843,4.0413365,6.5609009999999985,85,3.9642084
