NVMe_from_ceph,NVMe_from_transfer,NVMe_total_util,num_workers,Goodput
0.52829725,3.604764700000001,6.101888,53,3.8008971
0.34777078,3.132365,5.859051,53,3.5090883
0.37435025,3.9034455,6.410963,53,3.9478989
0.31327942,3.6286275,6.133675599999999,53,3.8045263
