NVMe_from_ceph,NVMe_from_transfer,NVMe_total_util,num_workers,Goodput
0.5283648,0.7865956999999999,2.3249052000000003,54,0.93054295
0.1864524,0.86357903,2.4415095,54,0.9644683
0.17021538,0.8819884,2.5601540000000003,54,0.9385475
0.47686696,1.0156916,3.011009,54,1.0502021
