NVMe_from_ceph,NVMe_from_transfer,NVMe_total_util
0.5283648,0.7865957,2.3249052
0.1864524,0.86357903,2.4415095
0.17021538,0.8819884,2.560154
0.47686696,1.0156916,3.011009
