NVMe_from_ceph,NVMe_from_transfer,NVMe_total_util,num_workers,Goodput
0.6267156,3.760647,5.89401,68,3.7985716
0.46645948,3.4319851000000003,5.6286263,68,3.469491
0.19159445,3.5692725,5.6547227,68,3.3704112
0.3191098,3.4266727,5.5400047,68,3.324593
