NVMe_from_ceph,NVMe_from_transfer,NVMe_total_util
0.29409322,3.387889,5.8767114
-0.039877374,3.3257802,5.784597
0.34101394,3.6341994,6.164234
-0.025765263,3.7240312,6.178983
