NVMe_from_ceph,NVMe_from_transfer,NVMe_total_util,num_workers,Goodput
0.29409322,3.387889,5.8767114000000005,52,3.5099154
-0.039877374,3.3257802000000005,5.784597,52,3.5912828
0.34101394,3.6341994,6.164234,52,3.8527727
-0.025765263,3.7240312000000007,6.1789830000000014,52,3.3424125
