NVMe_from_ceph,NVMe_from_transfer,NVMe_total_util,num_workers,Goodput
0.6775474,4.0357027,6.6434784,53,3.6043913
0.69893575,4.355104,6.893389699999998,53,4.0070534
0.5318163,3.079846,5.760026,53,3.6021132
0.4214537,2.9294913,5.7621627,53,3.4398177
