CPU,CPU_count,Goodput,Memory_total,Memory_used,NIC_speed,NVMe_from_ceph,NVMe_from_transfer,NVMe_total_util,Storage_count,network_throughput,num_workers
1.2691153922624787,16.0,0.0,34359738368.0,75964416.0,100000000000.0,2184.3877074861675,1668872.2085194318,0.015732284518540862,8.0,3142948.936737551,40.0
2.3889592640030877,16.0,210312191.99999997,34359738368.0,533606400.0,100000000000.0,79557269.68464565,736828317.6211747,1.6816454430274708,8.0,729257592.0394692,40.0
3.4543030464672944,16.0,950332889.8073461,34359738368.0,533606400.0,100000000000.0,134213149.52336508,1161153608.426105,2.9262715818943543,8.0,1170937218.6520898,40.0
3.1633333333147067,16.0,1082475407.3681421,34359738368.0,534216704.0,100000000000.0,134217728.0,1034858222.9333332,2.686866666669569,8.0,1044164208.1333333,40.0
2.570971398113076,16.0,847390602.5357213,34359738368.0,534216704.0,100000000000.0,134231045.80305356,672662930.595373,1.9257950530002739,8.0,684016751.2500833,40.0
2.491033931093612,16.0,701842097.9934671,34359738368.0,534216704.0,100000000000.0,66475286.71421905,643049883.0744618,1.9284714352417796,8.0,642613554.496367,40.0
2.9676645109375936,16.0,758337262.9333334,34359738368.0,535158784.0,100000000000.0,19928641.642776184,880026105.2070137,2.109273951592085,8.0,903178376.8251216,40.0
3.002000000017385,16.0,1045010979.3986266,34359738368.0,535158784.0,100000000000.0,19992849.066666666,1055816908.7999998,2.4296666666651925,8.0,1059691145.0,40.0
2.6739999999602633,16.0,864539443.2,34359738368.0,530878464.0,100000000000.0,19857408.0,820420061.8666666,1.9726000000043615,8.0,813891926.6,40.0
