CPU,CPU_count,Goodput,Memory_total,Memory_used,NIC_speed,NVMe_from_ceph,NVMe_from_transfer,NVMe_total_util,Storage_count,network_throughput,num_workers
1.1733333333395422,16.0,128375.46666666666,34359738368.0,81489920.0,100000000000.0,0.0,1651507.2000000002,0.015133333338114124,8.0,863676.3333333334,50.0
1.8319999999987582,16.0,54553258.666666664,34359738368.0,546979840.0,100000000000.0,64663278.933333345,364926020.26666665,0.8887333333317656,8.0,365359949.8666667,50.0
3.1123408227177896,16.0,627238707.2,34359738368.0,546979840.0,100000000000.0,134296586.1724115,1018020533.6355758,2.6403760250665838,8.0,1009492649.6433095,50.0
3.175333333356927,16.0,999811208.5333333,34359738368.0,546979840.0,100000000000.0,134150007.46666667,962259899.7333333,2.849133333332914,8.0,967128206.4,50.0
2.8759999999466044,16.0,998138436.2666667,34359738368.0,541908992.0,100000000000.0,134217728.0,862461132.8000001,2.407733333331999,8.0,879893476.0,50.0
3.105333333338301,16.0,875637691.7333333,34359738368.0,541908992.0,100000000000.0,79206809.60000001,925350024.5333333,2.706400000001304,8.0,914399989.2666667,50.0
2.810666666707645,16.0,848999355.7333333,34359738368.0,540172288.0,100000000000.0,19922944.0,765873083.7333333,2.238866666667551,8.0,781613183.4666667,50.0
2.739333333354444,16.0,833399430.5012914,34359738368.0,536309760.0,100000000000.0,19927313.066666666,820472217.6,2.2253999999995964,8.0,835475690.4666667,50.0
2.5606666666766014,16.0,720434718.9261745,34359738368.0,536309760.0,100000000000.0,19922944.0,664607129.5999999,1.9307999999960885,8.0,656905457.0,50.0
