NVMe_from_ceph,NVMe_from_transfer,NVMe_total_util,num_workers,Goodput
1.1655905,3.0552037,5.2792664,54,3.629737
1.3514398,3.4390697,5.5805783,54,3.3212676
1.6304259,3.3888903,5.81134,54,3.5432026
1.4158181,3.286230600000001,5.67133,54,3.4677532
