NVMe_from_ceph,NVMe_from_transfer,NVMe_total_util,num_workers,Goodput
0.68606997,3.8199654,6.325101,85,3.6214755
0.53985333,3.5913062000000004,6.0527215,85,3.6491656
0.42063835,3.738132,6.177954,85,3.6200233
0.4962532,4.160723,6.637825500000001,85,4.131072
