NVMe_from_ceph,NVMe_from_transfer,NVMe_total_util
0.68606997,3.8199654,6.325101
0.53985333,3.5913062,6.0527215
0.42063835,3.738132,6.177954
0.4962532,4.160723,6.6378255
