NVMe_from_ceph,NVMe_from_transfer,NVMe_total_util,num_workers,Goodput
0.8553844,3.4935598,6.1461267,54,3.612902
0.4318781,3.7797966,6.2524347,54,3.9523525
0.38916782,3.7234628,6.1795444,54,3.7113488
0.2510581,3.7452838,6.1738230000000005,54,3.8052447
