NVMe_from_ceph,NVMe_from_transfer,NVMe_total_util
1.0645751,0.91240245,2.6989722
0.06358525,1.0470861,2.8387733
0.064945884,0.9899093,2.762024
0.18990988,1.0815998,2.8718145
