NVMe_from_ceph,NVMe_from_transfer,NVMe_total_util,num_workers,Goodput
1.0645751,0.91240245,2.6989722,52,0.81692326
0.06358525,1.0470860999999998,2.8387733,52,1.0622497
0.06494588400000001,0.9899093,2.7620240000000003,52,0.9904988
0.18990988,1.0815998,2.8718145,52,1.1312628
