CPU,CPU_count,Goodput,Memory_total,Memory_used,NIC_speed,NVMe_from_ceph,NVMe_from_transfer,NVMe_total_util,Storage_count,network_throughput,num_workers
1.4848989932836036,16.0,0.0,34359738368.0,106594304.0,100000000000.0,3277.0184678978594,1503059.137275818,0.013400893392954952,8.0,2710828.388559237,20.0
1.8124125058441192,16.0,929345194.6666665,34359738368.0,106594304.0,100000000000.0,19851715.485634293,268669312.1791881,0.5185654289739784,8.0,269670451.30324644,20.0
2.980394322681888,16.0,719982318.9333333,34359738368.0,562429952.0,100000000000.0,134238952.0075109,838077974.705915,2.3047440216468744,8.0,844258080.0243,20.0
3.139998318315026,16.0,840325265.4176944,34359738368.0,562429952.0,100000000000.0,134190925.081981,892563620.2808374,2.4735558732031553,8.0,895470897.5868157,20.0
2.872991532806106,16.0,699498769.0666667,34359738368.0,564662272.0,100000000000.0,134231045.80305353,786353078.4718981,2.1076738449199217,8.0,803193448.0965397,20.0
2.717333333287388,16.0,800122914.1333334,34359738368.0,564662272.0,100000000000.0,117300701.86666667,681070592.0,1.8862000000042218,8.0,687918852.5333333,20.0
2.846666666616996,16.0,743841001.2622068,34359738368.0,561106944.0,100000000000.0,19997218.133333333,801369019.7333335,2.1361333333266277,8.0,804997470.0666667,20.0
2.753016465602487,16.0,842869355.4559444,34359738368.0,561106944.0,100000000000.0,19851715.485634293,721298473.4351043,1.877874808352784,8.0,727712795.9469368,20.0
3.2063470898432427,16.0,727526058.6666665,34359738368.0,561831936.0,100000000000.0,19928641.642776184,899045920.3946929,2.2326155076981538,8.0,910375299.5533035,20.0
