NVMe_from_ceph,NVMe_from_transfer,NVMe_total_util,num_workers,Goodput
0.42269942,0.8226744,2.312039,54,0.9181744
0.37565368,0.89254475,2.4895074,54,0.99183536
0.28211907,0.989422,2.6721737,54,1.0235517
0.7483178,0.9318061,2.5883136,54,0.9446554
