NVMe_from_ceph,NVMe_from_transfer,NVMe_total_util
0.2062053,3.408463,5.9653225
-0.11644118,3.2948961,5.880756
0.31968996,3.4321487,6.0444283
0.059802588,3.5528245,6.110339
