NVMe_from_ceph,NVMe_from_transfer,NVMe_total_util,num_workers,Goodput
0.2062053,3.408463,5.9653225,65,3.4930778
-0.11644118,3.2948961000000003,5.880756,65,3.789674
0.31968996,3.4321487,6.0444283,65,3.44199
0.059802588,3.5528245000000003,6.110339,65,3.3242307
