NVMe_from_ceph,NVMe_from_transfer,NVMe_total_util
0.52786744,3.2515922,5.751585
0.20340464,3.2759826,5.735085
0.69574183,3.3123958,5.967958
0.5586427,3.7285635,6.298855
