NVMe_from_ceph,NVMe_from_transfer,NVMe_total_util,num_workers,Goodput
0.52786744,3.2515922,5.751585,68,3.8289092
0.20340464,3.2759826000000003,5.735085,68,3.8204
0.69574183,3.3123958,5.967958,68,3.5344493
0.5586426999999999,3.7285635,6.2988550000000005,68,3.6788156
