NVMe_from_ceph,NVMe_from_transfer,NVMe_total_util
0.6608098,3.5888984,5.962333
0.5112935,3.1244566,5.5542645
0.5466326,3.9129136,6.1721697
0.44072607,3.091807,5.6663275
