NVMe_from_ceph,NVMe_from_transfer,NVMe_total_util,num_workers,Goodput
0.6608098000000001,3.5888984,5.962333,66,3.8173084
0.5112935000000001,3.1244566000000003,5.5542645,66,3.510712
0.5466326,3.9129136,6.1721697,66,3.6363533
0.44072607,3.091807,5.6663275,66,3.6558979
