CPU,CPU_count,Goodput,Memory_total,Memory_used,NIC_speed,NVMe_from_ceph,NVMe_from_transfer,NVMe_total_util,Storage_count,network_throughput,num_workers
1.2213333333532015,16.0,127684.2877141524,34359738368.0,106184704.0,100000000000.0,0.0,1572864.0,0.013799999995778004,8.0,556559.2666666667,50.0
3.127999999995033,16.0,364934784.4522968,34359738368.0,106184704.0,100000000000.0,104442538.66666667,1010545459.1999999,2.522466666672457,8.0,1014638039.0666667,50.0
3.2333333333333334,16.0,1015332331.5444247,34359738368.0,563486720.0,100000000000.0,134217728.0,1065264196.2666665,2.8312666666655186,8.0,1057993819.4,50.0
2.89800000001366,16.0,1054112798.4974511,34359738368.0,563630080.0,100000000000.0,134222097.06666666,896305834.6666667,2.447133333334932,8.0,900928439.5333333,50.0
2.9666666666356223,16.0,833136784.0522702,34359738368.0,563630080.0,100000000000.0,134287633.06666666,801301026.1333333,2.639466666665006,8.0,818218800.5333333,50.0
2.8973333333618942,16.0,781585339.7333332,34359738368.0,564994048.0,100000000000.0,45232947.199999996,837609335.4666667,2.420933333328382,8.0,818160608.3333334,50.0
2.440000000006209,16.0,849112439.4666667,34359738368.0,564994048.0,100000000000.0,19922944.0,618320418.1333333,1.6675333333376328,8.0,642340110.9333333,50.0
2.633691087198765,16.0,480068130.1333334,34359738368.0,564994048.0,100000000000.0,19925984.667688824,669542683.2877809,1.9184721018605122,8.0,709571720.0186654,50.0
3.417694513030866,16.0,903582208.0,34359738368.0,567926784.0,100000000000.0,19924272.28481899,914251832.2554837,2.6238415894380545,8.0,1043788501.4334289,50.0
