CPU,CPU_count,Goodput,Memory_total,Memory_used,NIC_speed,NVMe_from_ceph,NVMe_from_transfer,NVMe_total_util,Storage_count,network_throughput,num_workers
1.2126666666318973,16.0,18840.343977068194,34359738368.0,132616192.0,100000000000.0,2184.5333333333333,1668983.4666666668,0.01573333332974774,8.0,1426917.0,80.0
3.44066666662693,16.0,561084445.6297086,34359738368.0,132616192.0,100000000000.0,107863517.86666667,1212697531.7333333,2.810399999999208,8.0,1209572357.2,80.0
3.1473333333308497,16.0,966188782.9333334,34359738368.0,132616192.0,100000000000.0,134222097.06666666,881289079.4666667,2.7460000000040354,8.0,885601969.0666667,80.0
2.886666666685293,16.0,683139003.7333333,34359738368.0,574042112.0,100000000000.0,134217728.0,708074973.8666667,2.332133333332604,8.0,696482093.6666666,80.0
3.078666666677843,16.0,767375769.5999999,34359738368.0,574042112.0,100000000000.0,134222097.06666666,827314722.1333334,2.5517333333341714,8.0,840574505.6,80.0
3.1599999999627473,16.0,886691939.0486287,34359738368.0,576270336.0,100000000000.0,42362470.39999999,856701883.7333333,2.5609333333326507,8.0,875649822.2,80.0
2.9000000000310444,16.0,868424269.4217093,34359738368.0,576270336.0,100000000000.0,19927313.066666666,761820774.3999999,2.4402000000001864,8.0,768701808.4666667,80.0
2.9313333332849045,16.0,807272209.0666666,34359738368.0,580636672.0,100000000000.0,19922944.0,781194308.2666668,2.2122666666672255,8.0,803241176.4,80.0
3.2358742004884937,16.0,762056977.0666667,34359738368.0,580636672.0,100000000000.0,19916690.831556503,854567846.4818764,2.6326625799514454,8.0,930825656.9163114,80.0
