CPU,CPU_count,Goodput,Memory_total,Memory_used,NIC_speed,NVMe_from_ceph,NVMe_from_transfer,NVMe_total_util,Storage_count,network_throughput,num_workers
4.213333333345751,16.0,0.0,34359738368.0,40935424.0,100000000000.0,7549747.200000001,1179648.0,0.028666666666201008,8.0,5091828.466666667,90.0
1.5746666667672495,16.0,523091114.66666675,34359738368.0,40935424.0,100000000000.0,2184.5333333333333,317613670.4,0.40199999999992236,8.0,260812911.66666666,90.0
3.0133333332526187,16.0,867855452.8312411,34359738368.0,40935424.0,100000000000.0,127506841.60000001,879286408.5333333,2.4036666666642605,8.0,911850572.6,90.0
3.1193333333668614,16.0,765041297.2256728,34359738368.0,504008704.0,100000000000.0,134222097.06666666,889765068.8000001,2.8596666666679087,8.0,902568210.6666666,90.0
2.9666666666356227,16.0,967131136.0,34359738368.0,504008704.0,100000000000.0,134217728.0,817482410.6666666,2.4935333333327434,8.0,829757066.9333333,90.0
3.3860000000024835,16.0,879581593.6000001,34359738368.0,503173120.0,100000000000.0,134222097.06666666,1040222344.5333333,3.090400000001925,8.0,1042891436.2666667,90.0
2.837999999988824,16.0,871882703.0716723,34359738368.0,503173120.0,100000000000.0,25655159.46666666,758345454.9333333,2.27306666666603,8.0,768038363.1333333,90.0
2.980666666695227,16.0,757305844.486589,34359738368.0,507084800.0,100000000000.0,19927313.066666666,799739084.8,2.2769333333359096,8.0,795416132.5333333,90.0
2.895999999996275,16.0,851532521.831878,34359738368.0,507084800.0,100000000000.0,19922944.0,775261115.7333333,2.3623999999971907,8.0,794653017.4666667,90.0
