NVMe_from_ceph,NVMe_from_transfer,NVMe_total_util,num_workers,Goodput
0.73247534,0.79105526,2.2745864,54,0.93336695
0.13741848,0.86400276,2.429743,54,0.9762992
0.10144425,0.904534,2.570711,54,0.9510506
0.0040352363,0.8816265999999999,2.503942,54,0.9326751
