NVMe_from_ceph,NVMe_from_transfer,NVMe_total_util,num_workers,Goodput
0.87019557,2.9473748,5.6949377,68,3.3997269
0.48221374,2.9149718,5.595636,68,3.382461
0.35278028,3.2321112000000003,6.0303435,68,3.7439373
0.31892177,3.2600775,6.047524,68,3.8491633
