NVMe_from_ceph,NVMe_from_transfer,NVMe_total_util,num_workers,Goodput
1.9174953,2.4767845,5.4021482,52,2.8774033
0.078622706,3.3437288,5.7478724,52,3.4975185
0.089454144,3.7223217000000006,6.1279435,52,3.650517
0.011754717,3.8434405,6.190509,52,3.2661521
