NVMe_from_ceph,NVMe_from_transfer,NVMe_total_util
0.69168586,3.2390294,5.865356
0.6019181,3.0733013,5.725599
0.6597752,3.083002,5.740186
0.3871929,3.0825915,5.6996646
