NVMe_from_ceph,NVMe_from_transfer,NVMe_total_util,num_workers,Goodput
0.69168586,3.2390294,5.8653559999999985,54,3.7116902
0.6019181,3.0733013,5.725599,54,3.600014
0.6597751999999999,3.083002,5.7401860000000005,54,3.6021712
0.3871929,3.0825915,5.699664599999998,54,3.438544
