CPU,CPU_count,Goodput,Memory_total,Memory_used,NIC_speed,NVMe_from_ceph,NVMe_from_transfer,NVMe_total_util,Storage_count,network_throughput,num_workers
1.1966666667101284,16.0,0.0,34359738368.0,78667776.0,100000000000.0,0.0,1756364.8,0.015000000000388052,8.0,902470.8666666667,8.0
2.2748344370737574,16.0,237397412.9724685,34359738368.0,78667776.0,100000000000.0,90138040.794702,506940219.3377484,1.5791390728477592,8.0,500771868.6092715,8.0
2.5080536912389153,16.0,603861381.6921128,34359738368.0,534155264.0,100000000000.0,134203653.15436243,612199430.8724831,1.8920805369114704,8.0,624705952.2818792,8.0
2.603333333383004,16.0,632186035.5976269,34359738368.0,534155264.0,100000000000.0,134222097.06666666,661823488.0,1.9949333333313313,8.0,652646820.2666667,8.0
2.6193333332737287,16.0,626534799.3866256,34359738368.0,533311488.0,100000000000.0,134217728.0,626054485.3333333,1.9384000000020025,8.0,636670767.3333334,8.0
2.4160000000149005,16.0,637825578.5614293,34359738368.0,533209088.0,100000000000.0,57745954.13333333,608995191.4666667,1.7290000000017849,8.0,618732068.3333334,8.0
2.4846666666368646,16.0,572939435.4290285,34359738368.0,533209088.0,100000000000.0,19992849.066666666,629219601.0666666,1.7197333333315328,8.0,633401340.0666667,8.0
6.478768082170076,16.0,631070071.4666666,34359738368.0,533209088.0,100000000000.0,19856084.261049267,571497806.2795814,1.776881541230507,8.0,578121608.4261049,8.0
3.5677045136665306,16.0,607057726.8182122,34359738368.0,533147648.0,100000000000.0,19924272.284818985,501546311.08740574,1.4024268284535226,8.0,509010806.6537769,8.0
