NVMe_from_ceph,NVMe_from_transfer,NVMe_total_util,num_workers,Goodput
0.8924631,2.7896922,5.60876,54,3.200685
1.6329263,2.8225749,6.341232,54,3.2517166
1.6419542,2.8839204,5.990677400000001,54,3.2513738
1.5762166000000002,3.1631367000000004,6.2362145999999985,54,3.664053
