NVMe_from_ceph,NVMe_from_transfer,NVMe_total_util
0.8924631,2.7896922,5.60876
1.6329263,2.8225749,6.341232
1.6419542,2.8839204,5.9906774
1.5762166,3.1631367,6.2362146
