NVMe_from_ceph,NVMe_from_transfer,NVMe_total_util
0.8738032,1.0732366,2.7017088
-0.01152316,0.7632684,1.9604787
0.08864767,0.9547245,2.4181168
0.2406434,1.041164,2.600424
