NVMe_from_ceph,NVMe_from_transfer,NVMe_total_util,num_workers,Goodput
0.8738031999999999,1.0732366000000002,2.7017088,33,1.0584998
-0.01152316,0.7632684000000001,1.9604787,33,0.77214926
0.08864767,0.9547245,2.4181168,33,0.9464048
0.2406434,1.041164,2.6004240000000003,33,1.0476656
