NVMe_from_ceph,NVMe_from_transfer,NVMe_total_util,num_workers,Goodput
0.6919053000000001,4.281891000000001,6.5518,85,3.857034
0.8021329,3.281932,5.811282,85,3.6750858
0.6119439,2.979317,5.4963145,85,3.0145416
0.47871965,4.6581087,6.690286,85,4.529128
