NVMe_from_ceph,NVMe_from_transfer,NVMe_total_util
-0.24902554,3.6662452,6.18701
0.1885673,4.363046,6.75771
1.1113678,3.7250588,6.3304043
0.33152303,4.2253947,6.668363
