NVMe_from_ceph,NVMe_from_transfer,NVMe_total_util,num_workers,Goodput
-0.24902554,3.666245200000001,6.18701,85,3.4404974
0.1885673,4.363046,6.75771,85,4.2998667
1.1113678,3.7250588,6.3304043,85,3.6547704
0.33152303,4.2253947,6.668363,85,4.247364
