NVMe_from_ceph,NVMe_from_transfer,NVMe_total_util,num_workers,Goodput
1.6063079,3.24452,5.9326377,52,3.3610501
0.48112282,3.5167904,6.287363,52,3.716645
0.038231973,3.266042,5.905354,52,3.4955523
0.22240569,3.7969673,6.185745,52,3.9187577
