NVMe_from_ceph,NVMe_from_transfer,NVMe_total_util
1.6063079,3.24452,5.9326377
0.48112282,3.5167904,6.287363
0.038231973,3.266042,5.905354
0.22240569,3.7969673,6.185745
