NVMe_from_ceph,NVMe_from_transfer,NVMe_total_util,num_workers,Goodput
0.60675746,0.87909055,2.354185,54,0.9706932
0.24840343,0.9279568,2.526758,54,0.9578097
0.12521958,0.9843546,2.6698813,54,1.0262396
0.1970785,0.8888761000000001,2.3963873,54,0.99190784
