NVMe_from_ceph,NVMe_from_transfer,NVMe_total_util
0.60675746,0.87909055,2.354185
0.24840343,0.9279568,2.526758
0.12521958,0.9843546,2.6698813
0.1970785,0.8888761,2.3963873
