NVMe_from_ceph,NVMe_from_transfer,NVMe_total_util,num_workers,Goodput
0.7514024,3.3826249,5.908412,68,3.562159
0.32291564,3.5341074,6.0090494,68,3.3844554
0.20617029,3.322121,5.744174,68,3.8357604
0.33783498,3.3762822,5.822381,68,3.566699
