NVMe_from_ceph,NVMe_from_transfer,NVMe_total_util
0.7514024,3.3826249,5.908412
0.32291564,3.5341074,6.0090494
0.20617029,3.322121,5.744174
0.33783498,3.3762822,5.822381
