NVMe_from_ceph,NVMe_from_transfer,NVMe_total_util
-0.2274256,3.4132195,5.8934093
0.09820307,3.9583948,6.3442264
-0.14891915,3.6876554,6.032861
0.00888174,3.6266649,5.980193
