NVMe_from_ceph,NVMe_from_transfer,NVMe_total_util,num_workers,Goodput
-0.2274256,3.4132195,5.8934093,53,3.247182
0.09820307,3.9583948,6.3442264,53,3.8478549
-0.14891915,3.6876554,6.0328610000000005,53,3.506857
0.00888174,3.6266649,5.980193,53,3.3157363
