NVMe_from_ceph,NVMe_from_transfer,NVMe_total_util,num_workers,Goodput
0.67058206,3.2559414,5.675679,66,3.66433
0.66327727,3.5759811000000004,5.9253774,66,3.7549062
0.5241448000000001,3.101752,5.533034,66,3.6631136
0.361738,3.2277164000000003,5.6386660000000015,66,3.576925
