NVMe_from_ceph,NVMe_from_transfer,NVMe_total_util,num_workers,Goodput
1.453949,1.2879881000000002,4.2094316,54,1.1529777
1.6306111,1.7470987,4.788759,54,2.1029265
1.6533433000000002,2.8537972000000003,5.7387557000000005,54,3.3686154
1.4861218,3.0098484,5.87068,54,3.5395596
