NVMe_from_ceph,NVMe_from_transfer,NVMe_total_util
1.453949,1.2879881,4.2094316
1.6306111,1.7470987,4.788759
1.6533433,2.8537972,5.7387557
1.4861218,3.0098484,5.87068
