NVMe_from_ceph,NVMe_from_transfer,NVMe_total_util
0.82204175,1.0975922,2.9586494
0.273766,0.9252889,2.7144296
0.2582066,1.0425601,2.8734374
0.37565395,0.8993942,2.6222441
