NVMe_from_ceph,NVMe_from_transfer,NVMe_total_util,num_workers,Goodput
0.7072448,3.953230000000001,6.495025599999999,85,4.136905
-0.040130153,3.5624876000000003,6.095662,85,3.153841
0.68786573,3.5592222,6.308371,85,3.5309608
0.50678295,4.4889135,6.9472203,85,4.4149055
