NVMe_from_ceph,NVMe_from_transfer,NVMe_total_util
0.7072448,3.95323,6.4950256
-0.040130153,3.5624876,6.095662
0.68786573,3.5592222,6.308371
0.50678295,4.4889135,6.9472203
