NVMe_from_ceph,NVMe_from_transfer,NVMe_total_util,num_workers,Goodput
0.7410315,4.4139686,6.335677,69,3.9299152
0.65493804,3.0189795,5.6019830000000015,69,3.4059505
0.5272288,2.5560846,5.3795730000000015,69,2.9676888
0.29744777,3.1024885,5.73344,69,3.6283839
