NVMe_from_ceph,NVMe_from_transfer,NVMe_total_util,num_workers,Goodput
0.6638637,3.8360956,5.927484,69,3.5506923
0.3218751,4.39663,6.254011,69,3.9318688
0.30166245,3.8102047,5.8279347,69,3.3844914
0.78127724,3.8475153,5.9291797,69,3.6744106
