CPU,CPU_count,Goodput,Memory_total,Memory_used,NIC_speed,NVMe_from_ceph,NVMe_from_transfer,NVMe_total_util,Storage_count,network_throughput,num_workers
1.1662110807387163,16.0,0.0,34359738368.0,110256128.0,100000000000.0,0.0,1778328.6885792385,0.015667711177873613,8.0,632700.9800653376,30.0
3.0166666666356226,16.0,531781146.1120678,34359738368.0,110256128.0,100000000000.0,114364689.06666663,1017705267.2,2.45726666667227,8.0,1011795967.0666667,30.0
2.760666666707645,16.0,805690717.4875857,34359738368.0,569712640.0,100000000000.0,134219912.53333333,728932352.0,2.3049999999968955,8.0,741455960.6666666,30.0
2.8579999999764065,16.0,837335995.7333333,34359738368.0,569712640.0,100000000000.0,134287633.06666666,837598139.7333333,2.5042666666675357,8.0,846487513.5333333,30.0
2.7120000000111757,16.0,797951061.2707514,34359738368.0,568725504.0,100000000000.0,134152192.0,691255978.6666666,2.2072000000004968,8.0,690876703.6,30.0
2.8436770881879117,16.0,718887321.6,34359738368.0,568725504.0,100000000000.0,36837514.299046725,852817726.8182123,2.3087794147031406,8.0,855450609.026065,30.0
2.30762050804132,16.0,690887154.7230185,34359738368.0,568881152.0,100000000000.0,19928641.642776184,555141401.9601307,1.4472964864333133,8.0,565712378.0918728,30.0
3.7733333333395427,16.0,775477043.1999999,34359738368.0,568250368.0,100000000000.0,19922944.0,902982587.7333332,2.5000666666678932,8.0,905477867.2666667,30.0
3.4417218542380237,16.0,935182609.0666668,34359738368.0,568250368.0,100000000000.0,19934228.34437086,883005914.7019868,2.287218543045171,8.0,877999822.384106,30.0
