CPU,CPU_count,Goodput,Memory_total,Memory_used,NIC_speed,NVMe_from_ceph,NVMe_from_transfer,NVMe_total_util,Storage_count,network_throughput,num_workers
1.1240000000223516,16.0,0.0,34359738368.0,118910976.0,100000000000.0,0.0,1756364.8,0.014533333332898718,8.0,382426.4,30.0
2.6186666666840512,16.0,214621007.13285783,34359738368.0,118910976.0,100000000000.0,64662186.66666668,685980057.6,1.6186666666665892,8.0,1080599822.8666666,30.0
4.086260915910379,16.0,906398730.5820388,34359738368.0,575250432.0,100000000000.0,134208780.7479501,893975140.8572762,2.4261715885620045,8.0,4681136729.418039,30.0
4.459763984290455,16.0,857911920.8763161,34359738368.0,575250432.0,100000000000.0,134263815.98773253,866761826.7884526,2.4206947129801977,8.0,884902403.5602373,30.0
5.019999999987583,16.0,742622290.5127747,34359738368.0,575250432.0,100000000000.0,134182775.46666667,699522525.8666666,2.057200000000497,8.0,711341516.0666667,30.0
2.8333333333333335,16.0,803106455.3029797,34359738368.0,574017536.0,100000000000.0,79276714.66666667,851238912.0000001,2.1867999999977963,8.0,861978217.9333333,30.0
2.5326666666815676,16.0,836903185.0666667,34359738368.0,574017536.0,100000000000.0,19922944.0,696706935.4666666,1.9668000000024524,8.0,684627182.7333333,30.0
2.608666666659216,16.0,743846837.7891859,34359738368.0,574230528.0,100000000000.0,19927313.066666666,709207654.4,1.8643999999990533,8.0,718448810.8,30.0
2.8239999999913077,16.0,730095069.8666667,34359738368.0,574230528.0,100000000000.0,19922944.0,859710805.3333333,2.321066666666108,8.0,866522898.1333333,30.0
