CPU,CPU_count,Goodput,Memory_total,Memory_used,NIC_speed,NVMe_from_ceph,NVMe_from_transfer,NVMe_total_util,Storage_count,network_throughput,num_workers
1.2113333332973224,16.0,0.0,34359738368.0,81944576.0,100000000000.0,0.0,1826269.8666666667,0.016399999995095036,8.0,116585.93333333333,50.0
1.9504033065083206,16.0,17017752.573212035,34359738368.0,504721408.0,100000000000.0,241715606.15958935,373556237.5841611,1.13152456502816,8.0,368437783.6144257,50.0
3.8891331867111782,16.0,864656731.4102135,34359738368.0,504721408.0,100000000000.0,1342073271.2372577,849580645.2128723,4.622226664009355,8.0,847775931.4411353,50.0
3.6004002668321373,16.0,664335974.4,34359738368.0,506130432.0,100000000000.0,1343212565.1767845,677048579.5863909,4.406804536351078,8.0,683801336.4242828,50.0
4.00066666668281,16.0,830613469.8666667,34359738368.0,506130432.0,100000000000.0,1341206254.9333334,864213128.5333333,4.768533333340504,8.0,857907739.2666667,50.0
3.611333333390454,16.0,835544816.8471401,34359738368.0,504983552.0,100000000000.0,1135957333.3333333,765671833.6000001,4.314066666655708,8.0,783385451.9333333,50.0
3.151999999955297,16.0,810025070.984144,34359738368.0,504983552.0,100000000000.0,201407419.73333335,824361779.1999999,2.6023333333432674,8.0,835311595.0,50.0
3.1213333332911133,16.0,815709894.540364,34359738368.0,505679872.0,100000000000.0,201256686.93333334,833537638.4,2.8975999999946604,8.0,828752130.0,50.0
2.6390240651293797,16.0,653758050.0033336,34359738368.0,505679872.0,100000000000.0,201389624.6916872,568916679.154723,2.217585494304478,8.0,575803891.6738884,50.0
