NVMe_from_ceph,NVMe_from_transfer,NVMe_total_util,num_workers,Goodput
1.1164418,3.5061896,5.906932,57,3.505642
0.33151612,3.643411,5.9826484,57,3.4074786
0.28354585,3.59774,5.8967667,57,3.8344493
0.23543741,3.6011157,5.906027,57,3.6720939
