NVMe_from_ceph,NVMe_from_transfer,NVMe_total_util
1.1457039,3.5026405,5.7364984
0.19341962,3.5167353,5.70021
0.5807924,3.2378821,5.367836
-0.010964814,3.5083287,5.672947
