NVMe_from_ceph,NVMe_from_transfer,NVMe_total_util,num_workers,Goodput
1.1457038999999998,3.5026405,5.7364984,49,3.5284488
0.19341962,3.5167353,5.70021,49,3.3030581
0.5807924,3.2378821,5.3678360000000005,49,3.2078571
-0.010964814,3.5083287000000003,5.672947,49,3.0976293
