NVMe_from_ceph,NVMe_from_transfer,NVMe_total_util,num_workers,Goodput
0.66350204,3.423238,5.8421555,65,3.4078233
0.57020056,3.480686,5.8781870000000005,65,3.5292916
0.60221606,3.410085,5.8222265,65,3.6507745
0.67045313,3.3454518,5.801372,65,3.8384354
