NVMe_from_ceph,NVMe_from_transfer,NVMe_total_util,num_workers,Goodput
0.67946225,0.7502333000000001,2.2324882,54,0.8901781
0.21386851,0.7855418000000001,2.410902,54,0.9711101
0.19453579,0.7711821,2.3493578,54,0.91956455
0.1899056,0.7744443,2.3352308,54,0.9074962
