NVMe_from_ceph,NVMe_from_transfer,NVMe_total_util
0.67946225,0.7502333,2.2324882
0.21386851,0.7855418,2.410902
0.19453579,0.7711821,2.3493578
0.1899056,0.7744443,2.3352308
