NVMe_from_ceph,NVMe_from_transfer,NVMe_total_util,num_workers,Goodput
1.0412388,0.6366811,1.7527993000000002,54,0.81049335
0.1131001,0.7498045,1.9310747,54,0.8704282
0.13947842,0.8166896,2.104717,54,0.88930213
0.27576485,0.8557733000000001,2.2191076,54,0.883569
