NVMe_from_ceph,NVMe_from_transfer,NVMe_total_util
0.73128855,3.4185073,5.936612
0.68414366,3.5293627,6.05027
0.47415975,3.4658127,5.9719205
0.583736,3.109657,5.5647163
