NVMe_from_ceph,NVMe_from_transfer,NVMe_total_util,num_workers,Goodput
0.73128855,3.4185072999999995,5.936612,55,3.31572
0.68414366,3.5293627,6.0502699999999985,55,3.6870914
0.47415975,3.4658127,5.9719205,55,3.421671
0.5837359999999999,3.109657,5.5647163,55,3.5542574
