NVMe_from_ceph,NVMe_from_transfer,NVMe_total_util,num_workers,Goodput
1.8900061,3.1807375,5.569851,68,3.4666057
0.53566515,3.2483675,5.6515055,68,3.680607
-0.24950048,3.754818,5.9208984,68,3.0768108
0.2391548,3.36794,5.607875,68,3.4663033
