NVMe_from_ceph,NVMe_from_transfer,NVMe_total_util
1.2670587,3.8844728,6.115817
0.62838256,3.883439,6.1714106
0.107288964,4.038619,6.202579
0.38620988,4.0327206,6.236859
