CPU,CPU_count,Goodput,Memory_total,Memory_used,NIC_speed,NVMe_from_ceph,NVMe_from_transfer,NVMe_total_util,Storage_count,network_throughput,num_workers
1.1593333333109817,16.0,0.0,34359738368.0,85073920.0,100000000000.0,1092.2666666666667,1494220.7999999998,0.013133333332370966,8.0,229143.6,10.0
1.6739999999913078,16.0,542873644.3762916,34359738368.0,85073920.0,100000000000.0,0.0,187159620.26666665,0.5220666666650989,8.0,186300027.0,10.0
2.7193333333047733,16.0,538974730.7512833,34359738368.0,541896704.0,100000000000.0,130235323.73333333,690182826.6666667,2.064533333334839,8.0,694164234.4666667,10.0
2.4596026490584313,16.0,774062211.0807387,34359738368.0,541896704.0,100000000000.0,134231616.42384106,577833841.589404,1.732384105963133,8.0,573288491.3245033,10.0
2.7436241610225722,16.0,564092458.9027399,34359738368.0,539910144.0,100000000000.0,134208051.54362416,746924018.2550335,2.171275167784188,8.0,758497838.7248322,10.0
2.5363642424173656,16.0,780952234.6666667,34359738368.0,539910144.0,100000000000.0,134208780.7479501,620422083.8610759,1.849543363773498,8.0,612912509.4327046,10.0
2.5453333332824215,16.0,698176034.1333333,34359738368.0,541081600.0,100000000000.0,23352661.333333336,697740765.8666666,1.754333333337369,8.0,709708748.6,10.0
2.7043136209279304,16.0,685773564.6376425,34359738368.0,541081600.0,100000000000.0,19924272.284818985,730986759.1172744,1.9334622308115066,8.0,739024843.9229282,10.0
2.255999999959022,16.0,557862092.8000001,34359738368.0,538652672.0,100000000000.0,19927313.066666666,537158997.3333334,1.4760000000028717,8.0,537390378.9333333,10.0
