NVMe_from_ceph,NVMe_from_transfer,NVMe_total_util,num_workers,Goodput
0.54016936,3.6852937,5.923089,68,3.6166945
0.6024252,3.631923200000001,5.988826,68,3.4846442
0.6526061,3.2533834,5.757662,68,3.816578
0.54443973,3.4002913999999995,5.7790184,68,3.6300204
