NVMe_from_ceph,NVMe_from_transfer,NVMe_total_util
0.54016936,3.6852937,5.923089
0.6024252,3.6319232,5.988826
0.6526061,3.2533834,5.757662
0.54443973,3.4002914,5.7790184
