NVMe_from_ceph,NVMe_from_transfer,NVMe_total_util,num_workers,Goodput
1.0152913,3.6814735,5.748678,49,3.565382
0.30810386,3.6240025,5.5935864,49,3.3166344
0.39262286,3.6105943,5.621596,49,3.7692182
0.3537613,3.5599093,5.5021105000000015,49,3.3656695
