NVMe_from_ceph,NVMe_from_transfer,NVMe_total_util,num_workers,Goodput
1.0036527,3.1552043,5.4338684,66,3.4256678
1.1470858999999998,3.7256272,5.97472,66,3.495839
1.428476,3.949734,6.5403833,66,4.01542
1.0454158000000002,3.626982,6.1814117,66,3.7124443
