NVMe_from_ceph,NVMe_from_transfer,NVMe_total_util,num_workers,Goodput
1.6258290000000002,3.3486242,5.893808,52,3.4095285
0.09857601,3.8831758,6.1646714000000005,52,3.8587217
0.20150582,3.842275,6.127268,52,3.7629428
0.37067014,3.9615233,6.2114615,52,3.6809711
