NVMe_from_ceph,NVMe_from_transfer,NVMe_total_util
1.625829,3.3486242,5.893808
0.09857601,3.8831758,6.1646714
0.20150582,3.842275,6.127268
0.37067014,3.9615233,6.2114615
