NVMe_from_ceph,NVMe_from_transfer,NVMe_total_util,num_workers,Goodput
0.95619726,0.765104,2.1679661,54,0.8406197
0.23575154,0.8786463,2.4831686,54,0.99577564
0.16648529999999995,0.87037194,2.4725888,54,0.98393
0.2131243,0.8395627,2.365267,54,0.95823586
