NVMe_from_ceph,NVMe_from_transfer,NVMe_total_util,num_workers,Goodput
5.6009,3.1815372,6.0184083,65,3.6132815
1.38163,3.1969247000000003,6.115273,65,3.6087506
2.8019624,3.2456605,6.1836667,65,3.6735213
0.41691464,3.3002145,6.254354,65,3.9019608
