NVMe_from_ceph,NVMe_from_transfer,NVMe_total_util
7.227971,1.4685946,3.870497
13.095895,2.1513424,4.844592
11.538797,2.2864232,4.969493
14.621891,2.534888,5.2383175
