NVMe_from_ceph,NVMe_from_transfer,NVMe_total_util,num_workers,Goodput
7.227971000000001,1.4685946,3.870497,65,1.0686756
13.095895,2.1513424,4.844592,65,2.3510618
11.538797,2.2864232,4.969493,65,2.6361973
14.621891,2.534888,5.2383175,65,3.1940563
