NVMe_from_ceph,NVMe_from_transfer,NVMe_total_util,num_workers,Goodput
6.463883,3.4117298,6.1107879999999986,66,3.6320355
6.568622,3.2278695,6.0237594,66,3.577991
3.5492013,3.3288121,6.073617,66,3.5674136
6.0639353,3.479051,6.161271599999999,66,3.7516518
