NVMe_from_ceph,NVMe_from_transfer,NVMe_total_util
10.971577,0.48092553,3.0767982
1.6955962,0.48064786,3.0641491
0.5606926,0.571927,3.6400394
1.870432,0.58687294,3.7304008
