NVMe_from_ceph,NVMe_from_transfer,NVMe_total_util,num_workers,Goodput
10.971577,0.48092553,3.0767982000000003,54,0.534577
1.6955962,0.48064786,3.0641491000000003,54,0.55544287
0.5606926,0.5719270000000001,3.6400394,54,0.7973844
1.870432,0.58687294,3.7304008,54,0.82435465
