NVMe_from_ceph,NVMe_from_transfer,NVMe_total_util,num_workers,Goodput
1.2763724,3.5331984,5.8082805,57,3.5962973
0.07560511,3.3049753,5.4626517,57,3.2933326
-0.22391938,4.14778,6.298844,57,2.7996407
-0.42753065,3.6934533,5.808597,57,3.2033439
