NVMe_from_ceph,NVMe_from_transfer,NVMe_total_util
1.2763724,3.5331984,5.8082805
0.07560511,3.3049753,5.4626517
-0.22391938,4.14778,6.298844
-0.42753065,3.6934533,5.808597
