NVMe_from_ceph,NVMe_from_transfer,NVMe_total_util
0.5714627,3.4562092,5.6791234
1.097837,3.9945295,6.04605
1.3884314,4.0058546,6.4172153
1.2506102,3.7170303,6.101561
