NVMe_from_ceph,NVMe_from_transfer,NVMe_total_util,num_workers,Goodput
0.5714627,3.4562092000000004,5.679123400000001,52,3.0972447
1.0978370000000002,3.9945295,6.04605,52,3.4682388
1.3884313999999998,4.0058546,6.4172153,52,3.836624
1.2506102,3.7170303,6.101561,52,4.0910482
