NVMe_from_ceph,NVMe_from_transfer,NVMe_total_util
0.58351606,4.1165075,6.4939537
0.116542265,3.9080977,6.4190855
0.23704408,4.2064314,6.6194444
-0.05839383,3.9353015,6.368833
