NVMe_from_ceph,NVMe_from_transfer,NVMe_total_util,num_workers,Goodput
0.58351606,4.1165075,6.4939537000000005,85,4.0465937
0.116542265,3.9080977,6.4190855,85,3.7378814
0.23704408,4.2064314000000005,6.6194444,85,4.2579513
-0.05839383,3.9353015,6.368833,85,2.9747076
