NVMe_from_ceph,NVMe_from_transfer,NVMe_total_util,num_workers,Goodput
1.1214458,0.6791096,2.101633,54,0.8398356
0.07339493,0.8206986999999999,2.5034752,54,0.90106326
0.09661479,0.85872215,2.6320162,54,0.8297808
0.16214727,0.9024704,2.7460885,54,0.9484408
