NVMe_from_ceph,NVMe_from_transfer,NVMe_total_util
0.6534635,3.6301153,6.0603456
0.5562704,3.347579,5.773476
0.4002791,3.6731627,6.1211205
0.55704445,3.176067,5.721852
