NVMe_from_ceph,NVMe_from_transfer,NVMe_total_util,num_workers,Goodput
0.6534635,3.6301153,6.0603456,65,3.5873132
0.5562704,3.347579,5.7734760000000005,65,3.9054308
0.4002791,3.6731627,6.1211205,65,3.5554738
0.55704445,3.176067,5.721851999999998,65,3.833291
