CPU,CPU_count,Goodput,Memory_total,Memory_used,NIC_speed,NVMe_from_ceph,NVMe_from_transfer,NVMe_total_util,Storage_count,network_throughput,num_workers
1.1193333333047728,16.0,0.0,34359738368.0,97910784.0,100000000000.0,0.0,1494220.7999999998,0.012800000002607705,8.0,66815.33333333333,40.0
5.605492967202576,16.0,53701290.66666667,34359738368.0,106962944.0,100000000000.0,46658521.43190455,536216941.270582,1.3915072328499172,8.0,528656784.21438575,40.0
4.068404560321406,16.0,798975863.4666667,34359738368.0,106962944.0,100000000000.0,134263815.98773253,628194609.240616,1.8635909060616926,8.0,622269768.6512434,40.0
2.6703553095715225,16.0,544322188.9459296,34359738368.0,553680896.0,100000000000.0,134034029.73135124,705014682.2211852,2.2048530098001224,8.0,732313049.730018,40.0
2.9356623774632706,16.0,900362836.6108927,34359738368.0,553680896.0,100000000000.0,134335910.39402628,934276053.6035736,2.3737582505495087,8.0,934788817.3211547,40.0
3.092000000023594,16.0,882767633.0666666,34359738368.0,558731264.0,100000000000.0,94511650.13333333,921699123.2,2.6420666666623824,8.0,925547523.6,40.0
3.0646666666492823,16.0,984276992.0,34359738368.0,558731264.0,100000000000.0,19927313.066666666,922633830.4000001,2.6451333333350098,8.0,928702031.0,40.0
2.818000000001242,16.0,889973460.6307086,34359738368.0,554209280.0,100000000000.0,19922944.0,894031189.3333333,2.182400000000295,8.0,892597013.8666667,40.0
2.7986666666964695,16.0,799975560.5333333,34359738368.0,554209280.0,100000000000.0,19927313.066666666,846053649.0666667,2.163666666665813,8.0,851194523.7333333,40.0
