NVMe_from_ceph,NVMe_from_transfer,NVMe_total_util
1.3616567,2.0984437,5.104053
1.5817307,1.88669,4.844428
1.6010234,3.0646863,6.110933
1.4795427,2.8950105,5.8287473
