NVMe_from_ceph,NVMe_from_transfer,NVMe_total_util,num_workers,Goodput
1.3616567,2.0984437,5.104053,54,2.4749641
1.5817306999999998,1.88669,4.844428,54,2.394876
1.6010234,3.0646863,6.110933,54,3.6461227
1.4795427,2.8950105,5.8287473,54,3.263902
