NVMe_from_ceph,NVMe_from_transfer,NVMe_total_util
0.29456002,0.93227506,2.5786192
0.23321994,0.95286125,2.6369145
0.16501106,0.98756415,2.7136178
0.51342195,1.2293668,3.2676065
