NVMe_from_ceph,NVMe_from_transfer,NVMe_total_util,num_workers,Goodput
0.29456002,0.93227506,2.5786192000000003,36,0.9115994
0.23321994,0.95286125,2.6369145,36,0.91070426
0.16501106,0.98756415,2.7136178,36,0.99026203
0.51342195,1.2293668,3.2676065,36,1.4165599
