NVMe_from_ceph,NVMe_from_transfer,NVMe_total_util,num_workers,Goodput
0.6876605,3.9955938,6.350022,85,3.6792417
0.62934995,3.6074505,5.9669833,85,3.6682737
0.58565176,4.30233,6.52201,85,4.149496
0.5919828,3.1052237000000003,5.555781400000001,85,3.4392145
