NVMe_from_ceph,NVMe_from_transfer,NVMe_total_util,num_workers,Goodput
1.1234391,4.163793,6.7232413,69,4.151904
0.19448024,3.8550594,6.3888144,69,3.7218733
1.6301397,3.5975057999999995,6.3471503,69,3.4661837
0.85790944,4.3966956,6.9674377000000005,69,4.5554724
