NVMe_from_ceph,NVMe_from_transfer,NVMe_total_util
0.8425065,4.043411,6.404633
0.38300246,3.848458,6.21835
0.6801112,3.781699,6.2470737
0.53027135,4.0280776,6.4506397
