NVMe_from_ceph,NVMe_from_transfer,NVMe_total_util,num_workers,Goodput
0.8425065,4.043411,6.4046330000000005,53,3.4564514
0.38300246,3.848458,6.21835,53,4.043358
0.6801111999999999,3.781699,6.2470737000000005,53,3.8501241
0.53027135,4.0280776,6.450639700000001,53,3.4363763
