NVMe_from_ceph,NVMe_from_transfer,NVMe_total_util
0.80301064,0.7920264,2.4279578
0.11382133,0.8296471,2.4914186
0.14077605,0.87647396,2.7208664
0.14362769,0.9375757,2.9123044
