NVMe_from_ceph,NVMe_from_transfer,NVMe_total_util,num_workers,Goodput
0.80301064,0.7920264,2.4279578,54,1.0045118
0.11382133,0.8296471,2.4914186000000003,54,0.94517934
0.14077605,0.87647396,2.7208664,54,0.95999897
0.14362769,0.9375757,2.9123044,54,0.95397323
