NVMe_from_ceph,NVMe_from_transfer,NVMe_total_util
0.5901727,1.2260633,3.3980947
0.55797195,1.1143601,3.1964865
0.6063095,0.9842387,2.9782383
0.51646453,1.0356146,3.0809784
