NVMe_from_ceph,NVMe_from_transfer,NVMe_total_util,num_workers,Goodput
0.5901727,1.2260633,3.3980947,36,1.3797685
0.55797195,1.1143601,3.1964865,36,1.1726166
0.6063095000000001,0.9842387,2.9782383,36,0.9810095
0.51646453,1.0356146000000002,3.0809784,36,1.0303164
