NVMe_from_ceph,NVMe_from_transfer,NVMe_total_util,num_workers,Goodput
0.85476947,3.3974025,5.8793583,54,3.5511703
-0.046780262,3.6778953,6.1409072999999985,54,3.4017715
-0.11994589999999998,3.4611442,5.8460555,54,3.2187653
0.004912014,3.5252407,5.914462,54,3.2045379
