NVMe_from_ceph,NVMe_from_transfer,NVMe_total_util,num_workers,Goodput
0.9196194,3.6600735,6.02051,66,3.584255
0.40106407,3.5972416,5.9294660000000015,66,3.835118
0.2930061,3.5214480000000004,5.770906,66,3.3416777
0.34442896,3.5186718,5.7653155,66,3.3416777
