NVMe_from_ceph,NVMe_from_transfer,NVMe_total_util
0.5986283,3.5192373,5.8769045
0.6266717,3.41402,5.801422
0.5345269,3.1967268,5.616179
0.4567014,3.4201772,5.8673863
